seed,cso
0,0.16447751730971058
1,0.16460390561045452
2,0.16655617826324193
3,0.16675194046401867
4,0.16471789691095726
5,0.16721739950446837
6,0.16447981581723894
7,0.16658334337827826
8,0.16704906712112708
9,0.1656894499546037
10,0.16516573501525528
11,0.16656125564715007
12,0.1649041482756409
13,0.16516695024639652
14,0.1665791929034433
15,0.16527876224972185
16,0.1668960481560315
17,0.16525653162669895
18,0.16417400625904313
19,0.16425434667984193
20,0.1660475463918469
21,0.1642109157605512
22,0.16595714674782328
23,0.16447144811142378
24,0.16426304986387688
25,0.16614790727294193
26,0.1662686781690707
27,0.1656008385387715
28,0.16537669298543548
29,0.16495225052502202
30,0.16625878399733415
31,0.1676188181701379
32,0.16505753007475144
33,0.16581437421317868
34,0.16458770287393584
35,0.16432090726349408
36,0.164837802250906
37,0.16471923141898778
38,0.1645912015043048
39,0.16604475560383727
40,0.16646227948397843
41,0.16626453468920516
42,0.1653426600194063
43,0.16520387934431852
44,0.16513745132704571
45,0.16532673740069784
46,0.16443606823408363
47,0.164085424143101
48,0.16359713888140218
49,0.16586056630072923
50,0.16588033649994058
51,0.16391665435476302
52,0.1664764958522971
53,0.16510374465651598
54,0.16577211389083157
55,0.16410592850777428
56,0.166195400544494
57,0.16358199600343665
58,0.16479071760796818
59,0.16574033785038442
60,0.16476097534319745
61,0.1648143712349167
62,0.1668230992647734
63,0.1655973438430249
64,0.16418901286584073
65,0.16333704884606512
66,0.16291554440260247
67,0.16375818468276615
68,0.1644017655948253
69,0.16571616420449334
70,0.16743652019914604
71,0.16430823474949569
72,0.16559171014452367
73,0.16777991017657676
74,0.16599824533408816
75,0.16351372038357717
76,0.16449453033387818
77,0.1650500163976534
78,0.16545408427888844
79,0.1638274331450723
80,0.16500499985632172
81,0.16501633389472903
82,0.16402274363574532
83,0.16610613295979756
84,0.16652930858297474
85,0.16698353628287088
86,0.1656949550992062
87,0.16474991220183804
88,0.16468379518078596
89,0.16498799847493073
90,0.16565864310324402
91,0.16344543700306932
92,0.16638683999416196
93,0.1646489735912139
94,0.16503561728010252
95,0.16293417913956182
96,0.16467366396983737
97,0.16527613372306738
98,0.16393376815946126
99,0.1655554908903132
100,0.1671333646320545
101,0.16288518046923886
102,0.16551075987098876
103,0.1643046173005674
104,0.16620673487968152
105,0.16533951146147793
106,0.1661444504896471
107,0.16453560189451402
108,0.1666427486334928
109,0.16569979856515535
110,0.16562191818741268
111,0.16436424271656722
112,0.16362591657390016
113,0.16570657854947776
114,0.16555431238594967
115,0.16501787437411167
116,0.16609077155335172
117,0.16445190945083035
118,0.1656117334560296
119,0.1675081096147767
120,0.16458295050991908
121,0.16582072456852892
122,0.16419767351667433
123,0.16677269619528853
124,0.16456031596474757
125,0.16631484560776177
126,0.16390804324265498
127,0.16723950348462607
128,0.16532576961741818
129,0.1642826497929579
130,0.16548480448676445
131,0.16568985254571691
132,0.16489353608612375
133,0.1654837685952839
134,0.16567057487235579
135,0.16462702451827374
136,0.1650608326733096
137,0.16652577018900053
138,0.1653887273769706
139,0.16382732948687456
140,0.16491904319065745
141,0.1644864874831366
142,0.1645041454921744
143,0.1629810776823995
144,0.16371932610950213
145,0.16659744610587449
146,0.16621846342389798
147,0.1652154622201333
148,0.16564197884914
149,0.16431216694029993
150,0.1647741537043599
151,0.16614803746225804
152,0.16550071193148835
153,0.16481707914177404
154,0.16539904580691397
155,0.1643683479651811
156,0.16529231606763406
157,0.1665600149454328
158,0.16574025804653236
159,0.1652054625769625
160,0.1644725918000228
161,0.16542291518244645
162,0.16386641246738548
163,0.16587718127503703
164,0.16381727225371207
165,0.16291896859570945
166,0.16502398940907434
167,0.16632311738512404
168,0.16568532753519216
169,0.16531865098647244
170,0.1656171017708888
171,0.166022266675355
172,0.16459358089872203
173,0.16693178118840168
174,0.16590106627860304
175,0.16587227744225364
176,0.16387467040537557
177,0.16489608506839135
178,0.16424937949507598
179,0.163539240448644
180,0.16529270669850438
181,0.16502791355874166
182,0.16292012544078463
183,0.16386381198116293
184,0.16597911740476134
185,0.16486389704228224
186,0.16509407040338528
187,0.1649893344528185
188,0.1646964816163771
189,0.16326820446437498
190,0.16502923546412485
191,0.16583882913082956
192,0.16670908595041273
193,0.164396941855255
194,0.16534210901649773
195,0.16535551741590074
196,0.16537586432560178
197,0.1659376426260162
198,0.16629803943495558
199,0.16748892630455395
200,0.1652631265417418
201,0.16417352492985757
202,0.16374152716496687
203,0.16549162967129408
204,0.16454423178724364
205,0.1653797236371075
206,0.16634258932401338
207,0.16689384766279497
208,0.16561500963405557
209,0.1654974641953152
210,0.16452576393766813
211,0.16369026179934926
212,0.16531349072508617
213,0.1660152351047479
214,0.16328393538335378
215,0.16482906101651007
216,0.16529890403415182
217,0.16430200378543783
218,0.16475658532110257
219,0.16425877436704872
220,0.16474491924076318
221,0.16577375902520503
222,0.16575424230283853
223,0.16537089833308485
224,0.16574944607875985
225,0.16637370402034987
226,0.16704309254234967
227,0.16500384478182534
228,0.16620035711141615
229,0.1648467001111104
230,0.16478575573792903
231,0.16582294942464168
232,0.16504036622702728
233,0.16523236546346842
234,0.1637418311538196
235,0.16613555312077125
236,0.16648112141175417
237,0.16772093371428504
238,0.16652839275238282
239,0.16556920777506542
240,0.164511374983075
241,0.16840915339648962
242,0.1652198982557348
243,0.16665924303624596
244,0.16626861778688337
245,0.1663384156797417
246,0.1637327980237569
247,0.16556442544647082
248,0.16559373018742854
249,0.16554181339944143
250,0.1662986604179892
251,0.16520728079494196
252,0.16575686629889252
253,0.16456862096195576
254,0.16680031340615575
255,0.16427319893649225
256,0.16678480094247872
257,0.16264304119818548
258,0.16583477055673604
259,0.16670954534889473
260,0.16375907421985947
261,0.16653886160337356
262,0.1670912522112758
263,0.16433512979438114
264,0.16465834675956725
265,0.16541020622320632
266,0.16484709144016393
267,0.16379527265316182
268,0.16495051408952266
269,0.1662408549925397
270,0.16634531046531698
271,0.1668232395347575
272,0.1652473835803519
273,0.16505931345837702
274,0.16444482349031106
275,0.1663846832240506
276,0.1632446480334969
277,0.16378711455270714
278,0.16409665341567536
279,0.16533714603819835
280,0.16621076022575673
281,0.16535467453946792
282,0.16406690155852657
283,0.16595162329254204
284,0.1646518331139375
285,0.1665070949707286
286,0.16602522372468156
287,0.16417454504072387
288,0.16425356535025615
289,0.1657719325356479
290,0.16534160995936675
291,0.16627744035301517
292,0.165010791993126
293,0.16685868216603117
294,0.16500495086923786
295,0.16690743840032285
296,0.16705646287033157
297,0.16434543002555224
298,0.16612831500603498
299,0.1661520682322652
300,0.16605510130158507
301,0.16635260070539254
302,0.163368669334125
303,0.16513307038506894
304,0.16652075153345225
305,0.16416453327633798
306,0.16675596416848665
307,0.16572962785540937
308,0.16399711572427197
309,0.1660222369371462
310,0.1661526415407722
311,0.1649070257227945
312,0.16486099535605525
313,0.16530522888653626
314,0.164001005577591
315,0.16461744398720296
316,0.16539818817837704
317,0.1680206421823891
318,0.16578483681395276
319,0.16597414573189265
320,0.16459790470346694
321,0.16585223563905765
322,0.16623491605031404
323,0.16460593318484645
324,0.16464130195200796
325,0.1657451247898326
326,0.16504406241771427
327,0.1655069310972187
328,0.16614604240361847
329,0.16571278109387177
330,0.16583526165950138
331,0.16679495776387512
332,0.16502799807720558
333,0.16404401594988224
334,0.16475843063801707
335,0.16536865952511137
336,0.1640848638942884
337,0.16737893111467775
338,0.16490316397610336
339,0.16485091946225364
340,0.16809114166334047
341,0.16495031493234205
342,0.165173405230168
343,0.1641357193652017
344,0.16586137939940976
345,0.16576087862744754
346,0.16551279774940328
347,0.16477894596076692
348,0.16705496962212085
349,0.16592153444069702
350,0.16623331148089734
351,0.16582919171084815
352,0.16606767442745915
353,0.16491698994698717
354,0.16527810691659756
355,0.16583056470745403
356,0.16493836681172722
357,0.16572809326606597
358,0.16527092097572943
359,0.16572245053214796
360,0.1639116962123619
361,0.16304620351933496
362,0.16398245702756076
363,0.1652035395070164
364,0.1657551296428732
365,0.16446213125646061
366,0.16467427500687787
367,0.16649109408316637
368,0.165600296324161
369,0.1651966734775966
370,0.1656535553371515
371,0.16555706307596105
372,0.16745012535985654
373,0.16516348388663238
374,0.1658283753463378
375,0.16618284468806777
376,0.16381438334573456
377,0.16605364273622913
378,0.16464227396713274
379,0.1646051943781755
380,0.16655927707423723
381,0.16312741594259414
382,0.16546587531301868
383,0.16373933870095575
384,0.1647683660111945
385,0.16419630479468555
386,0.16671048203932926
387,0.165066051147897
388,0.1643532163812865
389,0.16481500226292192
390,0.1657116234495863
391,0.16466898977491712
392,0.16678096927404404
393,0.16481549421551225
394,0.16537129051414282
395,0.16566870185946694
396,0.16411471295403943
397,0.1656649565252672
398,0.16649210406538184
399,0.16522227854384317
400,0.16445047366215737
401,0.16665263076189749
402,0.16672955434932085
403,0.1658467854047909
404,0.16660988761771955
405,0.16495918348848096
406,0.16375964495731418
407,0.16485982075397126
408,0.1629685274923878
409,0.1660397528136322
410,0.1642457468116633
411,0.16493112574566773
412,0.16421469051757978
413,0.1667212802321599
414,0.1684381985201056
415,0.16545307065361142
416,0.16574523688250117
417,0.1643191432318738
418,0.16712013206261492
419,0.16695263453443643
420,0.16553865736545745
421,0.16489935427887942
422,0.165512604182249
423,0.16296080614533942
424,0.1654745991828156
425,0.16519570223132155
426,0.16529883211302182
427,0.16630107057660268
428,0.1650097678159238
429,0.16788476805036745
430,0.16499565406655733
431,0.16524609027998355
432,0.1667829882412847
433,0.16519857220859777
434,0.1647072167259009
435,0.16640884460005037
436,0.16447085268938436
437,0.16524959909146822
438,0.1661700770487002
439,0.1672671628372606
440,0.16534719706161113
441,0.16434776190180414
442,0.16505451354252643
443,0.16642251780514308
444,0.16542307099111556
445,0.16390573156073238
446,0.16645878256833482
447,0.16421992079377354
448,0.16569381429841068
449,0.16481592330767034
450,0.16481073989483866
451,0.16520956676458864
452,0.16540084980616301
453,0.16706868783532222
454,0.16529015695268484
455,0.16475614900163363
456,0.16556065274905235
457,0.16693358130246838
458,0.16657340386444017
459,0.1654544524140124
460,0.1647631961852567
461,0.16334790913696487
462,0.16554528033767235
463,0.165921538373753
464,0.1664395192032972
465,0.16373936003783238
466,0.1656279836487665
467,0.1631322766178298
468,0.1625350331094546
469,0.16628616596601117
470,0.16706697019190253
471,0.1667573492521739
472,0.1665994381829776
473,0.16472263757931327
474,0.16674975468986547
475,0.16667395135705435
476,0.16444614534148108
477,0.16605230540835195
478,0.16616095485584112
479,0.16599044245357833
480,0.16589319117790036
481,0.16384192669203945
482,0.16379307534518062
483,0.16562299228456298
484,0.16647565783625248
485,0.1656521296291983
486,0.16525165074688591
487,0.16453106465330603
488,0.1639148364599141
489,0.16559136693119014
490,0.1656058047155691
491,0.165687176111377
492,0.16488978972831525
493,0.16564915035160963
494,0.16624619228966572
495,0.16552763675098026
496,0.16448883387344476
497,0.16649397939128016
498,0.16484748230791296
499,0.16539733003403903
500,0.1647472268354288
501,0.1671230916193385
502,0.16477851364603122
503,0.16520799954531754
504,0.16588336769924625
505,0.16667389307876082
506,0.16484814269549816
507,0.16514311643836085
508,0.1651295946514703
509,0.16626211607117422
510,0.165894786637863
511,0.16553131046899258
512,0.16658830451349702
513,0.1656778070823035
514,0.16348762677073575
515,0.1664350158987354
516,0.1653836638260938
517,0.16644139056617943
518,0.16668399825457944
519,0.16449078041140736
520,0.16573451281096369
521,0.1667164268944681
522,0.16500198347785988
523,0.16523495347829853
524,0.16530110556065047
525,0.1658685979847005
526,0.16501395950031633
527,0.16564056859736526
528,0.1618435223162317
529,0.16498588339117412
530,0.16499796206969836
531,0.16472513668677022
532,0.1661283773356326
533,0.16537535650545124
534,0.16464562972004365
535,0.165407554923895
536,0.1664932490528004
537,0.16562836560057217
538,0.16480871025127822
539,0.16567442652617417
540,0.16692325456015067
541,0.16465063679280806
542,0.16593496504182892
543,0.16453732676110194
544,0.16620275962902753
545,0.1645442060074702
546,0.1653928648581737
547,0.16430434663108773
548,0.1657631569050634
549,0.16654738580788664
550,0.16498166205872514
551,0.1633109530047733
552,0.16544367256195253
553,0.16646861662177442
554,0.166583913578696
555,0.16469751493529577
556,0.16512697656724235
557,0.16409513973258286
558,0.1654191067940137
559,0.16524055703192272
560,0.16581761515288757
561,0.1647501126834595
562,0.16777716607355736
563,0.16386178999973386
564,0.16668946120400654
565,0.16523801804120072
566,0.16423776094767328
567,0.1648285613170144
568,0.16549589783949728
569,0.1664643686715935
570,0.16449412368813673
571,0.16544173745234986
572,0.16700386313547896
573,0.16544575025356778
574,0.16573105296796958
575,0.1651566232790388
576,0.16687184517643344
577,0.16638982367354432
578,0.1632258058167192
579,0.16556844625144146
580,0.16365610763820554
581,0.16354069130340412
582,0.16596630245609054
583,0.1647139565785917
584,0.1657669739287964
585,0.16602898992487172
586,0.16519583762652978
587,0.16562414506772363
588,0.16757002558531922
589,0.16506982384674834
590,0.16644317486574567
591,0.16550635808894423
592,0.16425617068738546
593,0.16622203758353196
594,0.16472337340227192
595,0.16455610085601902
596,0.1651787466834336
597,0.16528239643140324
598,0.16483165762600085
599,0.16249348381464424
600,0.16472546576004138
601,0.1665525314040062
602,0.16668608811582344
603,0.16377640288834325
604,0.16466136270729353
605,0.1640614949229028
606,0.16797747213604056
607,0.16644058642941204
608,0.1652557538048675
609,0.16672624081892118
610,0.16772635406619768
611,0.1646641944508139
612,0.16408575973008072
613,0.16719497207238718
614,0.16552076019068604
615,0.1633697646314857
616,0.16519661077475908
617,0.16625816581668276
618,0.16479038327924753
619,0.16649622081375756
620,0.1649942163056222
621,0.16786731704934435
622,0.16428820119655352
623,0.16530999093352602
624,0.16526041228541585
625,0.16476038078326297
626,0.16565196956673958
627,0.16530569519513486
628,0.16678180290545758
629,0.16490989268866346
630,0.16474570755216703
631,0.16256131819121702
632,0.16624846358353088
633,0.16617182645279194
634,0.16670869579591768
635,0.16535405432745987
636,0.16264642015368685
637,0.1643749593304742
638,0.16453103873775154
639,0.1634917916382451
640,0.16551354171379407
641,0.16676100860053733
642,0.16656365440437765
643,0.16448005738918858
644,0.16376483650885687
645,0.1641303612909652
646,0.16491852998334947
647,0.16524520337034077
648,0.1660855690096883
649,0.16544380846419574
650,0.16576418451797645
651,0.1635228336832837
652,0.1649620041889788
653,0.16694417489087182
654,0.16603583690388582
655,0.16470380105593418
656,0.16728370368854553
657,0.16569418386403922
658,0.16582451565730016
659,0.16366844977662642
660,0.1645337691268631
661,0.16400910769834798
662,0.1652149020498624
663,0.1668801409548124
664,0.166884012598121
665,0.16520204324692292
666,0.16640415329890604
667,0.16692081712341061
668,0.16537009916165965
669,0.16693022380722167
670,0.1639448879504449
671,0.16624545672332858
672,0.1648287426489042
673,0.16784392280073798
674,0.16472437184915514
675,0.16634039616408064
676,0.16597280440897064
677,0.16495729068140239
678,0.16437251767050692
679,0.16278668229486115
680,0.1646139325655017
681,0.16539925568085373
682,0.1656456163350919
683,0.165014595204674
684,0.16539620798569057
685,0.1654665920076533
686,0.1649586639221104
687,0.1640767221312531
688,0.16449471354173423
689,0.166293111931335
690,0.16614524347071533
691,0.16384943206541971
692,0.1639352264457784
693,0.16511339595874938
694,0.16461974488292683
695,0.16498126900492668
696,0.1647702985556069
697,0.16445508895440566
698,0.1652155081415396
699,0.16583868272042918
700,0.16581517837132492
701,0.1641651992545171
702,0.1645701124541496
703,0.16607701333826
704,0.16479762371825463
705,0.16575019145692868
706,0.1653576964116331
707,0.1650090789669203
708,0.1654254803334234
709,0.16498189717443287
710,0.1623939627238369
711,0.16422357687224673
712,0.16346896732770283
713,0.1669332584337691
714,0.16508358964407877
715,0.1659452998463023
716,0.16712771493073275
717,0.16464666941816994
718,0.1653256915263209
719,0.1656559901740177
720,0.16522911782659527
721,0.16382818477307717
722,0.16435232992841306
723,0.1668072650852319
724,0.16387397845618237
725,0.16521300295347982
726,0.16515562760096789
727,0.16392828942858806
728,0.1655589097024279
729,0.16486343136416898
730,0.1642370336272042
731,0.1655515349912282
732,0.1651652320243182
733,0.16574474808716438
734,0.16525977212875603
735,0.1635655219748025
736,0.1647871928525013
737,0.16728963715881184
738,0.16451111784855676
739,0.16652917656484653
740,0.16629933400923136
741,0.16560678855712854
742,0.16622112636062877
743,0.166430309365436
744,0.16646349837573832
745,0.164192707111392
746,0.166668421793612
747,0.16603618537872128
748,0.16645399668103164
749,0.16400700808240684
750,0.1656987554390127
751,0.16597299563735926
752,0.16610121190013447
753,0.16512065480126153
754,0.16614064344445031
755,0.16722910519475168
756,0.1640012288203529
757,0.16499923360445443
758,0.16605417683633306
759,0.1639717268048782
760,0.1652090582390716
761,0.16693526217461482
762,0.16374910213310592
763,0.1650726590537761
764,0.16462253275996283
765,0.16499979631318923
766,0.16648872436226575
767,0.16320563160287255
768,0.16341066334380347
769,0.1659401976469493
770,0.16631908487583805
771,0.16593669218295212
772,0.16611557021992127
773,0.165820804569586
774,0.16396785777444622
775,0.16689355638701808
776,0.16506352197105992
777,0.165273873646516
778,0.16587593089261304
779,0.16544477957571896
780,0.1634918149729064
781,0.1653578328949343
782,0.16682769996898603
783,0.1646977546561907
784,0.1653267765101671
785,0.1651237245973028
786,0.16307918593836557
787,0.16377442017138213
788,0.1631736007485664
789,0.16461666730175717
790,0.16427079282274243
791,0.16489267542273622
792,0.1653681156822793
793,0.16588260185838274
794,0.1663169379535598
795,0.16581715642344622
796,0.16513572097300472
797,0.16446727071288822
798,0.16453598968988717
799,0.16598936233203
800,0.16566265542702047
801,0.16365357312766574
802,0.163491313219419
803,0.16526978647923382
804,0.16540539031844512
805,0.16583229549275616
806,0.1659749785996545
807,0.16764780764083181
808,0.16269941026753024
809,0.16427840538628413
810,0.16492168601639381
811,0.16640752982149903
812,0.16617441965156998
813,0.16523942857245702
814,0.16774094783214988
815,0.1669668523234748
816,0.16473159692108216
817,0.16709678804364753
818,0.16592135969516394
819,0.16529909041270274
820,0.1659642681612149
821,0.1645666502823321
822,0.1660893460979804
823,0.1655282616982164
824,0.16547718089972094
825,0.16849569227542657
826,0.163400177092122
827,0.16593847468312872
828,0.16463089696554084
829,0.16528572642463912
830,0.1662097719933857
831,0.16515030936622177
832,0.16556524205425413
833,0.16497491606161
834,0.16187916844785538
835,0.1652398841334893
836,0.16339899836415483
837,0.16835813868225824
838,0.16626679117026946
839,0.16587433924578426
840,0.16364747971933857
841,0.16386867652398113
842,0.16655106685238455
843,0.16824813303992278
844,0.16476405464453447
845,0.16539719865015945
846,0.16587262734420158
847,0.1658875738213217
848,0.1647286316293329
849,0.16630753311305502
850,0.16619006922727772
851,0.1661993246492088
852,0.165800531745308
853,0.16507679632584563
854,0.165378515628318
855,0.16687604525881097
856,0.16574737784014817
857,0.16542085871391699
858,0.1643084883741483
859,0.16621746073526494
860,0.1661676195263577
861,0.16730497580099427
862,0.1654234100150975
863,0.1643834421777344
864,0.1651116476919749
865,0.16395719424623936
866,0.16389960109069682
867,0.16681527070942087
868,0.16540615171371142
869,0.16687890984452972
870,0.16409274734422377
871,0.1664224800985609
872,0.1673234685109073
873,0.16433815803768984
874,0.16621836987799793
875,0.16437066466251118
876,0.16400756888183401
877,0.1654644688895796
878,0.16366060662720447
879,0.16509480214313155
880,0.16553891890439
881,0.16509850125372183
882,0.1660601043984296
883,0.16580427969661973
884,0.16590034508593712
885,0.16479259794547357
886,0.1664940932607854
887,0.16581342557927675
888,0.1665548570475445
889,0.1650839739562478
890,0.16407981673712219
891,0.16505043933119956
892,0.1654843916995595
893,0.1652811779908871
894,0.1638705406518511
895,0.1651646613331602
896,0.1650857134993056
897,0.16505407689831575
898,0.16579057293911859
899,0.1675459476500412
900,0.16602169633296512
901,0.16490480350541514
902,0.16409995106241093
903,0.16387461732583408
904,0.16313395871134476
905,0.16558957301176436
906,0.16543166217464353
907,0.16645301208129978
908,0.16433962573808153
909,0.16306486885667187
910,0.16343866244927033
911,0.16404685177669215
912,0.16494920903152377
913,0.1636849299371282
914,0.164529857785594
915,0.16486666708270933
916,0.16610724508237695
917,0.16508866963905558
918,0.1652810596447106
919,0.16616540810130148
920,0.1648382170809155
921,0.16445271677892276
922,0.16528546505429176
923,0.1644722394540145
924,0.16476577538606318
925,0.16483801476648302
926,0.16712416170764824
927,0.1641865712875131
928,0.16474838928031998
929,0.16473683731394798
930,0.16358023012028775
931,0.16537324124153163
932,0.16584751948676812
933,0.16455663241015053
934,0.16532983973654258
935,0.16568432917487094
936,0.16547288759957585
937,0.16545589583523523
938,0.1664071324818829
939,0.1668400370286753
940,0.16593786667549038
941,0.16545130905407776
942,0.16478203675931855
943,0.16497698292507953
944,0.1669138072601698
945,0.16645804715676815
946,0.16498633089122244
947,0.16486486692288885
948,0.16598088973251296
949,0.16576511914829029
950,0.16403941864735117
951,0.16455065442359573
952,0.16420639666347905
953,0.16641565456598464
954,0.16556006146394237
955,0.16449323545702513
956,0.1662374822978183
957,0.1631794274499781
958,0.1646490617030164
959,0.1647808363552797
960,0.1653887659726429
961,0.1649285693173156
962,0.16664884962536897
963,0.1644825424766732
964,0.16543599912424356
965,0.16585892244808884
966,0.16470942200913066
967,0.16409337505440447
968,0.16508141716901525
969,0.16455501298113331
970,0.16449755908510064
971,0.16529112974696242
972,0.16575408696427296
973,0.16595438201840987
974,0.1668814327835156
975,0.16515381656765032
976,0.1658986049996551
977,0.16537470057296835
978,0.1634123954604169
979,0.16539522016507882
980,0.16412095089677417
981,0.16552290620983187
982,0.16551392529918196
983,0.1670394724229226
984,0.16696847965194522
985,0.16693811213429288
986,0.16462794374450537
987,0.16653464162833728
988,0.1669501502451097
989,0.1648246079385196
990,0.16584773773327138
991,0.16577514150913294
992,0.16462770572629748
993,0.1669932545614405
994,0.16644561568805988
995,0.16866007853457915
996,0.16521238259892185
997,0.16636310649163097
998,0.1653670512613044
999,0.1649540690979318
1000,0.16450796683353025
1001,0.16613529099370167
1002,0.16589003127148408
1003,0.16440421626100205
1004,0.16555935151383613
1005,0.16384507922301783
1006,0.16532236947448845
1007,0.16445750595696038
1008,0.16655730681976705
1009,0.1663748654757175
1010,0.16541382700911028
1011,0.1663331806253817
1012,0.16461620916696282
1013,0.16549981081771256
1014,0.16589835166435216
1015,0.16591441785276043
1016,0.16449044048733688
1017,0.16646093153538408
1018,0.16528177176063769
1019,0.16702015396698663
1020,0.1651275898303815
1021,0.16570092689728047
1022,0.1664015354082409
1023,0.16457554113246606
1024,0.1656625558973874
1025,0.16568026567762162
1026,0.1669374164095787
1027,0.1660071448736899
1028,0.16553198214144024
1029,0.16558325484330771
1030,0.16653707143621221
1031,0.1661304588873129
1032,0.16413707684962603
1033,0.16694377813674735
1034,0.1656741484741263
1035,0.1686986596599281
1036,0.16565143483631992
1037,0.16447468408045865
1038,0.16467251355615814
1039,0.16577436215119268
1040,0.16568461011432611
1041,0.16612686859687822
1042,0.16436566701674735
1043,0.16535657814095125
1044,0.166365458505032
1045,0.16474995875998621
1046,0.16632915003318124
1047,0.16537327929287948
1048,0.16572892341180706
1049,0.1656502020789777
1050,0.1652311316800209
1051,0.16648056323996224
1052,0.16502164386827733
1053,0.16435963975123388
1054,0.16433516421332736
1055,0.16646576243155484
1056,0.16457069961901147
1057,0.16537192710513574
1058,0.16530273043706825
1059,0.16339948938652937
1060,0.16680753885135208
1061,0.1657396253719267
1062,0.1652281978700875
1063,0.16536519334485514
1064,0.16443339587571268
1065,0.165260418415813
1066,0.1661138206147081
1067,0.16349445890930375
1068,0.16438577857977857
1069,0.16460998022465503
1070,0.16659536464931207
1071,0.1668409514773534
1072,0.16586543968657924
1073,0.1661717303922358
1074,0.16535116752338644
1075,0.16422537236366774
1076,0.16533832411755628
1077,0.1671105540912962
1078,0.16495314330244068
1079,0.16668117896438392
1080,0.16631967918253504
1081,0.1653933602099364
1082,0.16543270795781287
1083,0.16547704410780964
1084,0.1635404121431815
1085,0.1648891451520005
1086,0.16616545432267954
1087,0.16648756616349256
1088,0.1635224585683271
1089,0.1640069904643315
1090,0.16457246741849285
1091,0.16632769849194962
1092,0.16463424325458414
1093,0.16644460887510154
1094,0.16500160896637275
1095,0.16543280521914552
1096,0.16527324246120167
1097,0.16693314337704165
1098,0.1656088247847186
1099,0.16312726639135305
1100,0.16671845972103758
1101,0.1644731294794172
1102,0.16634407938697093
1103,0.16494350484266349
1104,0.1632803659425245
1105,0.16481082677336328
1106,0.16476928742599944
1107,0.16465592799506784
1108,0.16315624435490417
1109,0.16744476469150538
1110,0.1647230153875857
1111,0.166607027105449
1112,0.16463365020630524
1113,0.16503517131351556
1114,0.16612431361556962
1115,0.1645408005985296
1116,0.16437774022713525
1117,0.16540667815563476
1118,0.16607254552891038
1119,0.1661301426798758
1120,0.16476560530836956
1121,0.16526170499497783
1122,0.16489651745705053
1123,0.16705373212298594
1124,0.16492765135646384
1125,0.16551781426531814
1126,0.1642032311150044
1127,0.16424291497199922
1128,0.16373896957210846
1129,0.16459009619867956
1130,0.1649056307492663
1131,0.16623082874261788
1132,0.16626213359279615
1133,0.16409610351980702
1134,0.16580258538918582
1135,0.1640043575420011
1136,0.16574787356931764
1137,0.1650656719968693
1138,0.16399789279282648
1139,0.1652902633338437
1140,0.16601328140483848
1141,0.16581693081779625
1142,0.16610267147713942
1143,0.1662829039299803
1144,0.16670525905446062
1145,0.1652700209065931
1146,0.16536068837188847
1147,0.16546348443868375
1148,0.1651277183288508
1149,0.16779908705381355
1150,0.1662578390206967
1151,0.16685557376106613
1152,0.1647873580373608
1153,0.16578391737047057
1154,0.16419379427667377
1155,0.16381029274405098
1156,0.16395651701362712
1157,0.16454330464422223
1158,0.16562218256204278
1159,0.16726805982180715
1160,0.1663490670873975
1161,0.16636491109138343
1162,0.16594792658710397
1163,0.1652575191348233
1164,0.165510321150758
1165,0.16586905674734165
1166,0.16438356046610397
1167,0.16747703853307278
1168,0.16540229875810533
1169,0.1635222050060901
1170,0.16558080017766433
1171,0.16434424185970978
1172,0.16597776999904712
1173,0.16537731038696554
1174,0.16505838748669044
1175,0.1659144992206935
1176,0.16571818852257733
1177,0.1646709730675031
1178,0.16549527315426027
1179,0.16626261912986937
1180,0.1659619559480533
1181,0.16401286363395484
1182,0.1632112618443999
1183,0.16445283168268277
1184,0.16662141293569052
1185,0.16517695214063763
1186,0.16575628923376629
1187,0.1667224515650295
1188,0.16460585024812727
1189,0.16660166857547826
1190,0.16675990352337589
1191,0.1659367432548955
1192,0.16460686799097726
1193,0.16479325279664572
1194,0.16532361931516393
1195,0.16487666467034026
1196,0.16523020278988304
1197,0.16594431041930288
1198,0.1658819907360144
1199,0.164775298935306
1200,0.16456712367470752
1201,0.1648618047728533
1202,0.1647293244771349
1203,0.16483129848380917
1204,0.16460082355279393
1205,0.16752968616076447
1206,0.16601428794499798
1207,0.1633994932416172
1208,0.16474083224190852
1209,0.16379294509829295
1210,0.16576497891953657
1211,0.1651207940037098
1212,0.1659348033749252
1213,0.164965858117932
1214,0.16572057571600185
1215,0.16668613335986326
1216,0.1648928145115041
1217,0.16316406323121535
1218,0.1659410162732479
1219,0.1643332481081655
1220,0.16647500278101351
1221,0.16450384627760312
1222,0.16586468243594898
1223,0.16544970878131965
1224,0.1657544951533137
1225,0.1657075766270306
1226,0.1679292668738467
1227,0.1670671275820821
1228,0.1663594198489691
1229,0.1674766536519983
1230,0.1656722596357936
1231,0.16413637465495157
1232,0.1646723694251908
1233,0.1638517241138727
1234,0.16470732602176136
1235,0.16691642722650785
1236,0.16522852926282053
1237,0.16491600604982506
1238,0.1641718145634761
1239,0.16751424886407412
1240,0.16552863536683293
1241,0.16526905713490053
1242,0.1650003522362309
1243,0.16728625630499705
1244,0.16634179578591232
1245,0.16831075521640285
1246,0.16365363809579825
1247,0.16416039181456146
1248,0.16558448050320712
1249,0.16548914776892815
1250,0.16656652640138983
1251,0.1666097139049931
1252,0.16471639098602528
1253,0.1656510508301852
1254,0.16636169247616933
1255,0.1644823025007548
1256,0.16596385350328297
1257,0.1666690634170347
1258,0.16748760523650622
1259,0.1646060350285682
1260,0.16527586356735
1261,0.16668966323257933
1262,0.16287996320182827
1263,0.1650366996431868
1264,0.1660118563931379
1265,0.16649985592266214
1266,0.16619129148022363
1267,0.16515207504795315
1268,0.16553931485124546
1269,0.16609991003959176
1270,0.16498897573578977
1271,0.16564233030106779
1272,0.1656196032783759
1273,0.16463388676360813
1274,0.16699091157133505
1275,0.1630505852749292
1276,0.1641030331235482
1277,0.1675822815023878
1278,0.16546712188860993
1279,0.1669764065359962
1280,0.1646455315333207
1281,0.16421240397012796
1282,0.16472873650511616
1283,0.16461343477824103
1284,0.16557150296750284
1285,0.16436532760603526
1286,0.16695003546599368
1287,0.16598470173690394
1288,0.16734021231443047
1289,0.16541452680418334
1290,0.16490651015364838
1291,0.16528977835611267
1292,0.16422813336376374
1293,0.16558227134082446
1294,0.16427476142666858
1295,0.16292132441666388
1296,0.16617247914869593
1297,0.16588872807187505
1298,0.16563484760798822
1299,0.16313469177027787
1300,0.1651880875413577
1301,0.16378122503649353
1302,0.16353495792398814
1303,0.16649925132404722
1304,0.16665002616299923
1305,0.16325133838941802
1306,0.16608343056819788
1307,0.16557661654008088
1308,0.16564657422160817
1309,0.16489427137221443
1310,0.16372431786637356
1311,0.16437499568634711
1312,0.16397499181084976
1313,0.16498292806679177
1314,0.16409540500534844
1315,0.16533938194536663
1316,0.16730721563491804
1317,0.16642722059402565
1318,0.16578961944966392
1319,0.1661864676975901
1320,0.1647822378861947
1321,0.1670497251987099
1322,0.1646192257331492
1323,0.16657706668794198
1324,0.16694262684529126
1325,0.1665956342858433
1326,0.1654043351584273
1327,0.1660902547035916
1328,0.166547753419026
1329,0.16675433082659705
1330,0.16428055574654624
1331,0.16326459183907435
1332,0.165712310021887
1333,0.16739122692727526
1334,0.16536717880062765
1335,0.16455016326762897
1336,0.1650093437197838
1337,0.16597479658994327
1338,0.16610693668940307
1339,0.16405733109187803
1340,0.16494951845172434
1341,0.16513690275200119
1342,0.16560930925336909
1343,0.16406036637115093
1344,0.16568189702468386
1345,0.16664683005266664
1346,0.16463270891831516
1347,0.16613933759296
1348,0.16637378021876456
1349,0.165539603751838
1350,0.16624743476451384
1351,0.163968758942607
1352,0.1646032436194444
1353,0.16557301939542562
1354,0.16432598494424536
1355,0.1645663715185039
1356,0.16441342550117402
1357,0.1656547318864383
1358,0.16493920883260235
1359,0.16517505733853063
1360,0.1636440186098227
1361,0.16766197314420125
1362,0.1652004839239837
1363,0.16574578002196474
1364,0.16478122440843926
1365,0.16509508029467246
1366,0.16552934999001806
1367,0.1645490332105812
1368,0.16543015642744247
1369,0.16413367296834058
1370,0.16479780955751752
1371,0.1650382265590163
1372,0.16598608970044088
1373,0.1658775591226555
1374,0.16563159516761258
1375,0.1652357870338791
1376,0.1651031279760275
1377,0.1663690849028539
1378,0.16553082459326007
1379,0.16541373015169264
1380,0.1652873709431244
1381,0.16516762022788548
1382,0.16424229326691073
1383,0.16682844357992932
1384,0.16581095955509265
1385,0.16527229374196495
1386,0.16603167923267645
1387,0.16622465069491152
1388,0.16693056513089266
1389,0.16427563346365712
1390,0.16688337889249233
1391,0.16342207502068598
1392,0.1655893200557005
1393,0.16582331716331808
1394,0.1641119183091015
1395,0.16636075966522845
1396,0.16538455490731863
1397,0.16655015928068548
1398,0.16452049280983758
1399,0.1677008956652166
1400,0.16480793169394564
1401,0.16736653963461856
1402,0.16468066624022284
1403,0.16415929023679765
1404,0.16180299169914228
1405,0.1661380626046845
1406,0.16398795475499325
1407,0.16556578139643516
1408,0.16486749986557045
1409,0.16577286544733702
1410,0.16541939739107814
1411,0.1666789995611416
1412,0.1642369577700921
1413,0.16445712431415738
1414,0.16556626545788422
1415,0.16487876760596507
1416,0.16600655559640223
1417,0.16532622869366603
1418,0.16536024240277322
1419,0.1641731968134906
1420,0.16542748623429063
1421,0.16639561873299555
1422,0.1638481907397696
1423,0.1656338987163669
1424,0.1661994917178064
1425,0.163258688089892
1426,0.16461228261400868
1427,0.16508372088799492
1428,0.16448674255576953
1429,0.1633677116153701
1430,0.16573693081457624
1431,0.1655403295228458
1432,0.16760298640507476
1433,0.16474084345963483
1434,0.166170582440621
1435,0.16389867985094053
1436,0.16574415834553713
1437,0.16511758407698246
1438,0.1656196786720751
1439,0.1633618434535978
1440,0.16552376068748054
1441,0.16706141470452304
1442,0.16543261052111813
1443,0.16436268696723375
1444,0.16498388735678993
1445,0.16478180263049585
1446,0.16687516889281537
1447,0.16385409739693169
1448,0.16685874211269985
1449,0.16562717594925322
1450,0.16579478693543775
1451,0.16480768239224525
1452,0.1659986603606597
1453,0.16606791541946983
1454,0.1646878281175603
1455,0.16608588340361638
1456,0.16431500996426177
1457,0.16468816734794667
1458,0.16550374946768112
1459,0.16707251735515216
1460,0.16618786758431342
1461,0.16580543834665584
1462,0.16480687011736952
1463,0.1649494262683847
1464,0.16494920000758456
1465,0.16627758247938643
1466,0.16432069974655492
1467,0.16668744409201067
1468,0.16381534140238652
1469,0.16590385274257832
1470,0.16616009685873975
1471,0.16568518856465045
1472,0.1655232796250135
1473,0.16255120002197398
1474,0.16485224488697833
1475,0.16509572556904836
1476,0.16723369140254019
1477,0.16510886511790862
1478,0.1649155880523954
1479,0.1658306837869756
1480,0.16505399033483192
1481,0.1657712927629385
1482,0.16502829877864159
1483,0.16531452154507512
1484,0.16675059109798596
1485,0.1644496759827807
1486,0.16542399928733442
1487,0.16398575180903296
1488,0.1668797276358614
1489,0.16375211228947248
1490,0.16668592159118117
1491,0.16580898427225824
1492,0.1643751148748948
1493,0.1659668735381092
1494,0.16518090527174728
1495,0.1668699566173874
1496,0.1652892544324485
1497,0.16513195051860577
1498,0.16695143481017485
1499,0.16482672756328273
1500,0.16435176306089194
1501,0.16493556133170698
1502,0.16773742245142467
1503,0.16731000402505602
1504,0.1645230234036506
1505,0.16675490399244572
1506,0.16503032731787406
1507,0.16634957171914316
1508,0.16448340867916406
1509,0.16399707587957163
1510,0.16573850026938902
1511,0.16593385084092427
1512,0.16397129475692265
1513,0.16571787959439152
1514,0.16625517380899776
1515,0.16491861038185254
1516,0.16688644272093456
1517,0.16732172371433876
1518,0.16344766007520503
1519,0.1656095413144249
1520,0.1635105642653245
1521,0.16610057046766089
1522,0.165246299658822
1523,0.16822793412749407
1524,0.16508282943709032
1525,0.16564556545713396
1526,0.16467864580086988
1527,0.16715149106489494
1528,0.1651189407589759
1529,0.16659664611355177
1530,0.16481408529131902
1531,0.16310021783983852
1532,0.16367785973590385
1533,0.16570985617718978
1534,0.16623666945985494
1535,0.16599497590513101
1536,0.1653833985013496
1537,0.1643993453866468
1538,0.16590180276852265
1539,0.1642844392502341
1540,0.1650578658844872
1541,0.16419137780149567
1542,0.16424361801259765
1543,0.16658950755432672
1544,0.16472235278272535
1545,0.16494285739908493
1546,0.16453432615572322
1547,0.16505740885086553
1548,0.16560356189161948
1549,0.16559711120757303
1550,0.16671169065516944
1551,0.16462322301097196
1552,0.16417911819568576
1553,0.16549290093914476
1554,0.1644726572284546
1555,0.16537593926056782
1556,0.1643055242502857
1557,0.16413899306242094
1558,0.1660669284633994
1559,0.16499895965888228
1560,0.1656404071867101
1561,0.16633792377710288
1562,0.16621013298731427
1563,0.16522932363003515
1564,0.16715958792460955
1565,0.16662145456504607
1566,0.16425334427594876
1567,0.16602528638401243
1568,0.1645994454056783
1569,0.16542970850085792
1570,0.1653708853018541
1571,0.16426612612929614
1572,0.16470793839140715
1573,0.16623952462135347
1574,0.16478574949613908
1575,0.16488092341140065
1576,0.16452727607188336
1577,0.1632689906613726
1578,0.16648404557296295
1579,0.16666767940030489
1580,0.16579788713698312
1581,0.16598453055177198
1582,0.16776093757133528
1583,0.16524948040216772
1584,0.16426358425471552
1585,0.1663436684258252
1586,0.16538398849611177
1587,0.1638597053103047
1588,0.16385762205281218
1589,0.1662489521849248
1590,0.16637857374963488
1591,0.16653530782107348
1592,0.16619649419174914
1593,0.16549824978285743
1594,0.16562341724980714
1595,0.16329005870997312
1596,0.16422131093866882
1597,0.16417068794697123
1598,0.16628584179762082
1599,0.16741085754559085
1600,0.1651901478062266
1601,0.16595285316003405
1602,0.16300068576752252
1603,0.16576249280007696
1604,0.16601610015201332
1605,0.164439133881867
1606,0.16715601604035044
1607,0.16383080728793695
1608,0.16496076497121176
1609,0.16462335494953173
1610,0.16684893555052047
1611,0.16487784352323095
1612,0.16355703318059586
1613,0.1659105655267196
1614,0.1662252181864298
1615,0.16465814994164907
1616,0.16634095146825675
1617,0.1674398866888625
1618,0.16643920298396317
1619,0.16515507108300928
1620,0.16439255973782602
1621,0.16659416103952437
1622,0.16552943639583498
1623,0.16653269929651074
1624,0.16682575815220424
1625,0.16548803784273147
1626,0.1643836460667983
1627,0.16676416967052807
1628,0.164439114152669
1629,0.16788899638637547
1630,0.16744789491067164
1631,0.16511045258133242
1632,0.16565398576331275
1633,0.16593329822748057
1634,0.16500056242358568
1635,0.164373195187356
1636,0.16464790180756264
1637,0.16471114619432922
1638,0.16574614700151782
1639,0.1651727832973471
1640,0.16548912166367225
1641,0.16522528455839888
1642,0.16553939961134306
1643,0.16562716830914678
1644,0.16672111913207843
1645,0.16559717027371668
1646,0.16622467236719563
1647,0.16520257607524028
1648,0.16560469639200978
1649,0.16786294475405464
1650,0.16515072554070348
1651,0.1655319439313446
1652,0.16615857800115968
1653,0.16587531274991868
1654,0.16544009466572335
1655,0.1659245401916161
1656,0.1642677077081844
1657,0.16386046142896155
1658,0.16568102948331806
1659,0.16623525126087665
1660,0.1647462467802492
1661,0.16743621428413702
1662,0.16412631445231865
1663,0.1656089398546653
1664,0.16416685370480838
1665,0.1652524979352979
1666,0.16463439189916929
1667,0.16322063551254004
1668,0.1659624514749985
1669,0.16584046008088535
1670,0.16371155217484085
1671,0.1658462471405143
1672,0.16619090101613726
1673,0.16273270657026404
1674,0.1649397995803703
1675,0.16599405815832563
1676,0.1671550861580646
1677,0.163897937727011
1678,0.16662823169761404
1679,0.16542780639998675
1680,0.16516460249917927
1681,0.1646144149895513
1682,0.1658125955936541
1683,0.16572600824540795
1684,0.16395110028289875
1685,0.1669257965085609
1686,0.16523973328894395
1687,0.16474258161732513
1688,0.16745369166869895
1689,0.16548148854280945
1690,0.16511128294849026
1691,0.1645797412920243
1692,0.16248517500583812
1693,0.16392501989234012
1694,0.16507936677811993
1695,0.16487986818706143
1696,0.1677864125877381
1697,0.16819214854201164
1698,0.16361424886452963
1699,0.16443348368321167
1700,0.16452730515372974
1701,0.1667798649891938
1702,0.1650265762196233
1703,0.16648414388520472
1704,0.16669481719918294
1705,0.165095647450869
1706,0.16448174821902725
1707,0.16566551787001482
1708,0.1659802657812095
1709,0.16471969340480155
1710,0.16310543293989138
1711,0.16556106604563506
1712,0.16583902117143146
1713,0.16574903366066826
1714,0.16441222948036302
1715,0.1667763990686028
1716,0.16555236454911398
1717,0.16557150037718127
1718,0.16474714405867952
1719,0.1660066986668278
1720,0.16535194393603178
1721,0.16470584363667812
1722,0.16445340707398054
1723,0.16731573446593737
1724,0.16758464202189557
1725,0.16420232790784237
1726,0.1675453263795631
1727,0.16430072430093598
1728,0.16554360448223512
1729,0.1652432669993254
1730,0.16593262009822426
1731,0.1645444618635642
1732,0.16475079275531673
1733,0.16533541645880598
1734,0.1662379908909918
1735,0.1658004289055618
1736,0.16638592898339136
1737,0.16563522368502753
1738,0.16679665590928233
1739,0.16568128431640536
1740,0.16639942186293014
1741,0.16467805357770318
1742,0.1654540802942747
1743,0.1666173131821564
1744,0.16642992572964724
1745,0.16525139019967805
1746,0.16480442356881106
1747,0.1638378422469767
1748,0.16643544750852934
1749,0.16660997827226487
1750,0.16554547953519141
1751,0.16557582851501473
1752,0.16579397118924435
1753,0.16644006405251194
1754,0.16296752080208288
1755,0.16442165501515485
1756,0.1667742265605478
1757,0.1659557908353368
1758,0.16600293746917907
1759,0.16644526503643853
1760,0.16490586534862153
1761,0.16448006210124896
1762,0.1638077464602023
1763,0.16703202729282512
1764,0.16345733149263253
1765,0.16613116529502206
1766,0.1660300130616918
1767,0.16469827138635476
1768,0.16776952451692073
1769,0.16482226138742856
1770,0.16380529814042277
1771,0.16463031862500396
1772,0.1648592021828061
1773,0.1655749801983542
1774,0.16622547325340728
1775,0.16404416998036705
1776,0.16442347378398636
1777,0.1651365725363511
1778,0.1654979969553704
1779,0.16655483433545074
1780,0.1660798445199596
1781,0.16525136356577005
1782,0.16573337387341022
1783,0.1633455003727183
1784,0.16503124224988228
1785,0.1639443167897137
1786,0.1638517448888255
1787,0.16683711397639764
1788,0.16517514843326153
1789,0.1649141605965504
1790,0.16507784274193768
1791,0.16527144393043366
1792,0.16613542679054227
1793,0.1665506826078618
1794,0.16648500302754785
1795,0.16417880715721728
1796,0.16410028779018054
1797,0.16498045855963117
1798,0.16548827502124286
1799,0.16497839332135011
1800,0.1651714816094949
1801,0.16690267572157863
1802,0.16461208097319777
1803,0.16534712272359775
1804,0.16716249787412246
1805,0.16646662565115727
1806,0.16393204417894902
1807,0.16645025309266256
1808,0.16538896053659388
1809,0.1652046403846422
1810,0.1658390970439771
1811,0.16352115402271566
1812,0.16444764611263582
1813,0.16757035864155664
1814,0.16754866140056535
1815,0.16441441844684623
1816,0.1665704269585789
1817,0.1637029534640836
1818,0.16364930321890384
1819,0.1661001032947597
1820,0.16470720171513034
1821,0.16655842901897325
1822,0.16633129614412395
1823,0.16372838907638593
1824,0.16463842112664787
1825,0.1656500096051723
1826,0.16399249634626312
1827,0.16314908979613518
1828,0.1645449467936951
1829,0.16604235252540692
1830,0.16450099493728962
1831,0.16467244476016393
1832,0.16586003780462605
1833,0.16677273753059907
1834,0.16618820449177907
1835,0.16432964599119862
1836,0.1674415919938436
1837,0.16722092639352545
1838,0.16484432745375588
1839,0.1650258568698213
1840,0.16390424791409255
1841,0.16502793166318855
1842,0.1658672089826878
1843,0.16497895429109188
1844,0.1661153993602519
1845,0.16742724948063978
1846,0.16593483945807652
1847,0.16327768786663185
1848,0.16660386178191577
1849,0.16490062884304718
1850,0.16342274345392857
1851,0.16541432746299883
1852,0.16326199219905405
1853,0.16727722885600352
1854,0.16699760497886887
1855,0.1646499205565544
1856,0.16435580688539264
1857,0.16493954688315599
1858,0.16715835139769672
1859,0.16437598277255872
1860,0.16571561398345924
1861,0.1656819532490019
1862,0.1641185617323878
1863,0.1648870034929205
1864,0.16657492422756678
1865,0.16349949964029453
1866,0.16376389411727474
1867,0.16699840696181786
1868,0.16703024976121983
1869,0.1651395368787871
1870,0.16509071816116994
1871,0.16574297910944213
1872,0.16462958367183023
1873,0.1636537803379586
1874,0.16456870787863925
1875,0.16473508245521656
1876,0.16618071097109838
1877,0.1640859875092478
1878,0.1652092446005609
1879,0.16500403097245236
1880,0.16453700918451286
1881,0.1670664299159616
1882,0.16535887062811747
1883,0.16539298354667453
1884,0.16435661560745501
1885,0.16642564715100008
1886,0.16510975952528242
1887,0.1640283142322228
1888,0.16376801295800028
1889,0.1664233066277817
1890,0.16653068234634127
1891,0.16444085472114794
1892,0.16516631316460517
1893,0.16470179226834772
1894,0.16560602096740182
1895,0.1661678155362434
1896,0.1658323273795363
1897,0.16332748699825905
1898,0.1653393198835281
1899,0.16530111830459968
1900,0.16673143968305645
1901,0.16565960345469102
1902,0.16548176647255217
1903,0.16432130396957106
1904,0.16455450357058632
1905,0.1674916869661822
1906,0.16547795187662573
1907,0.16446785733846325
1908,0.16304704154264862
1909,0.16430534239476394
1910,0.16580677986546674
1911,0.16633623494500427
1912,0.16682715233050657
1913,0.164998112486584
1914,0.1654453293457821
1915,0.16574959924267246
1916,0.1642365204826903
1917,0.16639893257153118
1918,0.16555863318664982
1919,0.16519972030284244
1920,0.1651841165852824
1921,0.16417008322346102
1922,0.16546057888963478
1923,0.1648846102978449
1924,0.16568266469578574
1925,0.16580341134312887
1926,0.16544340889951892
1927,0.16703591809024457
1928,0.16531289174988714
1929,0.16644595138785173
1930,0.16514860914189272
1931,0.16371586855137993
1932,0.16541037415067678
1933,0.16593909291749012
1934,0.16383887208123063
1935,0.16508241317900843
1936,0.1646631902036148
1937,0.16521461228512208
1938,0.16502088562620987
1939,0.16431613861273214
1940,0.1643650144297924
1941,0.16475981852102817
1942,0.16465851575391505
1943,0.16517369026935547
1944,0.16495725425198982
1945,0.16572112487892154
1946,0.16566572305719868
1947,0.16552724554723935
1948,0.16684701611791578
1949,0.16535756367903698
1950,0.16749751070876642
1951,0.16462698730303252
1952,0.16550787541957518
1953,0.16452109795316044
1954,0.16613971883456774
1955,0.16458517294944686
1956,0.16381116301462673
1957,0.16632762820067967
1958,0.16556439926395894
1959,0.16484991397343396
1960,0.16666916909243976
1961,0.16556147176968095
1962,0.16413658417788718
1963,0.16464689147496858
1964,0.16569544131336827
1965,0.16571074475269212
1966,0.16495171932508557
1967,0.1658265584495804
1968,0.16704029567309417
1969,0.16654331825590984
1970,0.1655443266325008
1971,0.16501261483822416
1972,0.16485356537883727
1973,0.16629416708847147
1974,0.1672264740714971
1975,0.16430494225807116
1976,0.16364667960605023
1977,0.1650558027449099
1978,0.16414876333022357
1979,0.16481245275547313
1980,0.16458618064427705
1981,0.16674542233531983
1982,0.16552988344656797
1983,0.1635412783535671
1984,0.16450592903978886
1985,0.1672152036487878
1986,0.1650017382977668
1987,0.1674522149657438
1988,0.16415077015788643
1989,0.1662687881139918
1990,0.16563004741811882
1991,0.16438487580697916
1992,0.16335601136462413
1993,0.16607498798262163
1994,0.16436157944454022
1995,0.16582621100346676
1996,0.16578788985521148
1997,0.16443514647675164
1998,0.16365837153515522
1999,0.16688101695208382
2000,0.16532995800367634
2001,0.16578197436570302
2002,0.16391574462395989
2003,0.16499308647200944
2004,0.16561615422816717
2005,0.16519943054928418
2006,0.16457910469924064
2007,0.1641064731911177
2008,0.16359442490975595
2009,0.16312977759087485
2010,0.16586620681247669
2011,0.16453561848681372
2012,0.1654930686627755
2013,0.16592461586317078
2014,0.16718969558948454
2015,0.16603364185931027
2016,0.16521743022620433
2017,0.16480478725639672
2018,0.16414421793053374
2019,0.1646721254291471
2020,0.16587922454634382
2021,0.16670956295141345
2022,0.1648977862988692
2023,0.16561055175233375
2024,0.16472082922158718
2025,0.16585986209894993
2026,0.16615808121654638
2027,0.16419471718081005
2028,0.16667840283599036
2029,0.1663198951270784
2030,0.16443640731009523
2031,0.1651819190237973
2032,0.16375098468240373
2033,0.16617932577945552
2034,0.16542506448058342
2035,0.16610222165855662
2036,0.16495912777042743
2037,0.1633168064980584
2038,0.16557052162657737
2039,0.16527129179572103
2040,0.16533051540396754
2041,0.16560193882293686
2042,0.16763994557413625
2043,0.16530325698039172
2044,0.16385230368980908
2045,0.1655161855030791
2046,0.16526669456442725
2047,0.16701100670211996
2048,0.16474562318856867
2049,0.16499045461408665
2050,0.16544960952021692
2051,0.1651275232853992
2052,0.16441731627724776
2053,0.1674126410503445
2054,0.16455481007424916
2055,0.1664042081557708
2056,0.16422482655856507
2057,0.16450561762190039
2058,0.1663985740466826
2059,0.16417282964227056
2060,0.16409783121146446
2061,0.16593306949978476
2062,0.1641213784226198
2063,0.1637119921944727
2064,0.16505453391247105
2065,0.1656758390095275
2066,0.16669003125150367
2067,0.1666166288314088
2068,0.1665958486751294
2069,0.16670675018003028
2070,0.16754470523447917
2071,0.16661076875632233
2072,0.1645312160117727
2073,0.1653087718851948
2074,0.16573881058605916
2075,0.16600586776015827
2076,0.16549916312578727
2077,0.16480070085467985
2078,0.16537284118227286
2079,0.16540171542483578
2080,0.1640663728062896
2081,0.16465998214877053
2082,0.16524332962059646
2083,0.16563341236351029
2084,0.16509019825679686
2085,0.16528087398913982
2086,0.16377895417449678
2087,0.16328432604336077
2088,0.16634290474489916
2089,0.16643288296118303
2090,0.1637411319985773
2091,0.16371845511452768
2092,0.1657281312636967
2093,0.16378949464230635
2094,0.1657976283400972
2095,0.1654426334792823
2096,0.16496425058995495
2097,0.1671525093548717
2098,0.16549361598721127
2099,0.16615578617482296
2100,0.16480165975574126
2101,0.1651823617304092
2102,0.165386942491424
2103,0.1658216680475488
2104,0.1655615845892771
2105,0.16576139314982202
2106,0.164948718798126
2107,0.16550063074215107
2108,0.1643556154033325
2109,0.16651360297392911
2110,0.16377861952817954
2111,0.16477928700811872
2112,0.16532925468508244
2113,0.1660296805231393
2114,0.16384909447009266
2115,0.16508405111712254
2116,0.16543819928923148
2117,0.16723074507538152
2118,0.16552887164759486
2119,0.16669834203754574
2120,0.16557023645325952
2121,0.16630996950510138
2122,0.16430863451368038
2123,0.16558474510858803
2124,0.16651960269369004
2125,0.16467885686387826
2126,0.16750775362816775
2127,0.1645804861925768
2128,0.16524529479132244
2129,0.16656843751513073
2130,0.16534386836819556
2131,0.16435753117031066
2132,0.16464601934131326
2133,0.16560106773796499
2134,0.16338469136990072
2135,0.1655760739414169
2136,0.16680984687214526
2137,0.1648172637516215
2138,0.16514523919013524
2139,0.16438224482295055
2140,0.16546509358978573
2141,0.1649821214973652
2142,0.1668382297246946
2143,0.16720970056664572
2144,0.16503360352482102
2145,0.16543970814090256
2146,0.1657009043918532
2147,0.166923815209525
2148,0.16758236839818785
2149,0.166227326733843
2150,0.16570043753719996
2151,0.16473336999066454
2152,0.16416177523830455
2153,0.1641367333904269
2154,0.16497045469156593
2155,0.16426632826439633
2156,0.16594495390927075
2157,0.16639000511392216
2158,0.16557333793305562
2159,0.166549678581854
2160,0.16649203628879275
2161,0.16584617060967882
2162,0.1635799592228047
2163,0.16475450719421228
2164,0.16566337135510553
2165,0.16622630883220138
2166,0.1666511599365661
2167,0.1655794972928393
2168,0.16604692480168703
2169,0.16498047385061068
2170,0.16613644663556845
2171,0.16537496187064626
2172,0.16423589879036835
2173,0.16479644218758058
2174,0.16664342807374305
2175,0.16649391259054705
2176,0.16527498913182678
2177,0.16360648519293636
2178,0.1652664683225091
2179,0.16560100569622685
2180,0.1664279508289087
2181,0.16344444876692152
2182,0.1645464645583053
2183,0.16489620824716028
2184,0.16511357557552303
2185,0.16607302298707996
2186,0.1661416783485108
2187,0.16448553797221785
2188,0.16477763170518178
2189,0.16603252185654105
2190,0.16399835023179216
2191,0.1665061375348015
2192,0.16404022408281732
2193,0.16550136334821633
2194,0.16536095668693804
2195,0.16520527825761572
2196,0.16646298890869515
2197,0.16597896926947736
2198,0.1650757446867621
2199,0.1657382205374082
2200,0.16458757470114205
2201,0.16479364096271493
2202,0.16729755060105664
2203,0.1651357035260808
2204,0.16627856375420538
2205,0.16424710459063654
2206,0.16483244418188814
2207,0.16505054115239706
2208,0.16403126494471726
2209,0.16265807055100093
2210,0.1631243628203664
2211,0.16412743879432026
2212,0.1651302734182133
2213,0.16659327647337963
2214,0.16342236743372793
2215,0.16485650441320487
2216,0.16576911566440566
2217,0.16378443359505027
2218,0.16656929625284286
2219,0.16641182308225655
2220,0.16579902647571845
2221,0.1648439559589787
2222,0.16578778890099705
2223,0.16537527923186313
2224,0.16539956238202494
2225,0.16700947733489072
2226,0.16567754056270587
2227,0.16554306993745607
2228,0.1642978326436046
2229,0.1645363684361247
2230,0.16671426526727998
2231,0.1647060622584896
2232,0.16615454109489153
2233,0.1649521605156672
2234,0.1635685674273864
2235,0.16464385147094915
2236,0.1657033438592376
2237,0.16430956372540131
2238,0.16614092300169117
2239,0.16459847155414467
2240,0.16535429759025197
2241,0.1661133775429375
2242,0.165502776541079
2243,0.16592596090751058
2244,0.16558233503767597
2245,0.1662487624505975
2246,0.16538330713493615
2247,0.16551092790233976
2248,0.1656441636321815
2249,0.167485325850794
2250,0.16778788248323118
2251,0.1650213443167454
2252,0.16628649832297487
2253,0.16372780659354283
2254,0.1653452104111536
2255,0.16377113779154026
2256,0.16471564999591928
2257,0.16524644405679284
2258,0.1622373654236008
2259,0.16687279521654125
2260,0.16565532007283046
2261,0.16557902784299666
2262,0.16520631650016457
2263,0.16328523759704336
2264,0.1662164821210267
2265,0.16340685903336133
2266,0.1643414841737269
2267,0.16571097090697867
2268,0.1650182205633322
2269,0.1657934012823779
2270,0.1665585948737374
2271,0.1683762897144999
2272,0.1647128873603158
2273,0.16650907406945092
2274,0.16536312065843936
2275,0.16305027558370436
2276,0.1656352141955886
2277,0.16595050135249245
2278,0.16451531595676758
2279,0.16427433793351892
2280,0.16484229770777797
2281,0.16585280745176453
2282,0.165667001244281
2283,0.165272340641393
2284,0.16411900844544663
2285,0.16553844764539896
2286,0.16641076638195293
2287,0.1663564705253977
2288,0.16496412473269909
2289,0.16389119560522647
2290,0.16569045931296258
2291,0.16698325977798326
2292,0.16562046177868064
2293,0.16575207409742398
2294,0.16428265197018527
2295,0.16472208400172966
2296,0.16487441994274146
2297,0.16650618028979192
2298,0.1667362193866681
2299,0.16571793296455678
2300,0.1639916304331584
2301,0.16602853491840516
2302,0.16380329557682283
2303,0.16450602312153295
2304,0.16318428423900144
2305,0.16460050386889166
2306,0.16392239914082207
2307,0.16463082260483577
2308,0.16628129770155545
2309,0.1662735627602476
2310,0.1656486333466605
2311,0.16598228820567287
2312,0.16556701060817533
2313,0.16530125219370478
2314,0.16358636601338927
2315,0.16598914763394879
2316,0.16526026889191142
2317,0.16426712133610108
2318,0.16508478913976748
2319,0.16530115857803165
2320,0.16596969283807542
2321,0.16616692303824607
2322,0.16566101973944583
2323,0.1664933677696598
2324,0.16477039097631
2325,0.16459474921141815
2326,0.16650322463379053
2327,0.16428502670345047
2328,0.1656951249953176
2329,0.16526139290378686
2330,0.1643184553500412
2331,0.1657912361378852
2332,0.16445173337372074
2333,0.16311056885216998
2334,0.16517605904931523
2335,0.16411312502126776
2336,0.16478081841686748
2337,0.1655412378309687
2338,0.16408082787406889
2339,0.1652193083214618
2340,0.16501528122036377
2341,0.1662639856023914
2342,0.1649769074040333
2343,0.16440133834360285
2344,0.165524924808841
2345,0.16463320946429733
2346,0.16627555423353665
2347,0.16534738719099826
2348,0.16754266238870402
2349,0.16618556645382299
2350,0.16473577465685607
2351,0.16637488730415415
2352,0.1661955707105298
2353,0.16585869587355656
2354,0.16391286143343156
2355,0.16698008258939145
2356,0.16592331274274455
2357,0.16473420354903476
2358,0.1641225521338584
2359,0.16417675435543283
2360,0.16513109237045986
2361,0.16648530432892253
2362,0.16456481939418924
2363,0.16454279375877265
2364,0.16492351263674382
2365,0.16404927164180919
2366,0.16523130310201217
2367,0.1645998016867921
2368,0.16547850818908105
2369,0.16540511348585069
2370,0.16492188487170814
2371,0.16369682879934067
2372,0.16439875965879597
2373,0.16457870512168976
2374,0.16565102925858444
2375,0.1667758758375336
2376,0.16599900094242154
2377,0.16611185912381451
2378,0.16433803297640304
2379,0.1650924022940929
2380,0.16495200520426323
2381,0.16491067340635954
2382,0.16457675500986174
2383,0.16525184101458795
2384,0.1638146036953215
2385,0.16613202601906157
2386,0.16427242819554405
2387,0.16555886850168433
2388,0.16642701795052522
2389,0.16528040753173065
2390,0.16480408071208116
2391,0.16596402379059005
2392,0.1644043493373154
2393,0.16512191378507862
2394,0.16573347984310327
2395,0.16643160543518934
2396,0.16785729091431215
2397,0.16634370096729922
2398,0.16738931276524233
2399,0.16654096996167453
2400,0.1661476153350782
2401,0.16550750186724775
2402,0.1663449500738793
2403,0.16625190169090667
2404,0.16537848747397138
2405,0.1640295765496228
2406,0.1635718520818611
2407,0.16523466433364747
2408,0.16639101087829264
2409,0.16415572796966824
2410,0.1639935896135594
2411,0.1645946901241121
2412,0.16459568298471403
2413,0.16476304646591083
2414,0.16675241341479
2415,0.1646821587123986
2416,0.165513215761724
2417,0.16587690409262235
2418,0.16560263180488338
2419,0.1636244738190112
2420,0.16509144888581156
2421,0.1641817459509231
2422,0.16482399165666445
2423,0.16525717882525567
2424,0.164536540189683
2425,0.1662844233691756
2426,0.16425635068842248
2427,0.1649305553155142
2428,0.16409199818072628
2429,0.16462373108503556
2430,0.16492099095841264
2431,0.16555318725598214
2432,0.1653975522377228
2433,0.1631088754836218
2434,0.1683530134494556
2435,0.16515520528923802
2436,0.16678719113452076
2437,0.16537380128451226
2438,0.16512750356991757
2439,0.16543584765433486
2440,0.164015833467806
2441,0.16421865663885385
2442,0.16699129348354955
2443,0.1659489130077933
2444,0.16513008664745235
2445,0.1658640617099084
2446,0.1664069849235976
2447,0.1665502761837479
2448,0.1647542047005118
2449,0.16568990244959791
2450,0.1672632792247779
2451,0.16354293251880753
2452,0.16387197335059853
2453,0.16611339924594737
2454,0.16340516559797977
2455,0.1649698275801176
2456,0.1643139245404441
2457,0.16502283289795228
2458,0.16614468032146876
2459,0.16302970003602166
2460,0.16534817084267614
2461,0.16514371082233284
2462,0.16465087975652143
2463,0.16620615376398218
2464,0.16718396698234653
2465,0.1663715732242852
2466,0.1644728540956076
2467,0.16483447656197023
2468,0.1662802980626442
2469,0.1654479463706577
2470,0.16440394171635225
2471,0.16676259267571492
2472,0.16475216140832646
2473,0.16370360067203915
2474,0.1652285435913591
2475,0.1654310204505387
2476,0.1659113059196429
2477,0.16524974748037827
2478,0.1662860121794861
2479,0.16688385212418044
2480,0.1681335356919898
2481,0.166170796021247
2482,0.1654012047384992
2483,0.16444627626115557
2484,0.16498541181687237
2485,0.16552050930307358
2486,0.16570110517642744
2487,0.16322814958570456
2488,0.16550391378737814
2489,0.16437082262431818
2490,0.16703615752823625
2491,0.16544118945262148
2492,0.16594634619802043
2493,0.16596191762352178
2494,0.16680700956242248
2495,0.1649300502886514
2496,0.16404057313473003
2497,0.16532021725147006
2498,0.16616879524043635
2499,0.1649637533196387
2500,0.1666103017492357
2501,0.16598330459065336
2502,0.16559989696977556
2503,0.1670204045469688
2504,0.1661895097354008
2505,0.1646867771539458
2506,0.16602044182406203
2507,0.16401338009943955
2508,0.16659438245937686
2509,0.16478929103643464
2510,0.16633003263643123
2511,0.16560253438882652
2512,0.16364464513087218
2513,0.165136272944274
2514,0.1668332443519845
2515,0.16506992405030077
2516,0.1664607816070513
2517,0.16609278138182001
2518,0.16356305526524717
2519,0.1640430315654248
2520,0.16510816899665917
2521,0.1649103651590997
2522,0.16661038039957793
2523,0.16540997157710477
2524,0.16597334355722226
2525,0.16520800178891687
2526,0.16567654312554422
2527,0.1666050688513028
2528,0.16538817088560157
2529,0.1644297785641732
2530,0.16566661778933603
2531,0.1668721489951974
2532,0.16423536135036057
2533,0.16698405137695632
2534,0.16218679630994726
2535,0.16605452280383565
2536,0.16504039029501283
2537,0.16580728516507515
2538,0.16469201756943344
2539,0.16406484558793644
2540,0.166279519088282
2541,0.16409413296511483
2542,0.16511876107503057
2543,0.16664439449187218
2544,0.16595275082414088
2545,0.16374162168514833
2546,0.16626469686590836
2547,0.16507224450203545
2548,0.16691393592279394
2549,0.1670350801929543
2550,0.16621099826426497
2551,0.16478791500629592
2552,0.16746009292992328
2553,0.16586425728969686
2554,0.16536220261676815
2555,0.16557381837792529
2556,0.1638681102162613
2557,0.1656242496911488
2558,0.16296585902010594
2559,0.1642228536954881
2560,0.16620394104523142
2561,0.16645033773585027
2562,0.16777997461602026
2563,0.1657239960132461
2564,0.16721183212756222
2565,0.16263786962700946
2566,0.16367073047031788
2567,0.16723634044766786
2568,0.16493012775318017
2569,0.1650213612396922
2570,0.16405390050760402
2571,0.1639116912757008
2572,0.16590808729391854
2573,0.16585883309728358
2574,0.16424451641300522
2575,0.16671824211030312
2576,0.16690426301210506
2577,0.16580363493876243
2578,0.1666348018573375
2579,0.1638004794657459
2580,0.1650796030341009
2581,0.16669710700868576
2582,0.16643500176172557
2583,0.16471420101072826
2584,0.16498666093105596
2585,0.1631223994150442
2586,0.1644460203586603
2587,0.16766966284272816
2588,0.16586832966578355
2589,0.16561027833577052
2590,0.16564518810740048
2591,0.16554507324270576
2592,0.1644886637483723
2593,0.1657487285995834
2594,0.16561705377167307
2595,0.1649031254008484
2596,0.16615080997715778
2597,0.1652480276700674
2598,0.16591873096782678
2599,0.16593438551232362
2600,0.16443446768521325
2601,0.16597394411507518
2602,0.16533602983317686
2603,0.16433236595476486
2604,0.16378105693959608
2605,0.16675962577042985
2606,0.16490528307843597
2607,0.16676953368844594
2608,0.16325369770017734
2609,0.1660792036734643
2610,0.16512717803275812
2611,0.1661910748755616
2612,0.16493919240221933
2613,0.16411365990783303
2614,0.1645593236641132
2615,0.165768854498754
2616,0.1640271817412932
2617,0.16639182582543435
2618,0.16483289047536814
2619,0.16725004268079785
2620,0.16549581446636155
2621,0.1651649688303774
2622,0.164666277959372
2623,0.16482936932665201
2624,0.16629634540277027
2625,0.1644783880412141
2626,0.16528285892759456
2627,0.1651101742061349
2628,0.16384232739610527
2629,0.16455177179135755
2630,0.1647882895520251
2631,0.16481981043175378
2632,0.16605925049591003
2633,0.16432939668486676
2634,0.166487262208336
2635,0.16423800421442297
2636,0.16732293230322817
2637,0.164550228764631
2638,0.1659484888575729
2639,0.1658546771807451
2640,0.16575518526208527
2641,0.16553677579905654
2642,0.16476417674806176
2643,0.16513746949615335
2644,0.16384514141877854
2645,0.16531902409903546
2646,0.16720999708660542
2647,0.16397937926969772
2648,0.16374699973001644
2649,0.16358087950316405
2650,0.16518578016059546
2651,0.1639727175820046
2652,0.16328688224020252
2653,0.1665259868333054
2654,0.16306821664416027
2655,0.16572671575568076
2656,0.1668556335686
2657,0.16624135872154544
2658,0.1652734829730287
2659,0.16538105994691724
2660,0.16438081667948568
2661,0.1645408456919387
2662,0.1632866372488461
2663,0.1640224962657064
2664,0.1671845515326666
2665,0.16625919193584143
2666,0.16614558679474203
2667,0.1651486548893399
2668,0.1633297108734308
2669,0.16486342428779183
2670,0.16307005122246465
2671,0.1654273491731999
2672,0.16488486278410752
2673,0.16606502909302723
2674,0.1641085003965864
2675,0.16470904329187885
2676,0.16421642098563724
2677,0.16296527477408645
2678,0.16456050405551212
2679,0.16470298883330245
2680,0.16526347546609274
2681,0.16474974223015118
2682,0.16690099658685117
2683,0.16255718223418195
2684,0.1635152803878463
2685,0.16551177304777967
2686,0.16330109941667997
2687,0.16590077512316032
2688,0.16529300415171858
2689,0.16540013065201467
2690,0.1659762687656722
2691,0.16650633229756742
2692,0.16580867466237764
2693,0.1638374493128034
2694,0.16484852425080235
2695,0.16655198061189838
2696,0.1665823580755238
2697,0.16492174115920877
2698,0.1648766216626502
2699,0.16296622467328403
2700,0.16443617033592142
2701,0.16541114277978736
2702,0.16621211258866486
2703,0.16406684457747955
2704,0.1631660445346115
2705,0.16451890956820725
2706,0.1658095240073345
2707,0.16471480967341814
2708,0.16476073980742043
2709,0.1660181043518582
2710,0.16589441036507968
2711,0.16700448882528465
2712,0.16595981264234216
2713,0.163615080818789
2714,0.16470748474467392
2715,0.1647821918553051
2716,0.16557467888308244
2717,0.16692557182090298
2718,0.16601722440212824
2719,0.16207537894102253
2720,0.16684981454447068
2721,0.16311092630002874
2722,0.16698020239268566
2723,0.16378127642776813
2724,0.16325862345138045
2725,0.16524993300961843
2726,0.1642918279210985
2727,0.16684504277202447
2728,0.16456251414240972
2729,0.16594989857854947
2730,0.16630173153739147
2731,0.16799307433307323
2732,0.16467287252797633
2733,0.16574992977223316
2734,0.16385236323118257
2735,0.16503924359326183
2736,0.16713079097376699
2737,0.16520879226234797
2738,0.1653757229281692
2739,0.16652890614405153
2740,0.16312351719078952
2741,0.1655728475222192
2742,0.16762889482922116
2743,0.1664552091909651
2744,0.16569888699577048
2745,0.165003910306781
2746,0.16548783897989605
2747,0.166341213889939
2748,0.16386148982079074
2749,0.16530656700818872
2750,0.16584721603470298
2751,0.1653504958663261
2752,0.16504529996290945
2753,0.16616581855724497
2754,0.16427261310873673
2755,0.16597967938583927
2756,0.1648194291567668
2757,0.16394049950402256
2758,0.16524810230176343
2759,0.1674360872097313
2760,0.16335784237566647
2761,0.16585734435223815
2762,0.16495433718467534
2763,0.1645624806303418
2764,0.1651082966932249
2765,0.16544149720638732
2766,0.16407039423099562
2767,0.1645085081373102
2768,0.16582869490310517
2769,0.16402468447782514
2770,0.16574399556328367
2771,0.16728276744121845
2772,0.16557419429653802
2773,0.16500775644402704
2774,0.16473116914623756
2775,0.16539817363626463
2776,0.16828884413580464
2777,0.16419825195423499
2778,0.16608264724862098
2779,0.16714055283267848
2780,0.165291731915867
2781,0.16453749455724057
2782,0.16588913809087505
2783,0.16578734185880822
2784,0.1666748640123243
2785,0.1653515273995057
2786,0.165149589553239
2787,0.16633330165974466
2788,0.16500559870867781
2789,0.16522172262537294
2790,0.16453466253710605
2791,0.16483695801747147
2792,0.16656753243194977
2793,0.16611008845214584
2794,0.16580360740296474
2795,0.165682086999892
2796,0.16617530375934933
2797,0.16348589270119537
2798,0.16562238833529125
2799,0.16558567997846532
2800,0.1661200039456566
2801,0.16601933214286102
2802,0.16632820161913336
2803,0.16500273143989247
2804,0.16526703584166455
2805,0.1646254823278634
2806,0.16508034603760316
2807,0.16613883666004955
2808,0.1642019125990053
2809,0.16492925458387467
2810,0.16642089895851933
2811,0.164298497675617
2812,0.16631980027865675
2813,0.16643703203536458
2814,0.16538614333047147
2815,0.16649531454730784
2816,0.16574098828978814
2817,0.16340595415383372
2818,0.16601133828685427
2819,0.16730878754424297
2820,0.16529932755534507
2821,0.16588611752098492
2822,0.16457500081366574
2823,0.16366706801432912
2824,0.16312050203657394
2825,0.16423618347915658
2826,0.1654892636548119
2827,0.16574114113060673
2828,0.16342481437738796
2829,0.16567163913688274
2830,0.16560385689826404
2831,0.1663596932548291
2832,0.16597236308790986
2833,0.16605952317499514
2834,0.1671963012938416
2835,0.16318901092871413
2836,0.1638350628947416
2837,0.16373311850501665
2838,0.1660499481343058
2839,0.1602504869429245
2840,0.16452418567408755
2841,0.16647468380112085
2842,0.16560021064757582
2843,0.1670869151969807
2844,0.16480504726303533
2845,0.16381619835239428
2846,0.16622553620462935
2847,0.16597053839800172
2848,0.16747880688031538
2849,0.16482653614812168
2850,0.16489430412754907
2851,0.1677381472833414
2852,0.16639896227864873
2853,0.1659289438334321
2854,0.16509038477807744
2855,0.16612439123054512
2856,0.1667297312604331
2857,0.16383630194272586
2858,0.162954427309153
2859,0.16522112159628077
2860,0.1664293145290014
2861,0.16499912604792347
2862,0.16498045346094015
2863,0.16410969911257806
2864,0.16595170041256568
2865,0.16492554013681396
2866,0.1654985006691521
2867,0.16706093811798656
2868,0.16713842535377485
2869,0.16613602196749208
2870,0.16522949999764105
2871,0.1655123712750826
2872,0.16475323149139268
2873,0.16460071211341357
2874,0.16451770144559208
2875,0.1653352372710297
2876,0.16677300644883367
2877,0.16607649417113032
2878,0.16576018873518397
2879,0.1648780871363534
2880,0.16623711114996645
2881,0.1665962543327448
2882,0.16452033444019296
2883,0.16526751794479125
2884,0.1640768465946708
2885,0.163262536322717
2886,0.16341787914777414
2887,0.16727928555068083
2888,0.16551685010693962
2889,0.16342427296268694
2890,0.1656502680343986
2891,0.16485532765502467
2892,0.16455792675693715
2893,0.1659666721769065
2894,0.16414655599742944
2895,0.16658303137856986
2896,0.16588888332616405
2897,0.16405777591325624
2898,0.16520105322097844
2899,0.16428612413941354
2900,0.1651768493671959
2901,0.1664100870039486
2902,0.16630278455950062
2903,0.16629980034536096
2904,0.16621718887653797
2905,0.16489998766398448
2906,0.16481397857772773
2907,0.16434721796755156
2908,0.16256043650354177
2909,0.16669165532330243
2910,0.16683964283376665
2911,0.16559404235209527
2912,0.16470849204671106
2913,0.16474327299050645
2914,0.1654254202278828
2915,0.1660049991559214
2916,0.1656154361043711
2917,0.165177639028938
2918,0.1649418370341467
2919,0.16398160122258165
2920,0.16592312988917907
2921,0.16514627287947853
2922,0.16571962036426077
2923,0.16440013515163734
2924,0.16539895099662769
2925,0.16759485807439675
2926,0.1662014027966021
2927,0.1633216767725276
2928,0.16614416116484979
2929,0.16479637076139517
2930,0.16519993416449996
2931,0.1647413547791366
2932,0.16537420822419618
2933,0.16604802643416433
2934,0.16374629072266428
2935,0.16361079895050482
2936,0.1657504847927523
2937,0.16327676935029214
2938,0.16522850680121556
2939,0.16505146389328026
2940,0.16462264541889793
2941,0.168278139073281
2942,0.16556309426292135
2943,0.16669672385294956
2944,0.16567644972143836
2945,0.1673276182455817
2946,0.16669503670295774
2947,0.16356283313695
2948,0.1647398772250996
2949,0.16426399084611112
2950,0.1646680718080246
2951,0.16405266945575295
2952,0.16706033509595594
2953,0.16627689038779253
2954,0.16588298771751894
2955,0.1655734989586756
2956,0.16427768366213577
2957,0.1657320955658688
2958,0.16309352209548628
2959,0.16681132020394476
2960,0.16594606956456898
2961,0.16454126054850632
2962,0.16650969730892828
2963,0.1655184567304729
2964,0.16471758984526547
2965,0.16597636958114956
2966,0.16767667480862636
2967,0.1643406423362602
2968,0.16604129187802952
2969,0.16692677924504898
2970,0.1651904594437766
2971,0.16612661471879567
2972,0.16636662706765037
2973,0.1659423566453546
2974,0.16433259404439965
2975,0.16629811535431677
2976,0.164315947458272
2977,0.16555506462000213
2978,0.16600048528553218
2979,0.16408188580075436
2980,0.16586411106422083
2981,0.16339454860845637
2982,0.1657691479738559
2983,0.1652731117507881
2984,0.1649841005722782
2985,0.16581929587228744
2986,0.1677372995497254
2987,0.16361369440704998
2988,0.1653430827662028
2989,0.16669051871641424
2990,0.16664069922863323
2991,0.16476611437735336
2992,0.16519456995878226
2993,0.16515025621781387
2994,0.16707743218125173
2995,0.16518319544339385
2996,0.16552904372606175
2997,0.16469309933540976
2998,0.16704457206262308
2999,0.1643403762846917
3000,0.16484143830117745
3001,0.16458435651812664
3002,0.16788417052496832
3003,0.1657985105161289
3004,0.16613111751298837
3005,0.16394484238330953
3006,0.16540057990764354
3007,0.16414075585110205
3008,0.16630255568637817
3009,0.16496248028829374
3010,0.1652378743196588
3011,0.1674181871047235
3012,0.16524041446605714
3013,0.16465727430844812
3014,0.16507295618233067
3015,0.16506438349046804
3016,0.16610800801651468
3017,0.16333639109488474
3018,0.16427916420423327
3019,0.1648924491116376
3020,0.16537210121507118
3021,0.16727958959235154
3022,0.1637309808926739
3023,0.1675043356544458
3024,0.16645831215774318
3025,0.16664275780439203
3026,0.16422737522881356
3027,0.1641061230731435
3028,0.16428208330461846
3029,0.16501620230875
3030,0.16547630048191606
3031,0.16477260479212666
3032,0.16419448185298888
3033,0.1648170473300513
3034,0.16569413508212186
3035,0.1651944009059464
3036,0.16461775086338565
3037,0.16560842649195134
3038,0.16593654318613604
3039,0.16557753490969337
3040,0.1661663021293999
3041,0.16533941273101033
3042,0.1643603272942901
3043,0.16350916635272716
3044,0.16469397306326866
3045,0.16777721053847441
3046,0.16512364037537883
3047,0.166502169735766
3048,0.164013210639655
3049,0.16478913438665765
3050,0.16526448254653683
3051,0.16545570115750471
3052,0.16535156754691652
3053,0.16573823871443857
3054,0.16601469638204105
3055,0.1656342178338671
3056,0.16480283019791225
3057,0.16576002687769759
3058,0.16486422108963442
3059,0.1661698046871099
3060,0.16497953386913727
3061,0.1643529158089118
3062,0.16622420795011605
3063,0.16466539791806167
3064,0.16611716185958494
3065,0.16620130449530857
3066,0.1666004484128124
3067,0.16486652948688357
3068,0.16504131456960844
3069,0.16520548433124788
3070,0.16487532531539034
3071,0.16703793264829148
3072,0.16690771293704487
3073,0.16540255419269784
3074,0.1661389895772602
3075,0.16430699121898118
3076,0.16551788291568884
3077,0.16548427762569265
3078,0.16611070508590686
3079,0.16599622050001273
3080,0.1638438957482454
3081,0.16559294904553326
3082,0.16465093733138653
3083,0.1648932433174055
3084,0.16387725337730544
3085,0.16672081437242442
3086,0.16187999624383217
3087,0.1670569438110355
3088,0.16533895897400525
3089,0.16916204307055746
3090,0.165469060918243
3091,0.1637313041845942
3092,0.16680491990590884
3093,0.1626616371568514
3094,0.16372133835126862
3095,0.16430300048905108
3096,0.16689353473867177
3097,0.1666074807218837
3098,0.16622819723506946
3099,0.16495748237837513
3100,0.16473007459326802
3101,0.16536966760556113
3102,0.16696831224474948
3103,0.16362276176304266
3104,0.1656987150290773
3105,0.16539821849133785
3106,0.16595310612744463
3107,0.16591837403128448
3108,0.16518524799334103
3109,0.1668107356211318
3110,0.1656589037913303
3111,0.16541311836836228
3112,0.16298989950841405
3113,0.16373061931260194
3114,0.16647102856552257
3115,0.1645046885706975
3116,0.16614114007700787
3117,0.16546021692636073
3118,0.16463896373828948
3119,0.16409767473200065
3120,0.16556084958714196
3121,0.16614263981367025
3122,0.16619860656758423
3123,0.16455618442354877
3124,0.16505785259043862
3125,0.1651159451987182
3126,0.163153173239636
3127,0.1638131391311768
3128,0.16585264324554008
3129,0.16592672291482582
3130,0.1655993331221027
3131,0.16451223428902018
3132,0.16396253790263257
3133,0.16506993962913297
3134,0.16284948909093946
3135,0.16558560837192726
3136,0.16602192853941578
3137,0.16412840495357164
3138,0.1657970459249816
3139,0.16552527800418748
3140,0.16740299196371206
3141,0.16633407347994442
3142,0.1670319135984637
3143,0.1658536682447667
3144,0.1650889855717553
3145,0.1662418193795676
3146,0.16667439195869863
3147,0.16361993266932237
3148,0.16532516938368277
3149,0.16612641359149513
3150,0.16597476496976885
3151,0.16549877839705363
3152,0.16528575656028055
3153,0.16590843706182062
3154,0.16468089866284813
3155,0.1662384551726803
3156,0.16531748324921414
3157,0.16497359189274494
3158,0.16484614972334466
3159,0.16619526790334968
3160,0.16552378461134415
3161,0.1651922067069506
3162,0.1650001031602361
3163,0.16731407955299485
3164,0.1666984769157166
3165,0.16567080951238228
3166,0.16589597726650673
3167,0.1645307498774813
3168,0.16468218273966023
3169,0.1653603359808669
3170,0.16416153118578253
3171,0.1659203327225619
3172,0.16428088273214334
3173,0.16475642069770824
3174,0.16627930492284387
3175,0.1657242194934175
3176,0.16473398876751286
3177,0.16670740525353578
3178,0.16728084987989625
3179,0.1674590489906617
3180,0.16298606759581924
3181,0.16620021338332766
3182,0.16752589393396683
3183,0.16345122943575635
3184,0.165710142388828
3185,0.1639770866298694
3186,0.16862148625141093
3187,0.16615332263733515
3188,0.1650421210697246
3189,0.16428487755421314
3190,0.1643095066084201
3191,0.16550801919642047
3192,0.16536665139580903
3193,0.1667122944809664
3194,0.16588264515538728
3195,0.16430714006667804
3196,0.16788809554359535
3197,0.16553602973945555
3198,0.1665807098389123
3199,0.16417235079708925
3200,0.16569253878085746
3201,0.16475918648837623
3202,0.16532403538211338
3203,0.1658878562681019
3204,0.1641303427473495
3205,0.16578443804393053
3206,0.16651862186101565
3207,0.16455167447813474
3208,0.16292926306308375
3209,0.16650179196692647
3210,0.1642900263835996
3211,0.1675967778326344
3212,0.16371148878312475
3213,0.16482997266212646
3214,0.16551419648625856
3215,0.16414160653484347
3216,0.16451593697457517
3217,0.16687851874419476
3218,0.16489502164436107
3219,0.16361523396609706
3220,0.1642821723218243
3221,0.16429459638858485
3222,0.1656873298912103
3223,0.1650218565500507
3224,0.16366289191571048
3225,0.16483274178124815
3226,0.1644734429504023
3227,0.16561440128288205
3228,0.16451579633125332
3229,0.1654126674446693
3230,0.1660492905660659
3231,0.16707713199748606
3232,0.1655169799876821
3233,0.16506150688582752
3234,0.16657978224846223
3235,0.165990399367921
3236,0.16514059550799684
3237,0.16477598542679542
3238,0.16443734563691267
3239,0.16367486030965755
3240,0.16761197479437556
3241,0.1667801665784841
3242,0.1658001668659737
3243,0.16584369133404683
3244,0.16653057391161316
3245,0.16515910105011367
3246,0.164774472584492
3247,0.1657714022166528
3248,0.16503513094490635
3249,0.16399054187112141
3250,0.16565946236900642
3251,0.16495697921463723
3252,0.16292031348143476
3253,0.16591368887627692
3254,0.1670020810591523
3255,0.1649447276687041
3256,0.1648791022444468
3257,0.16380797066124067
3258,0.166705025432322
3259,0.1655825827293603
3260,0.16640381384769076
3261,0.1653730757977249
3262,0.16568026536581085
3263,0.16573054360537978
3264,0.16632329637011742
3265,0.1653104022346174
3266,0.16640182190865438
3267,0.16574634554034492
3268,0.16510758059934177
3269,0.16605882195485322
3270,0.16630409356544595
3271,0.16442463503042384
3272,0.16383390885230276
3273,0.16516560205546787
3274,0.16721259672707525
3275,0.16528283959274345
3276,0.1661638383950115
3277,0.16626431375355455
3278,0.1638327547167492
3279,0.16504126492764865
3280,0.16730818512660459
3281,0.16535376723844133
3282,0.16262716553968815
3283,0.16532300154743212
3284,0.16557860971866414
3285,0.16565114536419878
3286,0.16638553656761831
3287,0.16563924039819378
3288,0.1668463763203131
3289,0.1666212573921417
3290,0.16531933801978832
3291,0.1660561359598124
3292,0.16561412894774274
3293,0.165289951281947
3294,0.16374858968502265
3295,0.16871250852982816
3296,0.1654690069565217
3297,0.16609340706237222
3298,0.16740993456644554
3299,0.16481786101161475
3300,0.16352706147082693
3301,0.16741268654343744
3302,0.1665984047716917
3303,0.16449979030114412
3304,0.1669143978332659
3305,0.16613418967745536
3306,0.16525134298250493
3307,0.16709103582448764
3308,0.16466794230323448
3309,0.16525633001513362
3310,0.1645431102789932
3311,0.16541101011453027
3312,0.16441466556065978
3313,0.16475511630317052
3314,0.16575770006654378
3315,0.16461220559923706
3316,0.16565569367904395
3317,0.16322755549986448
3318,0.1671255168499823
3319,0.16387260005631954
3320,0.16489641558991247
3321,0.16599652123679096
3322,0.16519917928359318
3323,0.16587046300834893
3324,0.165570416374147
3325,0.16388269628443178
3326,0.16199276319212044
3327,0.16540067856692364
3328,0.16468060892791264
3329,0.1647766777876496
3330,0.16382721893350288
3331,0.16375252750296587
3332,0.16373372943151684
3333,0.1656301200826639
3334,0.1650425650960174
3335,0.16562167328235208
3336,0.16759637488962492
3337,0.16667500790074913
3338,0.1638040831317864
3339,0.1651917858924096
3340,0.16494924499852354
3341,0.16493653226509053
3342,0.16588255080205486
3343,0.16404249318925046
3344,0.1659138153725695
3345,0.16275987850914733
3346,0.1668936523349555
3347,0.16553911480013664
3348,0.16618362381644386
3349,0.16535615533334605
3350,0.16622915592567555
3351,0.16482242403814618
3352,0.1648904519649973
3353,0.1660426252496392
3354,0.1656941615822225
3355,0.1650551435155214
3356,0.16663070056870857
3357,0.16418516014991205
3358,0.16391194599125306
3359,0.16574892875436628
3360,0.16394164532756234
3361,0.16308584895161116
3362,0.16514801217437886
3363,0.16472421732916923
3364,0.16488632016122956
3365,0.16729491582251516
3366,0.16662759991354928
3367,0.16709631682370715
3368,0.1647910628506307
3369,0.1643890731881987
3370,0.16644784874070176
3371,0.1662750896852404
3372,0.1651807605720566
3373,0.16579628596838586
3374,0.16492760011458082
3375,0.16401679132557032
3376,0.16518288664880396
3377,0.16533652688723552
3378,0.16404167800311367
3379,0.16588287016159886
3380,0.16592863324928905
3381,0.16610302987405065
3382,0.1676804851009619
3383,0.1664900513371
3384,0.16536655643355763
3385,0.16559642406293487
3386,0.16447571295701463
3387,0.16453194008910121
3388,0.16608865499921144
3389,0.16587857866452516
3390,0.16468280315083164
3391,0.16611108534980512
3392,0.16536018344145098
3393,0.1661944596906364
3394,0.16501101211226188
3395,0.16461375182967358
3396,0.16733322634454
3397,0.16601599376099885
3398,0.16298841745167078
3399,0.16569770324581104
3400,0.16547365249376325
3401,0.16405003016824082
3402,0.16686677137823588
3403,0.165316254447401
3404,0.16569458094936762
3405,0.16384866756439911
3406,0.1645788387488655
3407,0.16407939330246143
3408,0.16413212438393482
3409,0.16488678462105763
3410,0.16464233566513725
3411,0.16352444331531155
3412,0.16654032735421745
3413,0.16523056324122887
3414,0.16644795979210603
3415,0.1643764129522276
3416,0.1646651825316216
3417,0.16430831995067174
3418,0.16379837369881536
3419,0.1636982356840208
3420,0.16493009558870075
3421,0.16453359638262943
3422,0.16452409217241187
3423,0.16360066772166798
3424,0.16556331539317867
3425,0.16468517705573543
3426,0.16587917160212265
3427,0.16472382123324775
3428,0.16504219906783665
3429,0.16312038150391978
3430,0.16409521902249566
3431,0.16535413186056566
3432,0.16350816164343487
3433,0.16505230174406949
3434,0.16547758424386264
3435,0.16547589794682854
3436,0.16452231417366273
3437,0.16646875462551777
3438,0.16470654311362645
3439,0.16428132384363872
3440,0.1679296085241688
3441,0.16580735002089148
3442,0.16614369643508986
3443,0.16639820083424794
3444,0.165250278333914
3445,0.1644912385597068
3446,0.1656732980775703
3447,0.1638621517510147
3448,0.16400925734751678
3449,0.16475065803187258
3450,0.16609709162766478
3451,0.16564644039302184
3452,0.1620598493327443
3453,0.16798643050468143
3454,0.1652977212685064
3455,0.16669152003843277
3456,0.16712654130040874
3457,0.1664182643309649
3458,0.16661226515720243
3459,0.16417801036435248
3460,0.1649866117098334
3461,0.16607273235827497
3462,0.16491445669849739
3463,0.16548043503552498
3464,0.16588026484790927
3465,0.16622366186455112
3466,0.1670157970406723
3467,0.1638773447265715
3468,0.16534349875860307
3469,0.16653218679771825
3470,0.16592354673882367
3471,0.1650503367083191
3472,0.16462666728618944
3473,0.164837545856163
3474,0.16472093085452466
3475,0.16719226265894807
3476,0.16587316462710727
3477,0.16642129254716198
3478,0.16570269022761827
3479,0.16677839686073748
3480,0.16555712436719347
3481,0.16416477825228779
3482,0.16234627319409725
3483,0.1645974283672341
3484,0.16453446096233393
3485,0.16587115611783929
3486,0.16471173497672614
3487,0.16338337198437963
3488,0.16356686229557207
3489,0.16578584286462833
3490,0.1630975788430379
3491,0.16577146324361214
3492,0.16542666656629837
3493,0.1649467032160875
3494,0.16568322305301422
3495,0.1663945527565484
3496,0.16595526669082486
3497,0.16427568865629147
3498,0.16649016617222465
3499,0.16601265054509315
3500,0.16300768641464522
3501,0.16528530646781486
3502,0.16564829086036592
3503,0.1650902618341755
3504,0.16746913518915282
3505,0.16728239920208707
3506,0.1654047785765822
3507,0.16604098192233965
3508,0.16448024490114999
3509,0.1644629638371923
3510,0.16556776610408222
3511,0.16396738113056789
3512,0.16455224550893582
3513,0.1666340275685172
3514,0.1650788859382779
3515,0.16678928579521687
3516,0.16520382120502314
3517,0.16451958391157043
3518,0.16574774153783897
3519,0.164884587131748
3520,0.16414800831060208
3521,0.1663408257143988
3522,0.16508696777045598
3523,0.16533072328672818
3524,0.16458962796252058
3525,0.16386182385864878
3526,0.1684856127607305
3527,0.1647246746732916
3528,0.16536145158073867
3529,0.16592945354951724
3530,0.16506369407811466
3531,0.16340161107188356
3532,0.1670436086518941
3533,0.1643194524003687
3534,0.16506875077035668
3535,0.16537659602520025
3536,0.1658784190171235
3537,0.1655003581123013
3538,0.16368853416499038
3539,0.16440738501317329
3540,0.16573070729723724
3541,0.16502669516645718
3542,0.16562708268897036
3543,0.1667351527379233
3544,0.16611863905016452
3545,0.16295486870213646
3546,0.16539426049488304
3547,0.16612821706521508
3548,0.16467019488591741
3549,0.16468277861370903
3550,0.16608406487601574
3551,0.16337726754152368
3552,0.16567943356046885
3553,0.16657997164966254
3554,0.16406548268797477
3555,0.1637523888638801
3556,0.166239054238576
3557,0.1657478515131089
3558,0.16431623367571965
3559,0.1671964210646436
3560,0.1654468894197277
3561,0.1620168026969663
3562,0.16536943443063068
3563,0.1657756476445868
3564,0.16582363415340526
3565,0.16461960467977121
3566,0.16307425918440985
3567,0.16672180855740423
3568,0.16604037335120886
3569,0.16489405803533805
3570,0.1655834430326002
3571,0.1663481597464531
3572,0.16505712883409515
3573,0.16480252252160776
3574,0.16594917314355281
3575,0.1654186137649747
3576,0.1654184349889829
3577,0.16384521294536739
3578,0.1631752903009565
3579,0.1655662375274632
3580,0.1645176677966394
3581,0.1634723583650615
3582,0.16533588255228682
3583,0.16601292837917156
3584,0.16517526025389972
3585,0.16758236315475514
3586,0.1656910530674284
3587,0.16595894079856974
3588,0.16534735266363274
3589,0.16496386263119828
3590,0.16514447733179902
3591,0.16410010268824335
3592,0.16507138740475868
3593,0.1662042858614536
3594,0.16307936936601197
3595,0.16396358287320215
3596,0.16591286543205688
3597,0.16792392792913755
3598,0.1658622262801489
3599,0.1649265010382616
3600,0.16435127963558976
3601,0.16501740617877597
3602,0.1654867013242514
3603,0.1647378228611201
3604,0.16449481652204279
3605,0.1642119090433046
3606,0.16539557307332114
3607,0.165770316109966
3608,0.16252386860411358
3609,0.16651207121386347
3610,0.1638175457498599
3611,0.16543612286874929
3612,0.16508144056627566
3613,0.16383755614194315
3614,0.16476393204507914
3615,0.1648362718348225
3616,0.1673220880611427
3617,0.16649543081349005
3618,0.16563863168872292
3619,0.16668192227212322
3620,0.16543566863114048
3621,0.16649344464051075
3622,0.16416191937641741
3623,0.16587122442440794
3624,0.16450720780820705
3625,0.16432622503772443
3626,0.16741296875881337
3627,0.16608102086194357
3628,0.1666659950359661
3629,0.1677805553872626
3630,0.16656305071029506
3631,0.16661170793172264
3632,0.1663301965567984
3633,0.16576966402532609
3634,0.1643597757227865
3635,0.16642058327813783
3636,0.16427757872187598
3637,0.1663654285950852
3638,0.16513996410973047
3639,0.16393885604089625
3640,0.16800645099390477
3641,0.16388821043952256
3642,0.16477433621803353
3643,0.16599411799368988
3644,0.16481407253137587
3645,0.16621901079156032
3646,0.1655597342218281
3647,0.16218372619060997
3648,0.16532299882682044
3649,0.16553501812919044
3650,0.16513395281763166
3651,0.16689694903814709
3652,0.1656112652595643
3653,0.16553438088414243
3654,0.1646935387924641
3655,0.16606178897307608
3656,0.16557441313024213
3657,0.16504906691285082
3658,0.1651750795167579
3659,0.1649773144756699
3660,0.1624466824316078
3661,0.164571279286944
3662,0.16479619606485157
3663,0.16631500743779817
3664,0.16468612516817932
3665,0.16184212002120138
3666,0.1667781399520147
3667,0.16761620493018808
3668,0.16263742230375364
3669,0.16476264709572255
3670,0.16739671312882626
3671,0.16509894826026367
3672,0.16527643939129003
3673,0.1645469628248279
3674,0.1638725159497274
3675,0.16487784749810086
3676,0.1671832867033219
3677,0.16497980900106732
3678,0.16365667482858628
3679,0.16462353345823819
3680,0.165113939846048
3681,0.16509918898902673
3682,0.16683692818356613
3683,0.16412508979798668
3684,0.16624371580314215
3685,0.16671691210553458
3686,0.1649331750879363
3687,0.16444833281394206
3688,0.16490558464049698
3689,0.16386247019302622
3690,0.16502189425799668
3691,0.166141290698694
3692,0.1669980356875732
3693,0.1644350186434501
3694,0.16602009583915728
3695,0.16584934841653712
3696,0.16524458820156446
3697,0.16640471056354095
3698,0.16790047670421673
3699,0.1647297959083967
3700,0.16514800589112766
3701,0.16725875228346904
3702,0.166058082244929
3703,0.16527230412050148
3704,0.16343952703898476
3705,0.16624166348382097
3706,0.16487909046669966
3707,0.16443171209651453
3708,0.16575291113174434
3709,0.1659628297537001
3710,0.16723716728252563
3711,0.16438021833547037
3712,0.16605967434759863
3713,0.16569856653818305
3714,0.16454781283157813
3715,0.16533408737723465
3716,0.16612939592691112
3717,0.16404384307638464
3718,0.16627544465730448
3719,0.16428531144405967
3720,0.16583140286891448
3721,0.16562906858401027
3722,0.1665607345451379
3723,0.16662686682362038
3724,0.1652153983746786
3725,0.16468673056307662
3726,0.16810318202906227
3727,0.16555072683261504
3728,0.16403260787933507
3729,0.1652727378334436
3730,0.1631148637906636
3731,0.16496809800072107
3732,0.1643035506939608
3733,0.16775709001576375
3734,0.1645005328586402
3735,0.16584235192949762
3736,0.16349167237501622
3737,0.1657958741475562
3738,0.16605793639236763
3739,0.16512874126440444
3740,0.16523971657595576
3741,0.16451241365309993
3742,0.16536829136649348
3743,0.16553497822528868
3744,0.16500459611388354
3745,0.1674901497384422
3746,0.16564969508983338
3747,0.16498208545207652
3748,0.16151229202007675
3749,0.16507828455808732
3750,0.16319056130307266
3751,0.16569507291037694
3752,0.16577093239384208
3753,0.16539152312646893
3754,0.16567833047791897
3755,0.16405510322557781
3756,0.16629865886550468
3757,0.1656114642873356
3758,0.16504284513574666
3759,0.16523287446552848
3760,0.16491154023148516
3761,0.1656007219535625
3762,0.16569507730188013
3763,0.16169619349416045
3764,0.16610424609878452
3765,0.1655358688837896
3766,0.1643217852689712
3767,0.1639524073896054
3768,0.16667816883342315
3769,0.16623951909387963
3770,0.16557645133056764
3771,0.1651952576342621
3772,0.16494549385084933
3773,0.16670702281428224
3774,0.16816819527394478
3775,0.16622888624394852
3776,0.16501504485486906
3777,0.1661905027806278
3778,0.16518550829890682
3779,0.16565100233782928
3780,0.1655564423747008
3781,0.1657745683336332
3782,0.16614840042559734
3783,0.16396320667994999
3784,0.16300335676221014
3785,0.1655289489505953
3786,0.16633936898372276
3787,0.1611775411855854
3788,0.1644475853549539
3789,0.16640631666428135
3790,0.1661690274727598
3791,0.16311450756284876
3792,0.1677975693418918
3793,0.16439705711460542
3794,0.16625761193591904
3795,0.16616257463334413
3796,0.16395099174873604
3797,0.16429141358724514
3798,0.1641524888884565
3799,0.16582649321333925
3800,0.1667417084120148
3801,0.1648424016844225
3802,0.16634058235979343
3803,0.16399112174402916
3804,0.1653905490000516
3805,0.1651082772033441
3806,0.16402395682287527
3807,0.16550455367344702
3808,0.1630290794929845
3809,0.16753785878595268
3810,0.16701804682549046
3811,0.1657580938282601
3812,0.16555363060811312
3813,0.1625696411581404
3814,0.16517390296055112
3815,0.16523275516347585
3816,0.16442498821321877
3817,0.16406006369704523
3818,0.16528466147639334
3819,0.16524420227059355
3820,0.16581062644226519
3821,0.16452044123349646
3822,0.16586592548150864
3823,0.1637585321782093
3824,0.16337305596384283
3825,0.16424529081301623
3826,0.16506989871649386
3827,0.16533734552997995
3828,0.16690653314984813
3829,0.1636957373709869
3830,0.16616754338907433
3831,0.16394534939614364
3832,0.16406274309669705
3833,0.16300105205350193
3834,0.16545874255633714
3835,0.16311266270925215
3836,0.1665935874929624
3837,0.16392938901782733
3838,0.1650429696460825
3839,0.16569262215626285
3840,0.1655494813366258
3841,0.16554748342084505
3842,0.16494532058318478
3843,0.16244069695704058
3844,0.16540531748436268
3845,0.1651206703466154
3846,0.1649780233279861
3847,0.1634812339131247
3848,0.16405142003264622
3849,0.16773469293322044
3850,0.16556381040253734
3851,0.1657590950164588
3852,0.16707371577283003
3853,0.16686636276392464
3854,0.1656165222827727
3855,0.1639089610657284
3856,0.165160173589208
3857,0.16687494632254424
3858,0.16524847429428602
3859,0.16571749287933607
3860,0.16530740640818029
3861,0.16552841500141058
3862,0.16630655941946196
3863,0.16357946723826636
3864,0.16655939610054826
3865,0.16532809613286875
3866,0.16282864922230816
3867,0.16610797048551257
3868,0.16700487971242192
3869,0.16637863056682703
3870,0.16585999901358503
3871,0.16453354469068499
3872,0.1660948102231053
3873,0.166334012086678
3874,0.1652475563940536
3875,0.16613328737466695
3876,0.16477605684621127
3877,0.16509754639005922
3878,0.1673795854612244
3879,0.1668713668941423
3880,0.16705710064107673
3881,0.16583018254095575
3882,0.16654663393125807
3883,0.16586255145569231
3884,0.16480380434838957
3885,0.16514359267310658
3886,0.16462574307865008
3887,0.16726793034206575
3888,0.16613862584561676
3889,0.16653272094727173
3890,0.1656760532059961
3891,0.166786854602104
3892,0.165709635370327
3893,0.1661108077994302
3894,0.16348707521224695
3895,0.16575016459737754
3896,0.16690378749941998
3897,0.16578324863119476
3898,0.1662053968456127
3899,0.1653030830258304
3900,0.16481525010347828
3901,0.16683248104949852
3902,0.16506325498973343
3903,0.16647312206765336
3904,0.16795372611926185
3905,0.1659400030175886
3906,0.16702487787016201
3907,0.16169041730180225
3908,0.1648641420590335
3909,0.16592429493405364
3910,0.1674277527661384
3911,0.16470216440852203
3912,0.16588459309688502
3913,0.16576761951003077
3914,0.1657431238663909
3915,0.16459039330534164
3916,0.16636033111875287
3917,0.16299255653267142
3918,0.16460310995315372
3919,0.1648756986722215
3920,0.16382001735238536
3921,0.16627400353426036
3922,0.16592868661027466
3923,0.16461227744125617
3924,0.16583714440576336
3925,0.1642097254130774
3926,0.1643541761917488
3927,0.1648089185296719
3928,0.16556302786636154
3929,0.1638741884065376
3930,0.1652732136490113
3931,0.16613899317291794
3932,0.16175896165244433
3933,0.16649700654290064
3934,0.16541528381911577
3935,0.16367595372524713
3936,0.16521646383668842
3937,0.1647153024876899
3938,0.16391806238380188
3939,0.16359383941185748
3940,0.16420935903064135
3941,0.16637335140268708
3942,0.16549881227505875
3943,0.16531973308690234
3944,0.1678989405094916
3945,0.16616251193127088
3946,0.16646050862999537
3947,0.1650408512283579
3948,0.16459032256818784
3949,0.16535774964687094
3950,0.16443412406311234
3951,0.16662903497664305
3952,0.16619522049751811
3953,0.16556672301206107
3954,0.16549447232786038
3955,0.1653293420120024
3956,0.16567934715347601
3957,0.1657453364826444
3958,0.16459883852058202
3959,0.16535310122650146
3960,0.16565023037641147
3961,0.16440164609618932
3962,0.1647284428112945
3963,0.16682345487654726
3964,0.1635689118266185
3965,0.1651933604858515
3966,0.1659145352417895
3967,0.1641249279455401
3968,0.16546411121857285
3969,0.16586050174182246
3970,0.16437104271043726
3971,0.162965204247105
3972,0.1653211639624918
3973,0.16500235501263646
3974,0.16385253242223682
3975,0.1657238176022302
3976,0.166079339197736
3977,0.1665855660426607
3978,0.16473829652226926
3979,0.16627851974528088
3980,0.16712012889661654
3981,0.16594137453856872
3982,0.1638517692311518
3983,0.16274734278254582
3984,0.16546742428826178
3985,0.1647760985286956
3986,0.16597200648878155
3987,0.16580266098478433
3988,0.16627954784048382
3989,0.1658184558481342
3990,0.16690309239897547
3991,0.1659040672158352
3992,0.1672176275326778
3993,0.1654020504106664
3994,0.16539609977025496
3995,0.16716247881968174
3996,0.16576254570258558
3997,0.167356300353865
3998,0.16519687071616754
3999,0.16666946032252566
4000,0.16666385754448712
4001,0.16640595452792872
4002,0.1654983780488287
4003,0.16498362083447546
4004,0.16622462346259564
4005,0.16453088949381664
4006,0.16684591008164704
4007,0.1653645487655477
4008,0.1656451349634776
4009,0.166323117776929
4010,0.16561439433184558
4011,0.16602964646556864
4012,0.16468510288900728
4013,0.1654629105848939
4014,0.1660089957802087
4015,0.1644876180154361
4016,0.16600868188664414
4017,0.16485165691267611
4018,0.16476596480786088
4019,0.16548255977796272
4020,0.16488357334791368
4021,0.16474702050900203
4022,0.1642754363236763
4023,0.16589543433356116
4024,0.1643858549416384
4025,0.16691396910546147
4026,0.16711094049356118
4027,0.16318434317513061
4028,0.1678146748021373
4029,0.1658770919823849
4030,0.16545015256290863
4031,0.16444495661346026
4032,0.1637315002910823
4033,0.16566694630846912
4034,0.1649613982300347
4035,0.16607486271349908
4036,0.16436847640590674
4037,0.16455407365549302
4038,0.16562280455997327
4039,0.16454627261560661
4040,0.16510820373412952
4041,0.16543715923980484
4042,0.1656906831898263
4043,0.16446803519123127
4044,0.1645803970952996
4045,0.1658101039754146
4046,0.16651419446386506
4047,0.16532113862411218
4048,0.164677324829008
4049,0.16449039744203284
4050,0.16571197079022731
4051,0.16591120811337853
4052,0.1663694224095026
4053,0.16509172185503743
4054,0.1667386416513241
4055,0.16446944602418767
4056,0.1668757688115188
4057,0.16477761971549454
4058,0.16504439747729802
4059,0.16512144918701194
4060,0.1619781958232468
4061,0.1657620973930439
4062,0.16506756560884747
4063,0.16422678945364394
4064,0.16454302278363467
4065,0.16518429022099415
4066,0.1660862508399598
4067,0.165888985764594
4068,0.1661026806901451
4069,0.16728407153802513
4070,0.16381397414353177
4071,0.1641943060139688
4072,0.1633648823097903
4073,0.1660463916192419
4074,0.16504862190534736
4075,0.16585559410233086
4076,0.1660617818432765
4077,0.16615237640173666
4078,0.16706237396294552
4079,0.16549118280737188
4080,0.1651561406036158
4081,0.16565355260608575
4082,0.16482729584856873
4083,0.1642745741061449
4084,0.16577145589179695
4085,0.16655023173477998
4086,0.1657953330620913
4087,0.1662755768722969
4088,0.16732440467146767
4089,0.165997272072133
4090,0.16409095561997827
4091,0.16505462299786786
4092,0.1639459330390809
4093,0.16720701021157372
4094,0.16342073758616946
4095,0.16346950462765955
4096,0.16543258067022018
4097,0.16528736989288256
4098,0.16598219088865493
4099,0.16405417601874778
4100,0.16443839908120925
4101,0.16650464493361683
4102,0.16612710915659246
4103,0.16611314491908039
4104,0.1650157931407983
4105,0.16385008005571014
4106,0.16373967253909097
4107,0.1667666693779913
4108,0.1636488049182625
4109,0.16479997292970233
4110,0.16670008300570893
4111,0.1659464153626874
4112,0.16416862532291646
4113,0.1642674647777632
4114,0.16332674854802304
4115,0.16462377055946414
4116,0.1667233472969478
4117,0.16435439108992775
4118,0.16461101095820554
4119,0.16452907315485427
4120,0.1668757200948536
4121,0.1679504001877557
4122,0.16688809152646825
4123,0.16600213926266766
4124,0.1642860873919759
4125,0.16390096624579598
4126,0.16629680459715843
4127,0.1657736108414636
4128,0.1629493671972929
4129,0.1663110854281616
4130,0.16535129555452868
4131,0.16515605399849775
4132,0.16648050196390007
4133,0.16479135506225973
4134,0.1648130128084266
4135,0.1646013605007378
4136,0.1628852433846346
4137,0.1663563631258964
4138,0.16406748689242082
4139,0.16771919761553966
4140,0.1661674312666688
4141,0.16515249152530706
4142,0.16583506065911996
4143,0.16437441040178594
4144,0.16251738724195608
4145,0.16507893289332107
4146,0.1637151489437098
4147,0.16434081200780915
4148,0.16251999080218923
4149,0.16530490229987774
4150,0.16484189590332884
4151,0.16464473417114647
4152,0.16381017010876037
4153,0.1652995188180182
4154,0.16652425509616717
4155,0.16590136918215254
4156,0.16345045907705483
4157,0.16552375578734752
4158,0.163952262755349
4159,0.16678164672285778
4160,0.16678007323037178
4161,0.1625402349815848
4162,0.16688270082763276
4163,0.16486114901204374
4164,0.1651983973960781
4165,0.16571203731099107
4166,0.16711806179964048
4167,0.16418759374857855
4168,0.16546929729044835
4169,0.16359063900854073
4170,0.16302154898331347
4171,0.16667191558725328
4172,0.1650340008534593
4173,0.16447069235497208
4174,0.16630808430570942
4175,0.16767402766562056
4176,0.16428203844460593
4177,0.1622245618848936
4178,0.16597934934609124
4179,0.16461200508057033
4180,0.16658642254640213
4181,0.1668603012422928
4182,0.16302565352844967
4183,0.16500656835090927
4184,0.16599682673922614
4185,0.1649071334215372
4186,0.16657518576048774
4187,0.16518965116231604
4188,0.1652829190625366
4189,0.16556467203717293
4190,0.16555790579674048
4191,0.16568959044785642
4192,0.16319098811647545
4193,0.16581928271922064
4194,0.1636106256720232
4195,0.16499765223449497
4196,0.16430554598805974
4197,0.16684361578867182
4198,0.16711061080483122
4199,0.16420314154253696
4200,0.16590903279234656
4201,0.1661937028050877
4202,0.16650164986111332
4203,0.16494345363860377
4204,0.16559387389742627
4205,0.16653658049765038
4206,0.16556091887475252
4207,0.165494289471137
4208,0.16506103494001328
4209,0.1659043297949417
4210,0.1671293907618104
4211,0.1647225742709816
4212,0.16540671267342344
4213,0.16432509970181866
4214,0.16626438634201485
4215,0.1641587175782878
4216,0.16466401021417354
4217,0.16702220137989965
4218,0.1664624075981428
4219,0.16549919389671047
4220,0.16466261889527828
4221,0.1623819193788778
4222,0.16545664899589474
4223,0.16461116797301423
4224,0.1663671667698207
4225,0.16645647269705421
4226,0.16488814327045095
4227,0.16552525125629933
4228,0.16748855168625795
4229,0.16717461806363987
4230,0.16359987028711204
4231,0.16473186146828056
4232,0.16460256399490752
4233,0.16586570233933443
4234,0.16500239114653648
4235,0.16719614395089666
4236,0.1626448952028146
4237,0.16383778968518284
4238,0.1657918348773845
4239,0.165168296538244
4240,0.1648975728219999
4241,0.16464511255785888
4242,0.16323746242867263
4243,0.16374391137424738
4244,0.16542930781642828
4245,0.16547778459524026
4246,0.16367230781958683
4247,0.166994909115188
4248,0.16604419800716988
4249,0.16408869582222876
4250,0.16524045429047673
4251,0.16477559655448806
4252,0.16401292309526513
4253,0.1657886754492824
4254,0.16383813464980426
4255,0.1668717163538123
4256,0.16482865903979418
4257,0.16465914440060042
4258,0.16499363324508529
4259,0.1649927177130749
4260,0.1645387964898883
4261,0.16500766629923996
4262,0.16663668477992719
4263,0.16482550938975113
4264,0.1661754394380291
4265,0.16520066115973409
4266,0.16562448405292027
4267,0.16513719600579302
4268,0.1653031452071362
4269,0.16448705577672074
4270,0.16524778210850424
4271,0.1649405771645786
4272,0.1654228532440466
4273,0.16439032323601732
4274,0.16420053503668847
4275,0.16394772449372036
4276,0.16699389553836677
4277,0.16519633337551443
4278,0.16674216554052035
4279,0.16472957281616427
4280,0.1618711762999208
4281,0.1671382857812897
4282,0.16545190872883905
4283,0.16554903096703524
4284,0.16391631313800095
4285,0.16637650688505978
4286,0.16381251483692505
4287,0.16808782194879351
4288,0.16525209757861195
4289,0.1669446772870566
4290,0.16458461446598016
4291,0.1643126896083455
4292,0.16599804487036554
4293,0.16650655258339475
4294,0.16490586304640664
4295,0.16339764392293923
4296,0.1664292613919653
4297,0.16532627020826776
4298,0.16553398244624315
4299,0.16605441520002873
4300,0.16835722226967406
4301,0.16680842887625622
4302,0.16366974481983934
4303,0.16618662898072853
4304,0.16734010954595585
4305,0.1653228215529842
4306,0.16285077389295693
4307,0.16708620131024585
4308,0.165854340940194
4309,0.16584772800703407
4310,0.1631888913894402
4311,0.1670981243453754
4312,0.16655624449432369
4313,0.16565365484208677
4314,0.16626807862755758
4315,0.16451828626164836
4316,0.1629877731387251
4317,0.16491263878648676
4318,0.16303864076352537
4319,0.16522876088947233
4320,0.16633482461545956
4321,0.1642378991267588
4322,0.1645260855753454
4323,0.16579426493767335
4324,0.16498950833727535
4325,0.16377989142407257
4326,0.1652168024892344
4327,0.16613318073365202
4328,0.16536128844662026
4329,0.16674710987587965
4330,0.16486727677105942
4331,0.16497828371248816
4332,0.16693482106074245
4333,0.16447396066219136
4334,0.16424483503374585
4335,0.16310576659234488
4336,0.1657704849378054
4337,0.16574265322030013
4338,0.16529561359375286
4339,0.16633004966412662
4340,0.1639935797118477
4341,0.16592358503510773
4342,0.1649726821088807
4343,0.1657946378429237
4344,0.16494131837276566
4345,0.16547587910798064
4346,0.1664620242089978
4347,0.1641936577315491
4348,0.1661365248256125
4349,0.16369953248316094
4350,0.16607838125033988
4351,0.16536632868606493
4352,0.16538838113924706
4353,0.16410638593027646
4354,0.1659456655208551
4355,0.16437421974872435
4356,0.16534140363322192
4357,0.16439183415169226
4358,0.16550001825911537
4359,0.1651033065540855
4360,0.16651131037207295
4361,0.16461081027029484
4362,0.16489813600674055
4363,0.16517878627412846
4364,0.166567252395516
4365,0.16393330621648522
4366,0.1655766971635339
4367,0.16581645793635508
4368,0.16576832157611535
4369,0.16524345149564854
4370,0.16528941836907685
4371,0.16783156581416966
4372,0.16452708697093613
4373,0.16598022456351907
4374,0.16377603746128624
4375,0.16585137673476535
4376,0.16448464955778547
4377,0.16678242302066404
4378,0.1646897013918079
4379,0.1633344215286638
4380,0.16771467703232149
4381,0.16462180102823898
4382,0.16537194882527387
4383,0.16350365263751276
4384,0.16694645792209703
4385,0.16406466042666723
4386,0.1665411855140343
4387,0.16430334679632252
4388,0.1644432865488031
4389,0.1657238765724416
4390,0.1627844305098793
4391,0.16423657357429292
4392,0.16553618315425472
4393,0.16595479038961944
4394,0.1653294491673729
4395,0.16498576004554694
4396,0.1644036574314683
4397,0.1669959005304998
4398,0.16540160097320886
4399,0.165327719123766
4400,0.16647585816324742
4401,0.16385867538900076
4402,0.16494732652629107
4403,0.16708315645428432
4404,0.16563718030362326
4405,0.16514046964726894
4406,0.16323676927826186
4407,0.1644677868109933
4408,0.162208482535158
4409,0.1655833690752199
4410,0.16518901234776062
4411,0.1660778932240195
4412,0.16489804509764278
4413,0.16355838878884213
4414,0.16648107726153893
4415,0.16559917959738357
4416,0.16513739709321545
4417,0.16506202198623807
4418,0.16517650185380078
4419,0.16537040041068377
4420,0.1642872084922593
4421,0.16571612123215643
4422,0.1668462221928632
4423,0.1647146027289325
4424,0.16727463703426565
4425,0.16603706202228047
4426,0.16200886556285551
4427,0.16516004534704046
4428,0.16741071060809698
4429,0.16516909969873822
4430,0.16435160139884286
4431,0.16588970509534634
4432,0.16515353090641077
4433,0.16438140734473583
4434,0.16602585004124934
4435,0.1662687689320998
4436,0.16444923303987388
4437,0.1651277399537763
4438,0.16452830349852218
4439,0.16581286134839995
4440,0.16641894928469667
4441,0.16684104278635833
4442,0.16419816025090508
4443,0.1656622451734052
4444,0.16665512742591457
4445,0.16538684009710422
4446,0.16538178493421754
4447,0.16737726274979506
4448,0.16553984583620834
4449,0.164250039026893
4450,0.16573902062597815
4451,0.1651187029894845
4452,0.16342866907461906
4453,0.16548006470787385
4454,0.16733514752815248
4455,0.16656372397018046
4456,0.1658110589673621
4457,0.16650068726218198
4458,0.16736102298913957
4459,0.1668380472324995
4460,0.16320735221752244
4461,0.16535116685322948
4462,0.16547612447865212
4463,0.1649757892744903
4464,0.1648241396841483
4465,0.16589430911696287
4466,0.16376936380818966
4467,0.1645848219737417
4468,0.16439565420415148
4469,0.16621517606911954
4470,0.16675239936147535
4471,0.1648169562991087
4472,0.16421366360542836
4473,0.1655021673357389
4474,0.16631932264984464
4475,0.1651488856417057
4476,0.16187782262652567
4477,0.1667315327351183
4478,0.16397039784300504
4479,0.16700669870905668
4480,0.16619123975399283
4481,0.1655500628107869
4482,0.1636342326139009
4483,0.1651483042900879
4484,0.16684694450555798
4485,0.16618824827274262
4486,0.1647925744176671
4487,0.16675221472206772
4488,0.16619796474139123
4489,0.16558480865668607
4490,0.16601655359479778
4491,0.16634657586644697
4492,0.16542068965475756
4493,0.16575549507801976
4494,0.16525497147676496
4495,0.16531725155374447
4496,0.16636903814283405
4497,0.16483095763490346
4498,0.16462223886459665
4499,0.16676940577535657
4500,0.16581368693525814
4501,0.1655836498607466
4502,0.16719631824744657
4503,0.1659983755984354
4504,0.16662843831269053
4505,0.16429533620791908
4506,0.16532028725131825
4507,0.16422095758008629
4508,0.1666100359557725
4509,0.16425857897088442
4510,0.16422715374622004
4511,0.16683989271905134
4512,0.16619370884456083
4513,0.1647255169889708
4514,0.16645157918833361
4515,0.16563786901450497
4516,0.16625367583880185
4517,0.16552629675170888
4518,0.16537078612991957
4519,0.16675599753690276
4520,0.16614423351289215
4521,0.16610704904370022
4522,0.1631326288316983
4523,0.1653670380511243
4524,0.16592407411378787
4525,0.16711691179480412
4526,0.16480696065846728
4527,0.16471427814271036
4528,0.16579203181645435
4529,0.16639377834945857
4530,0.1634600574675925
4531,0.1658160265505508
4532,0.1646036358724561
4533,0.16601928891867063
4534,0.16393502819791894
4535,0.166295913234982
4536,0.16514722855725292
4537,0.16553922667759163
4538,0.16421157344169893
4539,0.16675439475260614
4540,0.16777282673753904
4541,0.16592245426741062
4542,0.1642345694519394
4543,0.16550669711548888
4544,0.16573712980795124
4545,0.16494190690038021
4546,0.1664098221703657
4547,0.165214743840924
4548,0.16373987837253426
4549,0.16522803838926037
4550,0.1648803586459611
4551,0.16610731948986837
4552,0.16504144492589104
4553,0.16334650639075074
4554,0.16765268243824513
4555,0.16626725668775053
4556,0.1639768945777216
4557,0.16713092738976934
4558,0.16491193607874213
4559,0.166414096565472
4560,0.16546219551348182
4561,0.16310936822951191
4562,0.16358911009756136
4563,0.1658709714591146
4564,0.1648801938588722
4565,0.16474058173705342
4566,0.16617882707140763
4567,0.16512850446839217
4568,0.16590494897424118
4569,0.16380925932175103
4570,0.16528070754156274
4571,0.16354245326419573
4572,0.16506234192364047
4573,0.16485510634092426
4574,0.16486934067460143
4575,0.16618924576584818
4576,0.16615515034870984
4577,0.16390482419432997
4578,0.16612444157932452
4579,0.16665059232942694
4580,0.16505664161022443
4581,0.16238685199293354
4582,0.1655600539067329
4583,0.16419034566343294
4584,0.1648760830384354
4585,0.1655217256678492
4586,0.16440287234204035
4587,0.16345293667400457
4588,0.16485264147947679
4589,0.1653058342301794
4590,0.16502462417002595
4591,0.16538994907832388
4592,0.16446707422885729
4593,0.16372517713945148
4594,0.1655540974296122
4595,0.16689028080864854
4596,0.16402803029907462
4597,0.1640098614648799
4598,0.16600530540628466
4599,0.16682842217843125
4600,0.16442351840271074
4601,0.16473297747188753
4602,0.16527701919084653
4603,0.16382011884906253
4604,0.16478266917475035
4605,0.16747901641822108
4606,0.16669327272186227
4607,0.16500313793744215
4608,0.16631931505369507
4609,0.16398447842617841
4610,0.16485156101543338
4611,0.16460170324621837
4612,0.16454073292677865
4613,0.16456689448729772
4614,0.16759488485809396
4615,0.1658314745209646
4616,0.16545593659472366
4617,0.16588341901482942
4618,0.16452737738673145
4619,0.16574318083218617
4620,0.16554888497626827
4621,0.16488035305313165
4622,0.16620933069525196
4623,0.16377441674510368
4624,0.16388913985487802
4625,0.16487797977452898
4626,0.16408583953244896
4627,0.16570428253182282
4628,0.16599357487724717
4629,0.16555650828466775
4630,0.1663475888895412
4631,0.16393295818304657
4632,0.16682778793066075
4633,0.1673462255948578
4634,0.16429550811983143
4635,0.16565346084593008
4636,0.16486597518070742
4637,0.16631976963855058
4638,0.1646658368423186
4639,0.16540151697031355
4640,0.1648707124752341
4641,0.16592624930525807
4642,0.16590961635958928
4643,0.16425443117392613
4644,0.16626213645976518
4645,0.1664108303105286
4646,0.16420677538792391
4647,0.16617039005703427
4648,0.16375561697475405
4649,0.16461447785758862
4650,0.16552782286562026
4651,0.16573576097230236
4652,0.16617693022143654
4653,0.16638595386016736
4654,0.16606624893031846
4655,0.16397950725410346
4656,0.16465517680200648
4657,0.1666341278203365
4658,0.16373014504238365
4659,0.16666797761930655
4660,0.16539176772336328
4661,0.16419748135292628
4662,0.16638637938299128
4663,0.1669517426416168
4664,0.16623545051955754
4665,0.16514169409184135
4666,0.164789317707969
4667,0.16534336674103342
4668,0.1617302611929401
4669,0.16558003450445244
4670,0.16512035372900577
4671,0.16520813203200618
4672,0.16710003028758458
4673,0.16534750894370712
4674,0.16643171321455155
4675,0.16371092303178889
4676,0.16545116159668502
4677,0.16705775278329432
4678,0.16765150821668165
4679,0.16722074757311997
4680,0.1657119429186652
4681,0.1658377814880252
4682,0.1643388347650078
4683,0.16708502879433962
4684,0.1651507433737538
4685,0.16549143474549108
4686,0.16658872072367842
4687,0.1657719265854254
4688,0.16446269704841923
4689,0.16504361177954718
4690,0.16602306023363236
4691,0.1656248586407674
4692,0.16491962060102747
4693,0.16605802373063136
4694,0.16275105292800435
4695,0.16413799347940905
4696,0.16655669620310312
4697,0.16520180401367585
4698,0.16376179294679566
4699,0.16512387893771463
4700,0.16660685414382134
4701,0.1670144911346728
4702,0.16454231441447226
4703,0.1663854569517849
4704,0.16530936499365845
4705,0.16642477901557648
4706,0.16500172160796286
4707,0.1658865490611734
4708,0.1650640146122306
4709,0.16328821590232964
4710,0.1668405703166599
4711,0.16732659039268807
4712,0.16574793877205446
4713,0.1660170040723732
4714,0.16423999547908907
4715,0.16567406457267334
4716,0.16773058311674893
4717,0.16457872330079262
4718,0.16595996662892085
4719,0.16452231671213666
4720,0.16756166309660114
4721,0.164862865497631
4722,0.16526396616628325
4723,0.16410629547343802
4724,0.16380517056720043
4725,0.166025008630729
4726,0.166904084108578
4727,0.1645214738152277
4728,0.16546941632204146
4729,0.16462044826961286
4730,0.16401952486607255
4731,0.1661037177921536
4732,0.16540235206439083
4733,0.1652221262624745
4734,0.1660362476571282
4735,0.1673083758563234
4736,0.16559485902538898
4737,0.16603969028024745
4738,0.16645109832281113
4739,0.16498671280434457
4740,0.16570067032727054
4741,0.16515196504984558
4742,0.16504006663744097
4743,0.16709930601671674
4744,0.16269151664662337
4745,0.16548104904538702
4746,0.16658473064884302
4747,0.16359355978161044
4748,0.16588441311288454
4749,0.1664796667059364
4750,0.1650963039394027
4751,0.1664522550193206
4752,0.1656533985977363
4753,0.1672536846576306
4754,0.16341302427518897
4755,0.16450331602163426
4756,0.16629722736168226
4757,0.16554543029123983
4758,0.16374967495194886
4759,0.16545573217330148
4760,0.16598904530569839
4761,0.16396354504958796
4762,0.16325558494851447
4763,0.1664247023270925
4764,0.1656020063979252
4765,0.1655902371307844
4766,0.16611368118669184
4767,0.16480566401576296
4768,0.16545081826344238
4769,0.16657669157551785
4770,0.16643541954281643
4771,0.1654167395078407
4772,0.16528597557781435
4773,0.16579524800673393
4774,0.1646431088877566
4775,0.16494452576476779
4776,0.16403995461867693
4777,0.16484369098774596
4778,0.1672007535901728
4779,0.16393754117355244
4780,0.16442768903724697
4781,0.164834813073673
4782,0.1669006677266466
4783,0.16604543775358632
4784,0.1656467773223963
4785,0.16445578109413506
4786,0.1650046417205319
4787,0.16531784387679493
4788,0.16310496308187386
4789,0.16623254970366078
4790,0.16588565889700807
4791,0.1655235026475951
4792,0.16495366828213212
4793,0.16625388942747693
4794,0.16649204510277885
4795,0.16378657473441838
4796,0.16637208992905284
4797,0.16457540613777846
4798,0.16421851560274708
4799,0.1656833551854728
4800,0.1656575121088883
4801,0.16492861481781154
4802,0.1670722415611345
4803,0.16422789800918605
4804,0.16528163703121534
4805,0.16418788980612936
4806,0.16575308371068295
4807,0.16572593510731395
4808,0.16427905422593775
4809,0.1654047176174339
4810,0.16378660022529437
4811,0.166963370850596
4812,0.16406584648506026
4813,0.16587785192326893
4814,0.16705547814384172
4815,0.16442499370701597
4816,0.16401670593742637
4817,0.16603841912318237
4818,0.1620686059747845
4819,0.1646271981629652
4820,0.1652202716460984
4821,0.1660893237943235
4822,0.16467910387873547
4823,0.16714637217910774
4824,0.16701558733257305
4825,0.16667104154742712
4826,0.16582050208458354
4827,0.16473833923881287
4828,0.16546525255775718
4829,0.1648303083495131
4830,0.16562111310063948
4831,0.16753704578767367
4832,0.16569020511056146
4833,0.1657616184374854
4834,0.16428148663914807
4835,0.1675522267744291
4836,0.16643340068102047
4837,0.16544479673757423
4838,0.1658871107855948
4839,0.1661667158295028
4840,0.16528398604973038
4841,0.1631356406006653
4842,0.16720646232923342
4843,0.16755452926704312
4844,0.1661610445923222
4845,0.1647663623091383
4846,0.1664427387692344
4847,0.1647178074025292
4848,0.16603020600451893
4849,0.16503456303480474
4850,0.1642114386857616
4851,0.16604605205487652
4852,0.16450214756475975
4853,0.16674595734563494
4854,0.16653313623810903
4855,0.16508070149070453
4856,0.16362264285903727
4857,0.1662118412557625
4858,0.1655941242925588
4859,0.16656136790376458
4860,0.16598476650421815
4861,0.16539640886260107
4862,0.1639651894960353
4863,0.16671993797197635
4864,0.16689558594977402
4865,0.16580806591451852
4866,0.16541845081220458
4867,0.16386224023583318
4868,0.1624202547100423
4869,0.16615279186132617
4870,0.163730368437604
4871,0.16500886936521367
4872,0.16494905438712001
4873,0.16471114532555609
4874,0.16356785193442755
4875,0.16658946308375785
4876,0.16604607527738766
4877,0.16561295491629388
4878,0.1644181411817179
4879,0.1658722937066759
4880,0.1650855317448095
4881,0.16508154779881157
4882,0.16736471976548783
4883,0.16394123052726128
4884,0.16537895515383602
4885,0.16531153536382498
4886,0.16723585684871778
4887,0.16585281916440908
4888,0.16590922953660564
4889,0.1636530453760341
4890,0.1647493574980824
4891,0.1667328504159014
4892,0.16497482517598797
4893,0.166413848721415
4894,0.166295245151913
4895,0.16709927779927045
4896,0.16492237989520908
4897,0.1661388100147277
4898,0.1658021297248174
4899,0.16417649839716345
4900,0.1645241931557937
4901,0.16516695213758967
4902,0.16523218471639034
4903,0.16504252904951958
4904,0.1666763443541504
4905,0.16510837551998508
4906,0.16482510740708317
4907,0.1645845670561863
4908,0.16569615133674973
4909,0.16558433684083018
4910,0.1655576941230801
4911,0.1662078336313789
4912,0.1635218507230501
4913,0.16522862417845274
4914,0.1654899519279131
4915,0.16750052996893114
4916,0.1663984801999669
4917,0.1653330690508714
4918,0.1657119274973426
4919,0.1658000527409456
4920,0.16519381044356715
4921,0.1646109141507924
4922,0.16631947491019555
4923,0.16648577627297115
4924,0.1651592379838721
4925,0.16311729135288988
4926,0.16394424817916242
4927,0.1642749766060758
4928,0.16526245078071478
4929,0.16688503440256186
4930,0.163450723925668
4931,0.16696454467696842
4932,0.16462342524402052
4933,0.16564504377863332
4934,0.16460701079292392
4935,0.1651332868288039
4936,0.1676989876244919
4937,0.16490695251356932
4938,0.16466291270182304
4939,0.16730971001810183
4940,0.16478552938218977
4941,0.1650472459176009
4942,0.16429964661072505
4943,0.16546646246383917
4944,0.165571613683858
4945,0.16553282520773466
4946,0.16482957766399853
4947,0.16774793632265084
4948,0.16672569050175595
4949,0.16452923919967039
4950,0.1664202514513522
4951,0.16546040901045314
4952,0.16337962743126339
4953,0.16455190319583865
4954,0.1642163259785412
4955,0.16414195033703133
4956,0.16296869678372852
4957,0.16367951571974984
4958,0.16534139406890994
4959,0.1639670057666013
4960,0.16520133950475835
4961,0.1649408331472418
4962,0.1665313125862135
4963,0.1649885131180785
4964,0.16619640291336035
4965,0.16520979348582476
4966,0.16758098419545886
4967,0.16545228375534834
4968,0.16547519981943942
4969,0.1641141411666945
4970,0.1633616214635808
4971,0.1650932243432193
4972,0.16519124671481009
4973,0.16657214161846684
4974,0.16798865737668883
4975,0.1669455699809679
4976,0.1674646792164845
4977,0.1671789313949543
4978,0.16605300111729931
4979,0.16565781291124915
4980,0.16643183629451033
4981,0.1641642497893881
4982,0.16502906561454733
4983,0.16386129518519446
4984,0.16460678830731568
4985,0.16426293187333132
4986,0.16544714626341347
4987,0.16500367126962323
4988,0.16559042832681037
4989,0.16521529009446104
4990,0.1655459460308077
4991,0.1646216365873884
4992,0.16570547383222323
4993,0.16363393899081172
4994,0.16561369655492533
4995,0.16443203733566622
4996,0.16646221219173593
4997,0.1668816175537823
4998,0.1649659089687637
4999,0.16648635356947214
5000,0.16429502722092623
5001,0.16472656549941417
5002,0.16665629072503646
5003,0.16510690105505035
5004,0.16645149785148705
5005,0.1655864411882363
5006,0.1656243273112253
5007,0.1630624596211911
5008,0.16601503244172422
5009,0.1664435794572636
5010,0.16420665591962508
5011,0.1671382575858677
5012,0.16458639049087037
5013,0.16412616069645805
5014,0.16633917857642969
5015,0.16628296728291894
5016,0.1672072461315562
5017,0.1652123965057709
5018,0.16622239007429307
5019,0.16566840302786334
5020,0.16619565569888553
5021,0.16471039238221116
5022,0.16400059532387531
5023,0.16556472737207203
5024,0.1650888207536603
5025,0.16679140449425012
5026,0.16495018268626502
5027,0.16562813947008745
5028,0.16544170849097814
5029,0.1668388550676147
5030,0.16785967386401968
5031,0.1655544059467998
5032,0.1637085891807703
5033,0.16611447615478295
5034,0.1663614791082621
5035,0.16437086359499536
5036,0.16706083526976637
5037,0.16631030763400206
5038,0.16392956064953204
5039,0.16499091696428472
5040,0.165195475329405
5041,0.16507241330676825
5042,0.1651425258433686
5043,0.16340421422898663
5044,0.16676583507495787
5045,0.16446410179299345
5046,0.1661401592310306
5047,0.16450866130814976
5048,0.1644222026435612
5049,0.16577035404826465
5050,0.16470130427034307
5051,0.16497074562745054
5052,0.16495586267515214
5053,0.16493205406358283
5054,0.16639092792024165
5055,0.16266074440199196
5056,0.16375301879489312
5057,0.16520388546582926
5058,0.1656075931785586
5059,0.16357949613489306
5060,0.16535226181136467
5061,0.1651416093738181
5062,0.16696459155429746
5063,0.16598584311425157
5064,0.16451183749230036
5065,0.1666256398987542
5066,0.16428042679754945
5067,0.16586797664619254
5068,0.16679391126107315
5069,0.16589116423743616
5070,0.1672252864973626
5071,0.16570854608994937
5072,0.165274889275071
5073,0.16576843292694696
5074,0.16456079576173513
5075,0.16521218047260106
5076,0.16396253144064526
5077,0.16399863958189134
5078,0.1649445681746154
5079,0.16463441193951514
5080,0.16521156460466963
5081,0.16444350790652873
5082,0.1660310543579915
5083,0.16603862560100288
5084,0.16814901257653359
5085,0.1651717270228255
5086,0.16546433775250935
5087,0.1655420392080181
5088,0.16627860510458145
5089,0.1673878086590613
5090,0.1656705860418536
5091,0.16561813528886954
5092,0.16385483188124175
5093,0.16492712628972594
5094,0.1639689799910728
5095,0.16422171782621456
5096,0.16410374156215723
5097,0.1647014456184602
5098,0.16543452775969678
5099,0.16392116291690845
5100,0.16568542769520292
5101,0.16646961895920584
5102,0.16504906629806448
5103,0.16387238474349758
5104,0.16417901270448831
5105,0.16626680524109977
5106,0.1663926562135025
5107,0.16332541406713955
5108,0.16582860706870006
5109,0.16845197382515156
5110,0.16503386711019072
5111,0.16528285381612304
5112,0.16357536748108575
5113,0.16549713925428847
5114,0.16336648051338384
5115,0.16565536910467515
5116,0.16643067108806128
5117,0.1642894175369467
5118,0.1657021174472584
5119,0.164388986592504
5120,0.16480157675790363
5121,0.16516730458057832
5122,0.16517166245027376
5123,0.16717490421918937
5124,0.16513119444325522
5125,0.16559410892637072
5126,0.16431367113140793
5127,0.16323777966126776
5128,0.16396387126641998
5129,0.1639360579332533
5130,0.16705636932201454
5131,0.16427289938483386
5132,0.16370034438652498
5133,0.16145161987965012
5134,0.16645365706010506
5135,0.16476391343777907
5136,0.1639547233559055
5137,0.16558216627650876
5138,0.16580685039598683
5139,0.16392826083467718
5140,0.16761544797913164
5141,0.1644965288307593
5142,0.1644155943372424
5143,0.1648336516653634
5144,0.16499345932620113
5145,0.16561307310648524
5146,0.16525617193233674
5147,0.16465513161534628
5148,0.16503231215222533
5149,0.16630108215199677
5150,0.16444804202444657
5151,0.16640393598969924
5152,0.16585327254241494
5153,0.16448370805710774
5154,0.16465362505901981
5155,0.1646925705195522
5156,0.16463637226149394
5157,0.16616807769507735
5158,0.1639044462133184
5159,0.16553899093799448
5160,0.1666857760811493
5161,0.16448246997326954
5162,0.1648689979070099
5163,0.1646366584536844
5164,0.16645657697926794
5165,0.1654703017358976
5166,0.1653520073294323
5167,0.16413617527080723
5168,0.16339239872277186
5169,0.16506727528188472
5170,0.16567824310515794
5171,0.1656557223847575
5172,0.16488245841207136
5173,0.16461012375976186
5174,0.1646010529630667
5175,0.163891564540463
5176,0.1655568375277857
5177,0.16423758049197246
5178,0.16473629134325973
5179,0.1656648907635015
5180,0.16550716425334533
5181,0.1639464817116468
5182,0.1658168698217553
5183,0.1647870202275205
5184,0.16462055831407713
5185,0.16623245900201117
5186,0.16538262183346233
5187,0.1633495219966225
5188,0.1665873896342666
5189,0.16441094886216023
5190,0.16547333987598903
5191,0.16573831978797168
5192,0.16663638919630305
5193,0.16413676303390848
5194,0.16502304140659202
5195,0.16596554576197642
5196,0.16473536027745897
5197,0.16568343941625688
5198,0.1666372205794724
5199,0.1663962948178269
5200,0.1654300602605254
5201,0.16433736667195975
5202,0.16461054944168282
5203,0.16719711930518688
5204,0.16589682277424925
5205,0.1682292391385433
5206,0.16710164754063936
5207,0.16717235953994689
5208,0.16756624931518763
5209,0.16577111123429192
5210,0.16460183893776686
5211,0.16578029426743385
5212,0.1645969531535975
5213,0.1668707593154599
5214,0.1636261327951539
5215,0.1646046046483487
5216,0.1646014925903805
5217,0.16606932339153244
5218,0.16574771853191497
5219,0.16456032634621023
5220,0.16523485984350875
5221,0.1648855630936216
5222,0.1665829689168658
5223,0.16840976832606286
5224,0.16757408590086983
5225,0.16597061065018295
5226,0.16664512322189634
5227,0.16517845157178163
5228,0.16659923544415348
5229,0.1640734917044182
5230,0.16380684921558084
5231,0.16371431293346292
5232,0.16549471491976167
5233,0.1638873317341082
5234,0.1654120014857616
5235,0.16442143273325863
5236,0.16537679306462277
5237,0.16441633821827142
5238,0.16586459842506657
5239,0.16488346944998952
5240,0.16608155096326935
5241,0.16482655137228833
5242,0.16519545532956204
5243,0.16442931613739328
5244,0.16505232708387468
5245,0.16601922448783135
5246,0.1637557935183026
5247,0.16770664976937535
5248,0.1659315488429164
5249,0.16691945873647449
5250,0.1650062652548295
5251,0.16298955514530652
5252,0.16586358891164807
5253,0.16632896813187253
5254,0.16486870933150352
5255,0.16490245199021772
5256,0.16637366440842513
5257,0.16446544248473474
5258,0.16583604923765374
5259,0.16707907144619258
5260,0.16433217335916062
5261,0.1651873081052526
5262,0.16586930688285528
5263,0.16610984012799523
5264,0.16556722215011077
5265,0.16549667412142918
5266,0.16628600245665334
5267,0.16548631302194275
5268,0.16550826796768645
5269,0.1659460691408802
5270,0.16605820512275674
5271,0.1670737330296247
5272,0.16726037286594433
5273,0.1646705994069722
5274,0.16360571426133194
5275,0.1635701318122005
5276,0.16606143269742277
5277,0.1660601044672062
5278,0.16613184100927772
5279,0.166063680737107
5280,0.16693239396422285
5281,0.1640729873251066
5282,0.1639924069250676
5283,0.1638766449904466
5284,0.16617885626209175
5285,0.16663072754526345
5286,0.16522728990981134
5287,0.16711997413481677
5288,0.16518769219024443
5289,0.16680334900231397
5290,0.16575266480036796
5291,0.16455602614307194
5292,0.16679387799378914
5293,0.16739846428958766
5294,0.1672615657417549
5295,0.16656182020169163
5296,0.16610285763854993
5297,0.16623784783579418
5298,0.16669311986949448
5299,0.16519532610877752
5300,0.16498601908457314
5301,0.16451674859911483
5302,0.16557416043345202
5303,0.16523232072361319
5304,0.16575502738312092
5305,0.1660516233294417
5306,0.16816356945174182
5307,0.1654049767448177
5308,0.1660902651592979
5309,0.1655630608475918
5310,0.16481139757311353
5311,0.16626019162689393
5312,0.16576895661987057
5313,0.16522977301165692
5314,0.16575902530976255
5315,0.1656681296489259
5316,0.16506166929145163
5317,0.16406299921032483
5318,0.16616384094163808
5319,0.164598426715952
5320,0.1645620217109533
5321,0.1662840493116182
5322,0.16618782037171387
5323,0.16641742130082432
5324,0.16475034963674154
5325,0.1645401955981798
5326,0.16624436978799365
5327,0.16536543910407964
5328,0.16540329904246803
5329,0.16584845347286237
5330,0.16697436416483127
5331,0.16429348095808766
5332,0.16281018837416658
5333,0.16727982059249458
5334,0.16660939103062145
5335,0.166723093486737
5336,0.16663207730296015
5337,0.16597132664849465
5338,0.16632607339234748
5339,0.1661249239570091
5340,0.1651902998537879
5341,0.16648259740801713
5342,0.1655318599936352
5343,0.16591015264922906
5344,0.16445210068367483
5345,0.16600459333552856
5346,0.16391829644875083
5347,0.16477591877439282
5348,0.16509065226470035
5349,0.1661915355320044
5350,0.16507636320407826
5351,0.1644080207603579
5352,0.16433156505419777
5353,0.16500508838194894
5354,0.16479320523338342
5355,0.16560405191444338
5356,0.1671638502573716
5357,0.16602702141809153
5358,0.16464909259611113
5359,0.16706102996320965
5360,0.16617325482407402
5361,0.16591694552331274
5362,0.16598169307219215
5363,0.16525746828342525
5364,0.16379866482088767
5365,0.16704690926160493
5366,0.16619277699032134
5367,0.1649256455798443
5368,0.1663960225592169
5369,0.1644846534070585
5370,0.16626957271322887
5371,0.16547963330178359
5372,0.16466551898911966
5373,0.1667764602569632
5374,0.1650898423585865
5375,0.16494896149317098
5376,0.1666165181165535
5377,0.16508437962998898
5378,0.16582758466665973
5379,0.16634958894968863
5380,0.16073294143870798
5381,0.16652987320807686
5382,0.1632530180066866
5383,0.16490110096807992
5384,0.16726304457111807
5385,0.16628550880329507
5386,0.16349101330732607
5387,0.1655267957206456
5388,0.1647912580361536
5389,0.16554471650507663
5390,0.16649548909979833
5391,0.1652244160856637
5392,0.1650271171137201
5393,0.16587652183745907
5394,0.16613152702544315
5395,0.16525554745295404
5396,0.16636462315552544
5397,0.1664029142651341
5398,0.16574898061707388
5399,0.16569527614355606
5400,0.1677147712339825
5401,0.1646926586487009
5402,0.16693772791662553
5403,0.16568738528442414
5404,0.1670055584543598
5405,0.16486363615082583
5406,0.16663011026059382
5407,0.1650944874330697
5408,0.16486920766144506
5409,0.16499109629120037
5410,0.16442493255565915
5411,0.16709544851554492
5412,0.1644019378140316
5413,0.1652663000529576
5414,0.16469848641703105
5415,0.16504700345531984
5416,0.16534148176624644
5417,0.16654683956991367
5418,0.16559482136796475
5419,0.16590649070532065
5420,0.16556322363505163
5421,0.16632714785081915
5422,0.1661189350199304
5423,0.16514915190449742
5424,0.16518045924230948
5425,0.16507743613719653
5426,0.16620110316990871
5427,0.1678185796371562
5428,0.16826157972318342
5429,0.16519843455389047
5430,0.16456004573790428
5431,0.16497135075238153
5432,0.16525030921192785
5433,0.16419702705537484
5434,0.16460511934369998
5435,0.16386514918036463
5436,0.16485916327936018
5437,0.164294200363393
5438,0.16675046797233448
5439,0.1646496607897138
5440,0.16414447642784152
5441,0.16476164880708483
5442,0.16639743696263878
5443,0.16439569533416096
5444,0.16557137136338596
5445,0.16612613717319966
5446,0.1667004154463223
5447,0.16485683094286294
5448,0.16339199488473796
5449,0.16524239834364682
5450,0.16610498728006168
5451,0.1667779575176843
5452,0.16507671182532233
5453,0.16603546353011545
5454,0.16437801390011222
5455,0.1647403707360983
5456,0.16461400062446008
5457,0.1638961701395462
5458,0.16262780930982368
5459,0.16592387034333092
5460,0.166153654793506
5461,0.16483099380473862
5462,0.16306205721421677
5463,0.1644297938570142
5464,0.16509055103822248
5465,0.1642994936646435
5466,0.16402708232665658
5467,0.16554805269654066
5468,0.16569308070021757
5469,0.16473196749491453
5470,0.1654653034333277
5471,0.16479653410494036
5472,0.16443897391824155
5473,0.16557829407427138
5474,0.16424695719703436
5475,0.16620120741625033
5476,0.1672818390561107
5477,0.16430501082963986
5478,0.16557637082675494
5479,0.16484895225791887
5480,0.16391837723163302
5481,0.16658771187785884
5482,0.1646214122141047
5483,0.16433243841220818
5484,0.16501658977241992
5485,0.16515245066971984
5486,0.16599293587468295
5487,0.1649646864284945
5488,0.16456031106648086
5489,0.1664332462289134
5490,0.1652517794651012
5491,0.16437325412191164
5492,0.1661408272112682
5493,0.16355679911062718
5494,0.16502677276514927
5495,0.16459469484132858
5496,0.16650344444197657
5497,0.16562745962634562
5498,0.16563940517212422
5499,0.16712031399764826
5500,0.16448506046997885
5501,0.1682903518564388
5502,0.16415791491697687
5503,0.16559867607561565
5504,0.16501632427403015
5505,0.16567803358297967
5506,0.16582091425119105
5507,0.16507363766801916
5508,0.16606920490200763
5509,0.16574716155049268
5510,0.16590998337370638
5511,0.16658595406053198
5512,0.16304866136752078
5513,0.1649240361846004
5514,0.16600638618630525
5515,0.16515705899461006
5516,0.1644699901389274
5517,0.1652178534816761
5518,0.165980542742355
5519,0.16573062738874883
5520,0.16490061622395524
5521,0.16621093213496765
5522,0.1660028492606003
5523,0.16650335381559397
5524,0.16452847564269313
5525,0.16761030567474533
5526,0.16387526758256657
5527,0.16336862914440664
5528,0.16550665728310435
5529,0.16498134028347594
5530,0.16488303155018214
5531,0.16346116492666873
5532,0.1652935689452536
5533,0.16665860078087885
5534,0.165231554518938
5535,0.1668898333650084
5536,0.16508127015543342
5537,0.16259603705313738
5538,0.1666750356619192
5539,0.166400724824954
5540,0.1650389750897499
5541,0.1675709515885585
5542,0.16516129848561467
5543,0.16527866213639
5544,0.16552027063002162
5545,0.16581043003100981
5546,0.16625709348353637
5547,0.16466492824608303
5548,0.16572539203654246
5549,0.16561975138250154
5550,0.1656543726341357
5551,0.1661612786664758
5552,0.1656867071210453
5553,0.16412331469665514
5554,0.16580482255775922
5555,0.1660850973980828
5556,0.16327082620881214
5557,0.16285709248578423
5558,0.1664420632121999
5559,0.16609955711285238
5560,0.1658090390451726
5561,0.1643971835104757
5562,0.1680516029196492
5563,0.16516611724271218
5564,0.16434251183364085
5565,0.16748408631661818
5566,0.16469907532012687
5567,0.1648977015368263
5568,0.16538474182629612
5569,0.1657676676325473
5570,0.16472149038167483
5571,0.16473039994728808
5572,0.16456983922654905
5573,0.16513835835216414
5574,0.16578357534425603
5575,0.16623609375368564
5576,0.16671801487811877
5577,0.1651073488296307
5578,0.16654302936603577
5579,0.1656152894129249
5580,0.165421352016485
5581,0.16372148135452486
5582,0.16538681432583943
5583,0.1639214201418152
5584,0.16476137359211018
5585,0.16345716256435233
5586,0.1644379268010992
5587,0.1667984386936788
5588,0.16459815985754261
5589,0.16615842224549296
5590,0.16481493862124647
5591,0.1630409038368383
5592,0.1661056940480961
5593,0.16582958904202855
5594,0.16421604887287614
5595,0.16648573002526518
5596,0.1649254449377459
5597,0.16569734175375408
5598,0.16476335895777683
5599,0.1639381658278095
5600,0.16518203997729106
5601,0.16398551425945887
5602,0.16539650805349945
5603,0.16346437324783827
5604,0.1656544080375215
5605,0.16441807254467647
5606,0.16710920161211468
5607,0.16666586113763132
5608,0.16525752940455743
5609,0.16588272508156282
5610,0.1653199316475408
5611,0.16489683465847632
5612,0.16218538338165722
5613,0.16572097458497625
5614,0.16632559258620275
5615,0.1643648215593206
5616,0.16834845658796216
5617,0.16525101974686585
5618,0.16635172529438036
5619,0.16538022174904374
5620,0.1648482901566285
5621,0.1659002536813182
5622,0.16533261397001103
5623,0.16563006121702656
5624,0.16584848009746087
5625,0.16593885630757138
5626,0.16528946644355633
5627,0.16700063605321697
5628,0.16675319968018648
5629,0.16538865986412507
5630,0.1637445754946005
5631,0.16540962475400886
5632,0.16621977308311878
5633,0.16556070894234673
5634,0.1657444301641344
5635,0.1643171738087581
5636,0.16369987266268274
5637,0.16541744319471557
5638,0.1655774237638328
5639,0.1660355484387929
5640,0.16552347754367225
5641,0.16614317053863784
5642,0.16483421302924675
5643,0.16375745350327464
5644,0.16573447302610345
5645,0.16488896962546382
5646,0.1669535229356995
5647,0.1681197386116567
5648,0.1662977768419966
5649,0.16488787548250877
5650,0.16675971018945338
5651,0.16358563105418936
5652,0.16606372480986917
5653,0.16679659131271374
5654,0.16607939304813782
5655,0.1644308392231369
5656,0.1652237868273849
5657,0.1651298690597586
5658,0.16529161519877922
5659,0.16549784797028888
5660,0.1655675110148183
5661,0.16513683173244398
5662,0.16498497759715186
5663,0.1657233028477179
5664,0.1659517384867337
5665,0.16510345495780965
5666,0.16672944925101607
5667,0.16340463458711724
5668,0.1644254166042818
5669,0.16556918201298057
5670,0.16563981035765168
5671,0.1651468091028341
5672,0.1647047284120259
5673,0.163938893646118
5674,0.16724004574358925
5675,0.16496790391320915
5676,0.16601307640806873
5677,0.16700880489659028
5678,0.1653694342114807
5679,0.16388956769939328
5680,0.16361291040250267
5681,0.16798113035055626
5682,0.163440184923946
5683,0.16393473108925066
5684,0.16387333512960994
5685,0.16598921972687466
5686,0.1663480492000207
5687,0.1660961900978239
5688,0.16656070200277365
5689,0.16598954398890015
5690,0.16611384528977266
5691,0.1656411088387743
5692,0.1674702602093656
5693,0.16557942275835055
5694,0.16445932332133642
5695,0.16456738567818302
5696,0.16479446157870742
5697,0.16513327859034624
5698,0.16527718707469108
5699,0.165554547163603
5700,0.16486915876110944
5701,0.16496143809920688
5702,0.16627870830792701
5703,0.16439624639873598
5704,0.1652550728772132
5705,0.16515593749314203
5706,0.16475482805472721
5707,0.16414840662538982
5708,0.165992693296066
5709,0.16603191089747468
5710,0.16465102747584462
5711,0.16373166390546967
5712,0.16633479714628524
5713,0.16625287116349033
5714,0.16541129711391755
5715,0.16692224707852843
5716,0.16521448477417383
5717,0.16686088584080316
5718,0.16504703797913806
5719,0.16466083479466792
5720,0.16534884431562877
5721,0.16380335410833494
5722,0.16696776285040807
5723,0.1649682754122092
5724,0.1663210316030091
5725,0.16520969314383316
5726,0.16486861661813626
5727,0.16485827476674297
5728,0.16294945708062458
5729,0.1647863934752463
5730,0.16538787804942476
5731,0.16680608052955515
5732,0.16486069429206665
5733,0.16447044188004198
5734,0.16660865773912922
5735,0.16294592075794662
5736,0.16492708300596676
5737,0.16611925946564104
5738,0.166322135540712
5739,0.1667458058131412
5740,0.16591190331528957
5741,0.16575199556697476
5742,0.16393018427562348
5743,0.16362601077099428
5744,0.16526852706619335
5745,0.16535143739602617
5746,0.16623624159332073
5747,0.16466048885245246
5748,0.1667442884805928
5749,0.1648564112329937
5750,0.16516755651496648
5751,0.1666455343053766
5752,0.16651823057341764
5753,0.16344643666492326
5754,0.16587517301141388
5755,0.1663332995432597
5756,0.16585539944455657
5757,0.1660718471134625
5758,0.1657841432073776
5759,0.16540832098712108
5760,0.16573593358960614
5761,0.16371039553385766
5762,0.16528093972458532
5763,0.16689841551725396
5764,0.16657269394805937
5765,0.16539227316381297
5766,0.16415758881586376
5767,0.16561526957774353
5768,0.16429837502521033
5769,0.16421489908511475
5770,0.1655285539828697
5771,0.16375469387653502
5772,0.1657011873033071
5773,0.1642294602329165
5774,0.16495405260933252
5775,0.1655959839405514
5776,0.16600844143191845
5777,0.1661224251091252
5778,0.16398702491836667
5779,0.16704694950906057
5780,0.16577344473298758
5781,0.16473344288078978
5782,0.164776655033359
5783,0.16675099604063215
5784,0.16789092922663396
5785,0.16738594281830974
5786,0.16290405919100084
5787,0.16448923911221403
5788,0.16553892768261574
5789,0.1671970283170033
5790,0.16412405569571398
5791,0.16353917691428563
5792,0.16517767104081582
5793,0.16324156880660867
5794,0.16774445691645412
5795,0.16586147979736696
5796,0.1652619285657266
5797,0.16358297998790408
5798,0.1664575900870302
5799,0.16510360326625148
5800,0.1628581541951002
5801,0.16605888094989482
5802,0.16604447395702857
5803,0.1639513076571751
5804,0.1645374874133752
5805,0.16533820870297106
5806,0.16614641537149932
5807,0.1647253886345082
5808,0.16445928761248643
5809,0.16683882309256148
5810,0.1665271795453742
5811,0.1647759749760753
5812,0.16697642402159213
5813,0.16527865112390952
5814,0.16432460731424378
5815,0.1643136080054845
5816,0.1660744863406779
5817,0.16497251581480005
5818,0.16462496764953274
5819,0.16555263069852458
5820,0.16368065956202735
5821,0.16388657881621121
5822,0.1643239288830427
5823,0.16427466528616985
5824,0.1645218353406832
5825,0.16529341778926424
5826,0.1648701385993718
5827,0.16664073982851396
5828,0.16452293226287926
5829,0.16768034752288727
5830,0.16461786827409441
5831,0.16532753341645726
5832,0.16522763582311406
5833,0.16581011157538197
5834,0.1655048851026893
5835,0.16378018057803018
5836,0.1650754882837285
5837,0.16616369094273276
5838,0.167585369092853
5839,0.16533970792961508
5840,0.1658637262490814
5841,0.16597755084739735
5842,0.16544785971153403
5843,0.16355889972035098
5844,0.16524526996465697
5845,0.16604377007481427
5846,0.16773369751063177
5847,0.16728594581750353
5848,0.1641448945022696
5849,0.16533948025761103
5850,0.16401444686472402
5851,0.16419797192870644
5852,0.16262246585508305
5853,0.1656306639037298
5854,0.1653695493533783
5855,0.16444578821820272
5856,0.16619405574303592
5857,0.16637068199291072
5858,0.16484709941888562
5859,0.16616200111740317
5860,0.16515458882995218
5861,0.16513429672225058
5862,0.16425522908301798
5863,0.16490236315801826
5864,0.16540382569243695
5865,0.16541926339026114
5866,0.1654009859355586
5867,0.16660452616375654
5868,0.16524189762379926
5869,0.16446262278050336
5870,0.16702603644523964
5871,0.1628947751514058
5872,0.1648687755456684
5873,0.16557156492796263
5874,0.1637379589165814
5875,0.16454976690243356
5876,0.16535843004905887
5877,0.1654968967794392
5878,0.16675592329251948
5879,0.1644327025461258
5880,0.1660124424556723
5881,0.16545008068716574
5882,0.1660026892570933
5883,0.16552175942283123
5884,0.16528067013652992
5885,0.1650429194933591
5886,0.16531077209264175
5887,0.16433942307256655
5888,0.16622566858223622
5889,0.163306905602143
5890,0.1639132008611828
5891,0.16532283286539848
5892,0.16558597226876182
5893,0.16598645583195692
5894,0.16560047991424948
5895,0.1636168999185049
5896,0.16617318437396006
5897,0.16566062914925778
5898,0.16504316378879838
5899,0.16456306202720902
5900,0.16623404767107228
5901,0.16681693967667124
5902,0.1653134304048899
5903,0.16564756677672388
5904,0.16526358135667488
5905,0.16568229471895918
5906,0.16260454796850723
5907,0.16562629500483134
5908,0.16450797616088295
5909,0.16538670060767405
5910,0.16638210001157075
5911,0.1649353295680009
5912,0.16407799024417832
5913,0.16627244431916893
5914,0.16502594425882927
5915,0.16491188887451644
5916,0.16485938460848049
5917,0.16752802603962505
5918,0.16591129119251705
5919,0.16629243239511748
5920,0.16462477808386458
5921,0.16577248243619205
5922,0.16508032588308774
5923,0.16509312680773788
5924,0.16659173982221584
5925,0.1659032332272423
5926,0.1635556774418164
5927,0.16676115122506613
5928,0.16455349629688482
5929,0.16509024083327906
5930,0.16480086102721977
5931,0.16436553380447
5932,0.16520271984804563
5933,0.1651488180576243
5934,0.16495304972350816
5935,0.16476095671875898
5936,0.16609087484931104
5937,0.1659168738165362
5938,0.1646575659666703
5939,0.16485673855256344
5940,0.16493246747264337
5941,0.16555155120887613
5942,0.16578104995793994
5943,0.16465810084457203
5944,0.16610627245854537
5945,0.1653420697140576
5946,0.16565201137345925
5947,0.1648213902179171
5948,0.16431567815099082
5949,0.16509620734386724
5950,0.16401571353055416
5951,0.16463780642722603
5952,0.16518934300588736
5953,0.16349711653372337
5954,0.16634758559758098
5955,0.16517492432314232
5956,0.164401158558542
5957,0.16653384947392208
5958,0.16559791320794362
5959,0.1638857545382953
5960,0.16535007334590085
5961,0.16538329394441453
5962,0.1655247021507757
5963,0.1666988156632899
5964,0.1669929975227829
5965,0.16487921695837252
5966,0.16438443235030506
5967,0.16344287706655505
5968,0.16630209186588946
5969,0.1636812072309632
5970,0.16442715661886212
5971,0.16565239513258875
5972,0.1643843537586968
5973,0.16234469312739105
5974,0.16397508141671685
5975,0.16514486560006358
5976,0.1656989225762598
5977,0.16399710790654548
5978,0.16642116386515818
5979,0.16288713039812244
5980,0.16610042394949892
5981,0.1661890407982936
5982,0.1653266122555295
5983,0.16565307241918717
5984,0.16462360598222608
5985,0.1642062373109188
5986,0.16377369728560476
5987,0.1658257557331741
5988,0.16455126783048948
5989,0.1655662525024337
5990,0.16601023370896711
5991,0.16532892838351085
5992,0.16279477578376472
5993,0.16578143025315348
5994,0.16546399804137615
5995,0.16683922681540014
5996,0.1645796378970699
5997,0.16519818497215202
5998,0.1655582892356157
5999,0.16580161463377352
6000,0.16133038732297394
6001,0.16825213454780483
6002,0.16500126365330087
6003,0.16473674227782073
6004,0.16523507139119323
6005,0.16377414716223027
6006,0.1636870234647864
6007,0.1645942215642432
6008,0.16527968220070663
6009,0.16413749740985198
6010,0.16474354934209004
6011,0.1671284074445481
6012,0.16733021191637396
6013,0.1661371090632933
6014,0.16521657080003704
6015,0.16492658104288535
6016,0.1649694925009577
6017,0.16479686505744018
6018,0.1628414190835817
6019,0.16454822339992906
6020,0.16631804740923087
6021,0.16395631434825766
6022,0.16607989496809417
6023,0.16475193513072448
6024,0.16493105301492492
6025,0.16566773214744226
6026,0.1653131102916732
6027,0.16527199108383378
6028,0.16577468158403957
6029,0.16309050048266352
6030,0.1660613393529667
6031,0.16583400210776952
6032,0.16551883093094985
6033,0.16591678916729646
6034,0.16536609403228592
6035,0.1662554611491592
6036,0.16407988247142097
6037,0.16431108285464788
6038,0.16395556315614643
6039,0.16520838784486427
6040,0.16577931297084864
6041,0.1666646261561855
6042,0.16467350966986247
6043,0.16302762438193252
6044,0.16387976067100457
6045,0.16497690684302657
6046,0.16493266750106111
6047,0.16385781520096712
6048,0.16687372575360243
6049,0.16401286790981617
6050,0.16368646166440026
6051,0.1648933662024763
6052,0.1663585693437781
6053,0.16518657055584732
6054,0.16446100582352538
6055,0.1673302147712931
6056,0.1654697311109332
6057,0.16601071101339035
6058,0.16614730215156334
6059,0.1641562531300082
6060,0.16606680856541448
6061,0.16576092069164475
6062,0.16338616059165742
6063,0.16645768882078113
6064,0.1653249444357517
6065,0.16631181142402995
6066,0.1650459624719759
6067,0.16500632414211333
6068,0.16571693771374504
6069,0.16780732333297313
6070,0.16473029238748327
6071,0.16517189904164423
6072,0.16475112658676405
6073,0.1661872761434902
6074,0.16344777708501218
6075,0.16362199754783502
6076,0.1656172282799485
6077,0.16314759044046323
6078,0.166811339963907
6079,0.16621542838069078
6080,0.16339617612389948
6081,0.16511320359428294
6082,0.16684387630887515
6083,0.1635754402297603
6084,0.1648577037142006
6085,0.16487040806237216
6086,0.16471982423780185
6087,0.16699964421237928
6088,0.16645827327207838
6089,0.1644805310905854
6090,0.16455674193240416
6091,0.16450547911943184
6092,0.1662362878324225
6093,0.16438734763974927
6094,0.1640825376852747
6095,0.16581832262088753
6096,0.16468715875887394
6097,0.16463995012984536
6098,0.1649230197443335
6099,0.165983673055113
6100,0.1655835323095658
6101,0.1656402483086057
6102,0.16365656645490603
6103,0.16551549346701816
6104,0.16475050668449687
6105,0.1643310924199676
6106,0.1668217311042107
6107,0.1645329074860921
6108,0.16454233911091418
6109,0.16701669115608853
6110,0.16424851619033742
6111,0.16452914301942706
6112,0.16400415973668986
6113,0.1626383818774829
6114,0.16734480815636707
6115,0.16593412923070042
6116,0.16490189506827582
6117,0.16568815086787336
6118,0.16544723282868384
6119,0.16325074767608594
6120,0.16425879052928644
6121,0.16570951309592036
6122,0.16631014208428788
6123,0.16482710013980212
6124,0.1650839680785161
6125,0.1664312996381395
6126,0.16469710147401403
6127,0.1644566641145671
6128,0.16569836249819203
6129,0.1654300828229108
6130,0.163526083431282
6131,0.16641833456885763
6132,0.1634473969149227
6133,0.16856225630440105
6134,0.16652926118221384
6135,0.1651427751840439
6136,0.16569199663365206
6137,0.16747780785950886
6138,0.16449209268243792
6139,0.16626281849887975
6140,0.16518603678193258
6141,0.16556861326630012
6142,0.16450115262378817
6143,0.16456810015146978
6144,0.16616240744043775
6145,0.1652371432025645
6146,0.16685909743428848
6147,0.16369492747857572
6148,0.16671454255656606
6149,0.16673150615829088
6150,0.16583687362821392
6151,0.1664033419074236
6152,0.16590342532811664
6153,0.16555266020738366
6154,0.16715246321995073
6155,0.16541639572503414
6156,0.1655798485510004
6157,0.1649516516809273
6158,0.16602198120655312
6159,0.16470507808690402
6160,0.1655811985112798
6161,0.16512039743735926
6162,0.1669764784088946
6163,0.16779613516000358
6164,0.16642554436162257
6165,0.16470907690185013
6166,0.1641954026787615
6167,0.16273139481668042
6168,0.16459250955766455
6169,0.1669052226772553
6170,0.16606119042103884
6171,0.16602301005363626
6172,0.16462770271380206
6173,0.1640702327876176
6174,0.162400349600872
6175,0.1662681480026578
6176,0.1650630703835828
6177,0.16642836202477557
6178,0.16414873392753593
6179,0.16327208434655238
6180,0.1639093809241645
6181,0.16697480930916173
6182,0.16530451735158314
6183,0.1665721824519198
6184,0.1653682988343703
6185,0.16341191983083342
6186,0.16682425848112864
6187,0.16601123368501813
6188,0.1654633474896923
6189,0.1650599539453254
6190,0.16308649378128742
6191,0.16523813098206802
6192,0.16368689656081664
6193,0.16493960272643257
6194,0.16509863975391764
6195,0.16499420244804136
6196,0.1662189253049008
6197,0.16413409507480614
6198,0.16417184395190504
6199,0.16511056014022893
6200,0.16229302717356756
6201,0.16592153053884864
6202,0.16365621701843378
6203,0.1664708445461483
6204,0.16441956782410014
6205,0.16743767538675455
6206,0.16424297754171466
6207,0.16496574517661078
6208,0.16502768441908777
6209,0.16396197839754573
6210,0.16452953875765725
6211,0.16304796389149925
6212,0.1642443891411163
6213,0.16442249524292063
6214,0.16504623819588138
6215,0.1647251271133219
6216,0.16512781721798273
6217,0.16494499944757213
6218,0.1645037586611546
6219,0.1655082546198511
6220,0.1633931613036681
6221,0.1649021654897198
6222,0.1649072946305438
6223,0.16489290801968137
6224,0.16488134528830473
6225,0.16552209406240603
6226,0.16496934115650846
6227,0.1655504921902151
6228,0.1637273805016084
6229,0.16591673172582436
6230,0.16456877414485915
6231,0.16582926005105703
6232,0.1657668888963458
6233,0.16352240093512888
6234,0.16556158285552763
6235,0.16538203290914794
6236,0.16534036772693556
6237,0.16571464954991216
6238,0.1629587806031349
6239,0.16515349511262292
6240,0.16462846420418026
6241,0.16510076919256703
6242,0.16541225543819832
6243,0.1654522588093752
6244,0.16517456425031402
6245,0.16656961894075903
6246,0.16618548887114445
6247,0.16435435377308336
6248,0.16549320770594822
6249,0.1652516527939555
6250,0.16754059199276133
6251,0.16629912925782897
6252,0.1625786273219513
6253,0.16525345936684374
6254,0.16517103369788153
6255,0.1656300278816932
6256,0.16447246897666395
6257,0.16388474292992025
6258,0.1660707567423779
6259,0.16392132814454274
6260,0.16715196128704154
6261,0.16567223533463885
6262,0.1643246451464587
6263,0.16466906951914081
6264,0.16460269142064093
6265,0.16691265173953468
6266,0.16534947750101278
6267,0.16538765502913125
6268,0.16620801482152187
6269,0.16634482896485978
6270,0.16656257094502797
6271,0.1666908061709177
6272,0.16426814149496383
6273,0.16376154558169903
6274,0.163756770836175
6275,0.16562883961433963
6276,0.1655800726583922
6277,0.16543514627496667
6278,0.16567783543481357
6279,0.16519230945449764
6280,0.16590544140100102
6281,0.16499392888059514
6282,0.1653301550875411
6283,0.162902715314623
6284,0.166562283412057
6285,0.1636289970932876
6286,0.162819356696095
6287,0.16664132009160068
6288,0.16482851720146977
6289,0.16462531063817712
6290,0.1660505211067589
6291,0.1659069600024439
6292,0.1665222733141257
6293,0.1633933554655959
6294,0.16712415244133416
6295,0.1653707233934708
6296,0.16431499615906753
6297,0.16589552225678222
6298,0.16611841742060982
6299,0.1657633189962348
6300,0.16539672702375083
6301,0.1653921710602081
6302,0.16561154683243529
6303,0.16524292889707168
6304,0.1666334280746629
6305,0.1655534606896972
6306,0.16393531550666815
6307,0.16568597826546086
6308,0.1645424997710645
6309,0.1653178077886939
6310,0.16594119971199556
6311,0.1653363153014994
6312,0.16482678808062298
6313,0.16675692624102414
6314,0.1672457574798108
6315,0.16616501819734464
6316,0.16448420670431455
6317,0.16580521277274546
6318,0.16421527351245466
6319,0.16586466736516084
6320,0.16749785683116178
6321,0.1637867199279837
6322,0.16529961898879553
6323,0.16506748590369272
6324,0.16591200256684033
6325,0.16666314043656297
6326,0.16513825396970305
6327,0.16690782150824163
6328,0.16606782063530637
6329,0.1651617158536368
6330,0.1663693272555027
6331,0.16481115979481778
6332,0.16478979905365168
6333,0.16411184561379283
6334,0.16554159044008104
6335,0.1665724145519933
6336,0.16524168007789009
6337,0.1658867961057356
6338,0.1646356683074988
6339,0.16555252353017974
6340,0.16568119445045554
6341,0.16721273396487968
6342,0.16485192280415986
6343,0.16392777450252558
6344,0.16373966642012588
6345,0.1662755664345321
6346,0.16410794981562848
6347,0.16549515495463704
6348,0.16612871526812376
6349,0.1663274111474591
6350,0.16496832757332214
6351,0.16530187551456105
6352,0.16562622536528052
6353,0.1670601006345227
6354,0.1662307196166258
6355,0.1642518158422457
6356,0.1642857091375946
6357,0.1649078632429163
6358,0.16506550447149101
6359,0.166014725041711
6360,0.16483611691086258
6361,0.1652935467395088
6362,0.16697008274727823
6363,0.1647079386884586
6364,0.1645925130957281
6365,0.16391854518704413
6366,0.16416239863929918
6367,0.165537647902781
6368,0.1655870807631099
6369,0.16610186698955656
6370,0.16614660218596153
6371,0.1667791798251912
6372,0.16696642343225263
6373,0.16446030980661422
6374,0.16465346218155244
6375,0.16592618482672714
6376,0.1655101604270376
6377,0.16518466329116036
6378,0.16555883760552997
6379,0.16378226960557762
6380,0.1650361604460389
6381,0.16418769448429738
6382,0.165408941331535
6383,0.16514848032873483
6384,0.16512290264190418
6385,0.16495746587020976
6386,0.16611474734056578
6387,0.16452275779237163
6388,0.16324302828381132
6389,0.16560417045738626
6390,0.16361121127948686
6391,0.16442957818212986
6392,0.1649577130338981
6393,0.1665549882961321
6394,0.16372409130290427
6395,0.1658984021560909
6396,0.16809548931052132
6397,0.16587898330194695
6398,0.16557290546655742
6399,0.16516109443850865
6400,0.1671836012045137
6401,0.16411516620193814
6402,0.1640345124691586
6403,0.16448148982306812
6404,0.1643126068947617
6405,0.1640973220170539
6406,0.16323393734168226
6407,0.16407402652782474
6408,0.16501714857590338
6409,0.1641018245457875
6410,0.16823397200430998
6411,0.165584238608108
6412,0.16515849974657004
6413,0.1658422729045768
6414,0.1648568511855776
6415,0.16492951241701082
6416,0.16638052852111332
6417,0.16477399744039983
6418,0.16438441712499363
6419,0.1655208834313253
6420,0.16421064175129954
6421,0.16554035534239944
6422,0.16583157390061404
6423,0.16630303767589275
6424,0.1639964476401814
6425,0.16512818173716615
6426,0.1665520066451708
6427,0.16635482542672725
6428,0.1648237079809626
6429,0.16696968672785084
6430,0.16280297937538166
6431,0.16722297270665273
6432,0.1673515801284182
6433,0.16525073541240068
6434,0.16557194637469808
6435,0.16398102019659294
6436,0.1672548787505203
6437,0.16486291785970397
6438,0.16674216137058132
6439,0.16527869764096792
6440,0.16574334048570336
6441,0.1643500822882025
6442,0.16243637696159025
6443,0.16438354205978228
6444,0.1647085783779864
6445,0.16279817677879835
6446,0.16516851696851892
6447,0.1644043216000559
6448,0.16753997375240615
6449,0.16556615984383508
6450,0.16411566902216254
6451,0.16543429806724322
6452,0.16530453079334279
6453,0.16727560087204627
6454,0.1654242323862256
6455,0.16520065259318747
6456,0.1656563635488078
6457,0.164347854529089
6458,0.16563489469986262
6459,0.1665416603001508
6460,0.16713242390198638
6461,0.16144438627814406
6462,0.16629222624778833
6463,0.16626766396247816
6464,0.16702878985690087
6465,0.16545121238469865
6466,0.16508629675079142
6467,0.16663470150034074
6468,0.16509613960916425
6469,0.16484586643346685
6470,0.16709247100058736
6471,0.16553137363270312
6472,0.16428762051205903
6473,0.1656704553335922
6474,0.16624774589260571
6475,0.16540621124243388
6476,0.16539173720360692
6477,0.16720562794241836
6478,0.16673847687207416
6479,0.16565229164148024
6480,0.16438482534419824
6481,0.1656012092091225
6482,0.16287955682935362
6483,0.16695611359200732
6484,0.1638567064661784
6485,0.1640253262304149
6486,0.16542079153821648
6487,0.16653473034426883
6488,0.16283433222800983
6489,0.16654897389953502
6490,0.16506220331830143
6491,0.16448972284319263
6492,0.1657414246049457
6493,0.16557326666114652
6494,0.16501377106978174
6495,0.1669117445736977
6496,0.16668925756252864
6497,0.1655172993920774
6498,0.16268253298133784
6499,0.16643833650199588
6500,0.16554291300318405
6501,0.1647428938927862
6502,0.16483035932903767
6503,0.1641040631670722
6504,0.16637069946861796
6505,0.16496037035009
6506,0.1652643279006441
6507,0.1657684399553956
6508,0.1656772406460484
6509,0.16749687356070628
6510,0.16640272568163084
6511,0.16511553885051833
6512,0.16475312238132173
6513,0.16657565982683728
6514,0.1652821431540186
6515,0.16577607623698942
6516,0.16393004574978762
6517,0.1661491120575467
6518,0.16582118793323833
6519,0.164436597580469
6520,0.16608778777011782
6521,0.16251078296002056
6522,0.16551680863437418
6523,0.1627557260850554
6524,0.16541371212273775
6525,0.1658485631357428
6526,0.16657077034119616
6527,0.16576573378969253
6528,0.16533062359599804
6529,0.1640685194492854
6530,0.16712359486988787
6531,0.16393151217840976
6532,0.16524356692194941
6533,0.16569164405315048
6534,0.16563135974682033
6535,0.1667129946352156
6536,0.16492671659138344
6537,0.16377287359599085
6538,0.1645335367991831
6539,0.16561313142147685
6540,0.16561670830404243
6541,0.16657490757536852
6542,0.16598138706179183
6543,0.16695230369108802
6544,0.1657086288922215
6545,0.16510284474169123
6546,0.1637298673200994
6547,0.16516547186509753
6548,0.16574707844319278
6549,0.16190369710558217
6550,0.16698061467864744
6551,0.1667170633528833
6552,0.16464744103803527
6553,0.16611997491436614
6554,0.16712783531699163
6555,0.16543434073294427
6556,0.16802636544502036
6557,0.16388826303549722
6558,0.16589030423550377
6559,0.16528598876445155
6560,0.16590967905666582
6561,0.16589251775185387
6562,0.16452587115513165
6563,0.16616459972561318
6564,0.16497056786230757
6565,0.165942852717545
6566,0.16569518637499442
6567,0.16369605201657303
6568,0.1648450867448366
6569,0.16694620731648116
6570,0.1670733995557985
6571,0.16465676754830535
6572,0.16490218259979394
6573,0.16392753219878242
6574,0.1650689964374673
6575,0.16532768942786366
6576,0.16542473973990454
6577,0.16525711161850762
6578,0.166930762296403
6579,0.16685950326469737
6580,0.1640294327316853
6581,0.1638317658628281
6582,0.1660787063291097
6583,0.16567406560242967
6584,0.16416218214101552
6585,0.16542784280610548
6586,0.1652083584649216
6587,0.16592521187871867
6588,0.16505142677195628
6589,0.1647123953336292
6590,0.1649816475804601
6591,0.16585623412681838
6592,0.16524771885479242
6593,0.1684698590688843
6594,0.16628789604207136
6595,0.16557678342984644
6596,0.16352754705186706
6597,0.16420301848176097
6598,0.1653071379229087
6599,0.16467216839459103
6600,0.16307516024132426
6601,0.16378598994696061
6602,0.16773972739751403
6603,0.16552507326354107
6604,0.1636756662690427
6605,0.16598881617482728
6606,0.16464775772005377
6607,0.16449891023282828
6608,0.16586133199629252
6609,0.16334446651418774
6610,0.16524643604494607
6611,0.16513425581744623
6612,0.16684672353055205
6613,0.1669677228049094
6614,0.16514184342218588
6615,0.16442634364405442
6616,0.16428061486273612
6617,0.16400671478490533
6618,0.16635802501077224
6619,0.165179055282635
6620,0.16778345530697275
6621,0.16623422017865877
6622,0.1643940064192959
6623,0.1642703967216579
6624,0.1663886406351214
6625,0.16444238723360585
6626,0.16712295469519922
6627,0.16521876035246785
6628,0.16561658093820963
6629,0.1652064591631851
6630,0.16477460208015413
6631,0.16572629093550917
6632,0.16572187723330076
6633,0.1665621435802484
6634,0.1635405146746848
6635,0.1665028523342457
6636,0.16573155184455343
6637,0.16448732535939914
6638,0.16653962351340587
6639,0.16420429205542786
6640,0.16702737553379812
6641,0.1658421965100632
6642,0.16502630656714154
6643,0.16483626924121034
6644,0.16406800371798538
6645,0.16619895152672828
6646,0.16661006402558642
6647,0.16431534123515318
6648,0.1673313163321566
6649,0.1643699073422089
6650,0.16562450886659694
6651,0.1668795833046833
6652,0.16535853484496443
6653,0.16581198879174558
6654,0.16309522442529278
6655,0.1663626306744522
6656,0.16306851539477374
6657,0.1645248582521783
6658,0.16577813361050917
6659,0.16572612334159956
6660,0.16497765917388382
6661,0.16696561857787065
6662,0.16592282786277676
6663,0.16578556947601514
6664,0.16442249024587816
6665,0.16457638528291144
6666,0.1657375052142061
6667,0.16512932200249358
6668,0.1656405410048753
6669,0.16518816113359655
6670,0.16504341532028757
6671,0.1655582989119623
6672,0.16494769355292227
6673,0.16612805132241623
6674,0.16403804860672147
6675,0.16714582677518128
6676,0.16540289124160454
6677,0.16389799292639493
6678,0.1661470593781158
6679,0.16287665763936438
6680,0.1668131950343898
6681,0.1661995905281556
6682,0.16486859310352456
6683,0.16585851557147194
6684,0.16518401317244555
6685,0.16580775628062785
6686,0.1660421284331938
6687,0.16526188547124884
6688,0.16687747061950028
6689,0.16614359574502066
6690,0.16795285270564295
6691,0.16552923847624346
6692,0.16481847258605514
6693,0.1658502625574285
6694,0.16565833242873607
6695,0.16444294913213187
6696,0.1651312569116324
6697,0.16562614927174663
6698,0.16632111692715498
6699,0.1642346204155775
6700,0.16733974802492552
6701,0.164782017673474
6702,0.16510420689515495
6703,0.1641783268786355
6704,0.16609000221047518
6705,0.16252041867352995
6706,0.1650539460424909
6707,0.1644755045875894
6708,0.16554775120650994
6709,0.1664545753591688
6710,0.1648732004454245
6711,0.16648925651325702
6712,0.1674493831621203
6713,0.16524048093708663
6714,0.16444709645023844
6715,0.16429880296607868
6716,0.16573714842926351
6717,0.1675124150549316
6718,0.16522391340190865
6719,0.16618855657463472
6720,0.1660934630829175
6721,0.16449967811750457
6722,0.1639111025792924
6723,0.16606988323481314
6724,0.16522908919715792
6725,0.16617142340236993
6726,0.16422591064653644
6727,0.1664751597862636
6728,0.16567670234408408
6729,0.16590416472943298
6730,0.16654709243305768
6731,0.1640679532115466
6732,0.16635931433175236
6733,0.1634174516053206
6734,0.1658490104329048
6735,0.1664261477318078
6736,0.166948401897643
6737,0.16596427906609762
6738,0.16645352756144371
6739,0.1655498329499475
6740,0.1646034143579307
6741,0.16776880330732433
6742,0.16716952583563008
6743,0.16335029443798765
6744,0.1650106656061716
6745,0.16703245482615772
6746,0.16626860967843507
6747,0.1666093374805942
6748,0.16617798692316568
6749,0.16445318147834687
6750,0.1657101335726078
6751,0.1650356754015036
6752,0.16644615995980241
6753,0.1644322139950126
6754,0.1636855736567139
6755,0.1638499185279684
6756,0.1632098861830478
6757,0.16683700760133968
6758,0.16514136872122046
6759,0.16702087964655
6760,0.16522309158292686
6761,0.16655739124081834
6762,0.16505673584482308
6763,0.1650384566672286
6764,0.16539134020040336
6765,0.16558718790545407
6766,0.1653802513193086
6767,0.16604997087668152
6768,0.16366268340622764
6769,0.1665841446627666
6770,0.16575844742394064
6771,0.165833883448522
6772,0.1640498996064528
6773,0.1664927001299083
6774,0.16653341055607768
6775,0.1632030812250038
6776,0.16541208849101388
6777,0.1660810848133165
6778,0.16328135822743112
6779,0.16613804059474194
6780,0.1644704738743651
6781,0.16470392650972532
6782,0.16510422669617306
6783,0.16439749996684477
6784,0.1646527449812063
6785,0.16486376886670548
6786,0.16456539677589613
6787,0.16591267853780858
6788,0.16591415132122156
6789,0.16508833223872524
6790,0.16523090662708273
6791,0.16452506526305039
6792,0.16672669858161873
6793,0.16331506757767944
6794,0.16540738724916865
6795,0.16598058554006684
6796,0.16768128012764594
6797,0.1658461013318084
6798,0.16630290668204575
6799,0.16774356300198945
6800,0.16613267576522198
6801,0.16495717836122836
6802,0.1664342080342003
6803,0.1673164840446232
6804,0.16413787009770828
6805,0.16498005082400755
6806,0.16478518135914522
6807,0.16484701425503667
6808,0.16606042776188631
6809,0.16611738314557173
6810,0.16688977053947862
6811,0.1643488449535171
6812,0.16359803195612876
6813,0.16545537328692062
6814,0.16666124135061108
6815,0.16518204369755551
6816,0.16295473533868213
6817,0.1639934460512667
6818,0.16414589312793315
6819,0.16561335772748018
6820,0.1676654461089297
6821,0.16562425417234358
6822,0.1657510481025658
6823,0.16683180174358098
6824,0.16544601971752632
6825,0.16598816972934669
6826,0.16661082757971188
6827,0.16577687951941958
6828,0.16511909691821178
6829,0.1667521971672699
6830,0.16532749262872445
6831,0.16503085391031086
6832,0.16821248171414035
6833,0.16491522469176306
6834,0.164729102778616
6835,0.16414001641186277
6836,0.16493419049818236
6837,0.1656480214901483
6838,0.16507305526151939
6839,0.16639751047977328
6840,0.16320882544532517
6841,0.1668806201735208
6842,0.16501894673415451
6843,0.16553285689286584
6844,0.164217306313465
6845,0.16608902160739042
6846,0.16665632349681797
6847,0.1661069895074896
6848,0.16408202644101189
6849,0.16512927201918523
6850,0.16447426136504112
6851,0.1629001212289105
6852,0.16469066857598538
6853,0.16635423463975801
6854,0.16588368183071303
6855,0.16525252474423935
6856,0.16481194063195792
6857,0.1655914559824009
6858,0.16596489465523873
6859,0.16499861558083923
6860,0.16603997878067428
6861,0.1644387900456919
6862,0.16620496003235594
6863,0.16407568900618952
6864,0.16459883853200521
6865,0.1663300927167078
6866,0.16304360944671004
6867,0.16691279576580992
6868,0.16531102570937778
6869,0.16403106280744661
6870,0.1632850028464122
6871,0.16550987360575076
6872,0.1669718077562591
6873,0.1656546193089266
6874,0.1654243458947577
6875,0.1638793446874216
6876,0.1619637935290433
6877,0.1672032427323565
6878,0.1642025626601518
6879,0.1646185583134703
6880,0.1657347852798054
6881,0.16661617537222154
6882,0.16551625459927602
6883,0.16548855015950792
6884,0.16628647169163274
6885,0.16540878677244936
6886,0.16550251101656505
6887,0.16315031353524842
6888,0.16529460481477698
6889,0.16646440746495667
6890,0.16503822096977971
6891,0.16602057002922718
6892,0.1681524579604434
6893,0.16579111062477075
6894,0.16471518356117534
6895,0.16450924881860843
6896,0.16476398473609122
6897,0.1644304168047343
6898,0.16485672194161774
6899,0.16494650334945288
6900,0.1646444908980078
6901,0.16442872991262666
6902,0.16591145784849895
6903,0.16612610557931837
6904,0.16495752989515272
6905,0.16495662023345772
6906,0.16623095658207887
6907,0.16708805651624728
6908,0.16705564650453172
6909,0.1649676810103716
6910,0.16586283240391406
6911,0.1650282203986014
6912,0.16587067843922668
6913,0.16503482274050083
6914,0.16607687436113988
6915,0.16624329128407386
6916,0.1658461007973596
6917,0.16725863176473435
6918,0.16448092043135337
6919,0.16820421828587195
6920,0.1647651505285301
6921,0.16351865593666667
6922,0.16732750244464692
6923,0.16532580433830266
6924,0.16588771181834627
6925,0.16641806350600843
6926,0.16373249680865185
6927,0.16724195171163173
6928,0.16610753290499083
6929,0.16629447422407706
6930,0.16467747035560648
6931,0.1648723288627211
6932,0.166139658223165
6933,0.16445048429039696
6934,0.16528445968809696
6935,0.16533847123124235
6936,0.16587817986955544
6937,0.16545509148923557
6938,0.16573628203651425
6939,0.16568627553591816
6940,0.16661279851459984
6941,0.16816628347056264
6942,0.16423795169699715
6943,0.16566837294517175
6944,0.16475775488823624
6945,0.16532077659484037
6946,0.16630952241393723
6947,0.16540459916607692
6948,0.16600595323343093
6949,0.16552721152129451
6950,0.16713598856418233
6951,0.1647936298894855
6952,0.1647584536042521
6953,0.16262825117089186
6954,0.165470558418977
6955,0.16332159588093034
6956,0.16613090157920862
6957,0.16504124446496063
6958,0.16482589644884618
6959,0.16598666007365642
6960,0.16589033796097094
6961,0.16447805466334064
6962,0.1659213155108694
6963,0.16427835681383662
6964,0.16308883223612639
6965,0.16767387356624944
6966,0.16473280010135005
6967,0.1675337537108753
6968,0.16417599455465226
6969,0.16505304527352718
6970,0.16493976454776352
6971,0.16571612907612263
6972,0.16439712596999337
6973,0.16644350550635117
6974,0.16526676976910187
6975,0.166455130097153
6976,0.16483346200265792
6977,0.16560532171916204
6978,0.16557979314306104
6979,0.16785427645206333
6980,0.1658186932131419
6981,0.1653554691289337
6982,0.16491032730527408
6983,0.1644632429283377
6984,0.1648057934455921
6985,0.16583372750345907
6986,0.16499806052309637
6987,0.1648403693832185
6988,0.16588328025440705
6989,0.16667188499087324
6990,0.16589437687663522
6991,0.16390961683610236
6992,0.16454104953979495
6993,0.1636584034234758
6994,0.16488866509525033
6995,0.16562527484932985
6996,0.16685421685207977
6997,0.16491860081932433
6998,0.1639604592032469
6999,0.1655943592815234
7000,0.16305363044899893
7001,0.16450855936894615
7002,0.16598627983521844
7003,0.1646091794305152
7004,0.16669269219680471
7005,0.16561469957244984
7006,0.16479966344134014
7007,0.1657175549454622
7008,0.16419205786439642
7009,0.16575947523677215
7010,0.16618358325393462
7011,0.16663409443443336
7012,0.16512875400558427
7013,0.16467266655969517
7014,0.16464689650542613
7015,0.16427289238798104
7016,0.1646029989032294
7017,0.1640757999545385
7018,0.16524131780656331
7019,0.16534978543983903
7020,0.1665882533697943
7021,0.16523175220175645
7022,0.1664677742868501
7023,0.16617427747127453
7024,0.16625512883924873
7025,0.1653331048089629
7026,0.16126880015348607
7027,0.16581311978958596
7028,0.1646926225245891
7029,0.16480279959529295
7030,0.16549288527978565
7031,0.16466495252000365
7032,0.16459231130402752
7033,0.16577045441296803
7034,0.16635556769808799
7035,0.16597540174982103
7036,0.16406125834980048
7037,0.16596347081713328
7038,0.16418911314167903
7039,0.16645172814694592
7040,0.16626665393774712
7041,0.16450917029192683
7042,0.1666291902922496
7043,0.1637878128766181
7044,0.1653848677304122
7045,0.1660746305209251
7046,0.16575639275672577
7047,0.165398894105861
7048,0.1671954499589274
7049,0.16404267975230988
7050,0.16586100977177715
7051,0.16623154122601563
7052,0.16702496637892594
7053,0.16470195875113836
7054,0.1658863663498267
7055,0.16262865048857708
7056,0.1648156276172725
7057,0.16649563362633815
7058,0.1654044664739925
7059,0.16689281150664734
7060,0.16573814936316697
7061,0.16637320221506557
7062,0.16460518382665007
7063,0.16492181611348106
7064,0.1640160240391912
7065,0.1664512323787571
7066,0.1665568448898535
7067,0.16511199033824506
7068,0.16311468345656577
7069,0.16438730360017148
7070,0.1647736741955785
7071,0.16395320042119804
7072,0.1651621268581035
7073,0.1656956517038101
7074,0.16621987972946092
7075,0.16732768833045833
7076,0.16450767632134072
7077,0.16585427851145632
7078,0.16454322241212954
7079,0.1655795657399649
7080,0.16563072676741292
7081,0.1656606425923598
7082,0.16586554935654318
7083,0.16398097982320084
7084,0.16481479759192053
7085,0.16488616698232447
7086,0.16466007706172195
7087,0.16524159826712892
7088,0.16643422751785208
7089,0.1661572196686336
7090,0.1662453061749381
7091,0.16655838995225206
7092,0.1648251062659422
7093,0.1663777208714804
7094,0.16411593647901182
7095,0.16739841838072733
7096,0.16350432142509874
7097,0.1648406626540707
7098,0.16508819420769746
7099,0.1668423886535756
7100,0.16594738362328132
7101,0.1659395036157176
7102,0.163692510476504
7103,0.16472589706646176
7104,0.16420930798348193
7105,0.16410445469684137
7106,0.16609131620499973
7107,0.16579922576211642
7108,0.16420335724280197
7109,0.16520449094461628
7110,0.16577623028835625
7111,0.16421879679566428
7112,0.16694652532005064
7113,0.16664317050124983
7114,0.1647395423072162
7115,0.16463018821270803
7116,0.16462556084876548
7117,0.16665581657507347
7118,0.1653901878132766
7119,0.16592705444664624
7120,0.16612324754106586
7121,0.1659267669918355
7122,0.1658740518922257
7123,0.1668099887454785
7124,0.16450516530961487
7125,0.16633662618901504
7126,0.16546656949217503
7127,0.16370700804433852
7128,0.1674579434423413
7129,0.1625819681586416
7130,0.16576654968983262
7131,0.1662847990628163
7132,0.16451074391098253
7133,0.16492669540407173
7134,0.16485305571623554
7135,0.16440766515690697
7136,0.16352954245813306
7137,0.16623963106694836
7138,0.1644087206344013
7139,0.16526330783813087
7140,0.1633587164106343
7141,0.16520798351447233
7142,0.16394260995390494
7143,0.16374163495425115
7144,0.16559352086682294
7145,0.16643440491471895
7146,0.16544462686716832
7147,0.16649043620087314
7148,0.16551019914357895
7149,0.16630388329707213
7150,0.1630392964855269
7151,0.1630919820543084
7152,0.16689247552790745
7153,0.16635743060964425
7154,0.1657811940335637
7155,0.16271861765930143
7156,0.1642236465768054
7157,0.16366815608821556
7158,0.16526518373718802
7159,0.16642368298430946
7160,0.16514442512243044
7161,0.1647158660277996
7162,0.16665416097008592
7163,0.16447042136465415
7164,0.1657198975756806
7165,0.16600477576629763
7166,0.1644287524987403
7167,0.16367714470247627
7168,0.16742006059224293
7169,0.1653092798590779
7170,0.16565934543848929
7171,0.16599375399285776
7172,0.1663945512665013
7173,0.1653929557175276
7174,0.1651735425425772
7175,0.1647239945494059
7176,0.16553707191583375
7177,0.16483636059001963
7178,0.16621854193296862
7179,0.1621241310356649
7180,0.1641361357579325
7181,0.165045801421445
7182,0.1658845698382938
7183,0.16535728478300527
7184,0.16279814156453767
7185,0.1657274128026039
7186,0.162895860927708
7187,0.1651273425348131
7188,0.1652935056152277
7189,0.16383863316077102
7190,0.16573614598104328
7191,0.16480803387612997
7192,0.16578357865911642
7193,0.16701726530059277
7194,0.16311705000371154
7195,0.1660454538496238
7196,0.16632177311398164
7197,0.16602295646181997
7198,0.16735472099831403
7199,0.1650205581272451
7200,0.16481181150358343
7201,0.16608440403062777
7202,0.16501046087501306
7203,0.16550808608114218
7204,0.1642562616239165
7205,0.16384566208133333
7206,0.1652745051672796
7207,0.16504629452599068
7208,0.16639858219441322
7209,0.1667964427003524
7210,0.1657048300695198
7211,0.16566600459268402
7212,0.16542981272823445
7213,0.16726703759130782
7214,0.16586386503111256
7215,0.16584941640441753
7216,0.16626149067122004
7217,0.16554091934948953
7218,0.16461827628762582
7219,0.16774994796042814
7220,0.16590844002877142
7221,0.16608991092153083
7222,0.163980308717799
7223,0.16673275707671958
7224,0.1633942192428741
7225,0.16394140269290056
7226,0.16643232274161274
7227,0.1654524083080299
7228,0.16655268962272943
7229,0.16619553446257565
7230,0.1666421255701011
7231,0.1650855549680933
7232,0.164528738527715
7233,0.16632092771264564
7234,0.16389380000557552
7235,0.16549479697852815
7236,0.16544677910394712
7237,0.16748758880045067
7238,0.1658900732109887
7239,0.16464835321065496
7240,0.16595786536557552
7241,0.16603632139350138
7242,0.166016600294394
7243,0.16648207978778076
7244,0.1652691815832993
7245,0.16493987578760022
7246,0.16468564194044846
7247,0.16588488233930115
7248,0.16496786543388786
7249,0.16448109960295276
7250,0.1655026107048627
7251,0.1662566761515407
7252,0.16509851846899185
7253,0.16593844926936765
7254,0.16677431820252867
7255,0.16856187868688022
7256,0.1671771914227077
7257,0.1657323236593097
7258,0.1661945157676085
7259,0.16634477534711098
7260,0.1664619030500445
7261,0.16588498622646844
7262,0.16447690039154333
7263,0.1657413777017074
7264,0.16504967343999405
7265,0.1656864778395834
7266,0.16396375679654515
7267,0.16280614781737746
7268,0.16648200400986762
7269,0.16490923609830618
7270,0.16551437017641193
7271,0.16745858327861662
7272,0.1656911363120956
7273,0.16399331071295095
7274,0.16435153340911263
7275,0.16348684465623387
7276,0.1664247111590265
7277,0.16533554413660395
7278,0.16594954230853437
7279,0.16699850478860903
7280,0.16431418132021838
7281,0.16712776894041856
7282,0.16587689156806665
7283,0.16507243852704237
7284,0.16494163350598456
7285,0.16700893686057552
7286,0.1660908258360298
7287,0.1652172094926954
7288,0.16559851485439936
7289,0.16436896392205416
7290,0.16487141064698596
7291,0.16441172580533617
7292,0.16667047946629257
7293,0.16656883461167313
7294,0.16505532967274605
7295,0.16561870935123413
7296,0.1664216136120755
7297,0.16205266218084857
7298,0.16654476194739
7299,0.1636866574306397
7300,0.1669352407870955
7301,0.1638667555094319
7302,0.16713820220193953
7303,0.16639475045144708
7304,0.16691875067700576
7305,0.16590520033955616
7306,0.1654060000676955
7307,0.1630482896447296
7308,0.16452621820740324
7309,0.16323295749401986
7310,0.16369083902373388
7311,0.16533599992403283
7312,0.16383012734343727
7313,0.16511242823654765
7314,0.1640144604740548
7315,0.16586022309531134
7316,0.16492888835360017
7317,0.16484727775454752
7318,0.1662998688652914
7319,0.16379610993146407
7320,0.1656087102635654
7321,0.16554969247984036
7322,0.16361694930443413
7323,0.16613043674753852
7324,0.16551434969941162
7325,0.16544191935362088
7326,0.16606942461656107
7327,0.16675144834023156
7328,0.16446793554470157
7329,0.1649057377245536
7330,0.16574829987611955
7331,0.16507527546921494
7332,0.16402006413227688
7333,0.16560060606931437
7334,0.16667607714462143
7335,0.16436974920602998
7336,0.16588876079886924
7337,0.16501331454671428
7338,0.16639034672096056
7339,0.16392885147330682
7340,0.16669467184682304
7341,0.1658928439012952
7342,0.16478579478133937
7343,0.1665577459993505
7344,0.1646114891543796
7345,0.16618468600692557
7346,0.16475163163432746
7347,0.16580561223323462
7348,0.16448484379319941
7349,0.16472245202099325
7350,0.1655338859485321
7351,0.1660033368275818
7352,0.16414332993925113
7353,0.16487548053543222
7354,0.16558063739848145
7355,0.163341262500725
7356,0.1641427730091913
7357,0.1662409680034549
7358,0.16646083142559082
7359,0.16629004736251252
7360,0.16563511483007495
7361,0.1660485823099223
7362,0.16537107816831795
7363,0.16543514781501759
7364,0.16443135134281311
7365,0.1650412932461677
7366,0.16464156721284617
7367,0.165716705753248
7368,0.16622393673157143
7369,0.16692782707307158
7370,0.16712503107841406
7371,0.1651979920290672
7372,0.16644286702727498
7373,0.16605339300762328
7374,0.16607169893742252
7375,0.16523747252016688
7376,0.1645746068360427
7377,0.1656234580588135
7378,0.16500922999266995
7379,0.16653704283429224
7380,0.16505178795477335
7381,0.16355547485298919
7382,0.16828814115136176
7383,0.16422515276734143
7384,0.16485667562825884
7385,0.16629606280384382
7386,0.1654941316941316
7387,0.16553875773064455
7388,0.16515129522719363
7389,0.16527728754991244
7390,0.1643377773830603
7391,0.1652612193183107
7392,0.16509414658828855
7393,0.1644753220290983
7394,0.16302951305096605
7395,0.16678011888945218
7396,0.16631220110376302
7397,0.16425878575996627
7398,0.16494446523214717
7399,0.16527885106356624
7400,0.1658023772264747
7401,0.16410603674152635
7402,0.16597653875170928
7403,0.16437932884226727
7404,0.16566623543332612
7405,0.16653451685453502
7406,0.16651834655522202
7407,0.16620436020672763
7408,0.16393688623943414
7409,0.16531524160764538
7410,0.1663049764440498
7411,0.1658218009380231
7412,0.1661780389677996
7413,0.16531391583938454
7414,0.1630196691073576
7415,0.16450924341453987
7416,0.16449946404384438
7417,0.16529271356683412
7418,0.16553463469618368
7419,0.16415048589658085
7420,0.16522112854812548
7421,0.16464330191710802
7422,0.16568806624456386
7423,0.16637249949207222
7424,0.1643410375567597
7425,0.16642489347642062
7426,0.16629142594588692
7427,0.16462744369032958
7428,0.1658415301054768
7429,0.1638357875611524
7430,0.1657081835646922
7431,0.16655030850794375
7432,0.16199201125157944
7433,0.16558920535066665
7434,0.1643586107934851
7435,0.16542159611360727
7436,0.1657875072016106
7437,0.16586364168607692
7438,0.1657713293569678
7439,0.1660278074567382
7440,0.16700236742806848
7441,0.16461747192193632
7442,0.16276636583883686
7443,0.16654613955051534
7444,0.16532916389240096
7445,0.16433353946673407
7446,0.16634510991977025
7447,0.16670141636202304
7448,0.16315301885272668
7449,0.16503045243173822
7450,0.16647934071573411
7451,0.1653417171348315
7452,0.1640212658583255
7453,0.16629639066821772
7454,0.16571134690890474
7455,0.16558897710051004
7456,0.16740876915851563
7457,0.16348910866051553
7458,0.16684850075046437
7459,0.16405223526511292
7460,0.1655040846528649
7461,0.16595215548080666
7462,0.16600048949020665
7463,0.16586155314061335
7464,0.1676292227761121
7465,0.16539629332990305
7466,0.1658401454220311
7467,0.16541691869299252
7468,0.1644907109020619
7469,0.16354903615651117
7470,0.16492659165014412
7471,0.16680744714171256
7472,0.16168679890566148
7473,0.16589346169861008
7474,0.16614437852464803
7475,0.1665352426369414
7476,0.16565766431597118
7477,0.16538925343668923
7478,0.1646879503036533
7479,0.16420627827417858
7480,0.16528440704641573
7481,0.16711810969436203
7482,0.16568092251252675
7483,0.1657744584131917
7484,0.1666706825726849
7485,0.16508744323176
7486,0.1674398640690078
7487,0.1662518354978939
7488,0.1668676253432624
7489,0.16546038282761882
7490,0.1658300824829108
7491,0.1655110721131947
7492,0.16758160127108737
7493,0.16615694846104698
7494,0.16502318473937555
7495,0.166277895933168
7496,0.16460909122857464
7497,0.1668751680327406
7498,0.16541658643139215
7499,0.16486715669699892
7500,0.1649991704329315
7501,0.16496831543422177
7502,0.1668423991689299
7503,0.16747418121204177
7504,0.1650742213481378
7505,0.16752517871509304
7506,0.1666688355510565
7507,0.1648906304464392
7508,0.16587200258615367
7509,0.16282488874154455
7510,0.1688340101034256
7511,0.16616766094928564
7512,0.16455954243063126
7513,0.16576912276759725
7514,0.1638993890150923
7515,0.1661717896635471
7516,0.16424450039757713
7517,0.16511510757736794
7518,0.1649092872281925
7519,0.16718707049452033
7520,0.16474991328428015
7521,0.16714112724942634
7522,0.16519303912850541
7523,0.16591819997041585
7524,0.16565020123795715
7525,0.16533356085490009
7526,0.16359218051738478
7527,0.1661111241123248
7528,0.16470426166721427
7529,0.16664721761176218
7530,0.16573995800196836
7531,0.16700820418985773
7532,0.16747645352016827
7533,0.16500182547723294
7534,0.16357687725404008
7535,0.16390457503781616
7536,0.1639829138353904
7537,0.16632815577652316
7538,0.16776032305204433
7539,0.1657630756903766
7540,0.1637062837069268
7541,0.16463722884355417
7542,0.1666466537927732
7543,0.16623129760376198
7544,0.16685473912971518
7545,0.16467572856502902
7546,0.16529082423565258
7547,0.1647799474613486
7548,0.16565445666824682
7549,0.16633854321526476
7550,0.16459937719387777
7551,0.16504401673356028
7552,0.16499184497380845
7553,0.1627064057974713
7554,0.16471373461413674
7555,0.1657124963283402
7556,0.1665242071291421
7557,0.16413428692511856
7558,0.16505323970802865
7559,0.1655365524079083
7560,0.1654141754638057
7561,0.16563298414340058
7562,0.16500485311359753
7563,0.16620149963583347
7564,0.16724199210637278
7565,0.16600101879976983
7566,0.16496551348081342
7567,0.16601887951170224
7568,0.16663275037682454
7569,0.16594435231735988
7570,0.1646894231182452
7571,0.16587877737004272
7572,0.1659218398221772
7573,0.16481346421073784
7574,0.16644062539417184
7575,0.1675531013397189
7576,0.16671212920677697
7577,0.1677684225180964
7578,0.16390064090813106
7579,0.1666260143386791
7580,0.16287334323917835
7581,0.16686649254515626
7582,0.16566101774817082
7583,0.16547050452963546
7584,0.16659328278860286
7585,0.16491375845839645
7586,0.1659537990200414
7587,0.16578616728721962
7588,0.16600976246088964
7589,0.16693335095170186
7590,0.16742406023254924
7591,0.16447415359919393
7592,0.16404875207086536
7593,0.1639052201106367
7594,0.16635980540903292
7595,0.16681848887331582
7596,0.16715672423191144
7597,0.16472049799544355
7598,0.16598889335197903
7599,0.1654254084518383
7600,0.16370494613720618
7601,0.1662631246441193
7602,0.16406964531837073
7603,0.16626809639562778
7604,0.16478041353433923
7605,0.16631103273959688
7606,0.16473776746394386
7607,0.1662279638229894
7608,0.16363213928648007
7609,0.16627280115601878
7610,0.16693168213294704
7611,0.16441899592095122
7612,0.16452353894961882
7613,0.16682693794979475
7614,0.16762604938261258
7615,0.16414511368444445
7616,0.1667997045073636
7617,0.16445868359373783
7618,0.1644048186964045
7619,0.16461007202756966
7620,0.16574819598195845
7621,0.16505932500267895
7622,0.16445626212149053
7623,0.16476383329030808
7624,0.16473879650332698
7625,0.16562958222478089
7626,0.16513155940283478
7627,0.16513212269018634
7628,0.1651348848963837
7629,0.16471236929561742
7630,0.16471122347765954
7631,0.16418336643340517
7632,0.16465231974429406
7633,0.16672785453149253
7634,0.16747735661528224
7635,0.16710858344344137
7636,0.1664545326819047
7637,0.1669147110339213
7638,0.1676459110968343
7639,0.16666534863240945
7640,0.16417324040794468
7641,0.1651689455678838
7642,0.1652456767995775
7643,0.16441644989336598
7644,0.16723993708561216
7645,0.1662418094868617
7646,0.16574645559255988
7647,0.16441171347442785
7648,0.16347612675976553
7649,0.1651530150353999
7650,0.16465528682045816
7651,0.16566691813549256
7652,0.16362371164011505
7653,0.16567463940002639
7654,0.16417799923808668
7655,0.1647956907229218
7656,0.163889146138646
7657,0.16432077313693338
7658,0.165568571626633
7659,0.16367748307761826
7660,0.1648277046221593
7661,0.16633201961845587
7662,0.16845176029294387
7663,0.164697147223851
7664,0.16542900378712647
7665,0.1648512757628572
7666,0.16688425955141695
7667,0.1636186074253414
7668,0.16565918941004923
7669,0.16695124575716408
7670,0.1652874693484415
7671,0.16427492934519905
7672,0.163922608759179
7673,0.16381174925490477
7674,0.16487444882628977
7675,0.1651028428814881
7676,0.16454433029802298
7677,0.16308237397868516
7678,0.16500747114056769
7679,0.16335622947811412
7680,0.1651298392414551
7681,0.1658581043661551
7682,0.16586315468285295
7683,0.16620497132133613
7684,0.16622326936888937
7685,0.1655999723158484
7686,0.16603141063830748
7687,0.16548098413726767
7688,0.1646288047972149
7689,0.1665134852219636
7690,0.16632226107820441
7691,0.16519773031988857
7692,0.16787041116672163
7693,0.16658828516064994
7694,0.16443543984661066
7695,0.16555292348238276
7696,0.16573777811105775
7697,0.16538133147263837
7698,0.1643248828388239
7699,0.16623560945450389
7700,0.16625065787905202
7701,0.16520093179473355
7702,0.16524458489433416
7703,0.16635733242354483
7704,0.1645332228810482
7705,0.16351611752777936
7706,0.16605544403936573
7707,0.16411827275506202
7708,0.1667880963359216
7709,0.1666355223312807
7710,0.1649817593767658
7711,0.16497138743483972
7712,0.16763609207407426
7713,0.16262740281381105
7714,0.16555457337929344
7715,0.16558255017441506
7716,0.16721772049226694
7717,0.16576258605202832
7718,0.16527461761769366
7719,0.16503569443765828
7720,0.1642954064996879
7721,0.16711224857444773
7722,0.1656399878258347
7723,0.1659718508372824
7724,0.16590605449381676
7725,0.16599663958052316
7726,0.167274125840176
7727,0.16485434998592005
7728,0.16559002309319196
7729,0.16540478537226036
7730,0.1660210274307309
7731,0.16259016677544758
7732,0.1679086466089952
7733,0.1660223569763698
7734,0.1657793421105527
7735,0.16561646089707577
7736,0.1658193502662195
7737,0.16609005764792767
7738,0.1652644026453196
7739,0.16583290532925993
7740,0.16634922167663532
7741,0.16497335776484007
7742,0.16523604134676423
7743,0.1649008893080578
7744,0.1662717693805085
7745,0.16628152863466472
7746,0.16579219735973916
7747,0.163531361828159
7748,0.16596430875850038
7749,0.1661400461803041
7750,0.16498648533830806
7751,0.16500576830272767
7752,0.16577095694593877
7753,0.16508227645958773
7754,0.16672787536268321
7755,0.1646738081510252
7756,0.16620363921901535
7757,0.1654894898345146
7758,0.1648911900332673
7759,0.16588894182389718
7760,0.16447742951529803
7761,0.16530256314631941
7762,0.16351407041635585
7763,0.16724620103998936
7764,0.16519819776778932
7765,0.16458324625587908
7766,0.16543401376505454
7767,0.1635432878795627
7768,0.1642936579604732
7769,0.16690402374000723
7770,0.1647237792840976
7771,0.1656309080196403
7772,0.16653407631217715
7773,0.16647159525212887
7774,0.16423824798160566
7775,0.16629687008836644
7776,0.16472894532071825
7777,0.16548456917251383
7778,0.1643427755165882
7779,0.16325809383193965
7780,0.1642611002824451
7781,0.16390603007750257
7782,0.16524029214943414
7783,0.16623643124911272
7784,0.16570555324581396
7785,0.1639193856834528
7786,0.16637280114795802
7787,0.1659445130074434
7788,0.16464946993153987
7789,0.16363072345233678
7790,0.16495030702569746
7791,0.16676809717134947
7792,0.16654752096510167
7793,0.16374164820999243
7794,0.16642144986675522
7795,0.16505621671346443
7796,0.16551468903154465
7797,0.1658538433479465
7798,0.16461314658243753
7799,0.16566475396203278
7800,0.16483876809586892
7801,0.16601253803960125
7802,0.16502510915677995
7803,0.16731423874125206
7804,0.16537423513706467
7805,0.16689215223550802
7806,0.16449217857916631
7807,0.16522506264462578
7808,0.16659649278835575
7809,0.16586113265722677
7810,0.1670834608260016
7811,0.16563591247794857
7812,0.1640292463900174
7813,0.1665527098601278
7814,0.16682916214748397
7815,0.16496461892013398
7816,0.16481370468689752
7817,0.16597848989296457
7818,0.1665193008566139
7819,0.1631429928455684
7820,0.16759257821847334
7821,0.1655866636191076
7822,0.1682426180922073
7823,0.16666468969946668
7824,0.16503582144597917
7825,0.16503699775516173
7826,0.16690094422233917
7827,0.16579270300420462
7828,0.16474305723626806
7829,0.16385883195065692
7830,0.16431682856586946
7831,0.1654233629030731
7832,0.16608394515507963
7833,0.16439689284584563
7834,0.16462049745175772
7835,0.16688947851962413
7836,0.1638199156916233
7837,0.16606135003768557
7838,0.16601206579172675
7839,0.1665851388153687
7840,0.16642330774383274
7841,0.16500692207211615
7842,0.1646975077210015
7843,0.1649993474191139
7844,0.16430759443096832
7845,0.16450945548142332
7846,0.1657818765693013
7847,0.1666874099002759
7848,0.16473391920053337
7849,0.16486992361177222
7850,0.1670010719858188
7851,0.16600923232235112
7852,0.1654548802609717
7853,0.16326158397934584
7854,0.1669065910503687
7855,0.16380288263228202
7856,0.16494539169878566
7857,0.16525744777477183
7858,0.16510830452631683
7859,0.16512060746896431
7860,0.16505129999331278
7861,0.1662291968561792
7862,0.1662805496974569
7863,0.1656704566934888
7864,0.1644763594719409
7865,0.16640729176505925
7866,0.1663338875564209
7867,0.16569772959870957
7868,0.1638489615111053
7869,0.1659208900061058
7870,0.16320825334278038
7871,0.1655413467508026
7872,0.16592435313985301
7873,0.16616763737862636
7874,0.16383141022119313
7875,0.16528748454403455
7876,0.16797036648020794
7877,0.16597977643801803
7878,0.165212980345532
7879,0.16576852678082094
7880,0.1655514290216736
7881,0.16381219513883552
7882,0.16604209315798804
7883,0.1634936622434115
7884,0.16721249200515506
7885,0.16677331352969008
7886,0.16403043660352987
7887,0.16563918500051025
7888,0.16570641246303539
7889,0.1646398883706155
7890,0.1662366821108236
7891,0.16651270579713992
7892,0.16623941531274583
7893,0.16571437620226698
7894,0.1661219978411541
7895,0.1643264534308532
7896,0.1642925829447912
7897,0.16431086822955285
7898,0.16599287822562744
7899,0.1653384097230316
7900,0.16777294987148478
7901,0.1646140991790262
7902,0.1640961374166844
7903,0.16619028498346367
7904,0.16350001818735135
7905,0.16498025253574597
7906,0.16677464040657958
7907,0.16613979502439288
7908,0.16601013324047048
7909,0.16387353526555165
7910,0.16527576188699236
7911,0.16452951269661803
7912,0.16608651428844132
7913,0.1664927172866705
7914,0.1637994453407372
7915,0.16768617904799424
7916,0.1645028987529349
7917,0.1645883224357923
7918,0.16516622765875694
7919,0.16599351254865033
7920,0.16543919613371852
7921,0.16446535821935143
7922,0.16526481226525813
7923,0.16465557168669315
7924,0.16597534686170864
7925,0.16703019123549084
7926,0.16419670583713633
7927,0.1647281953407133
7928,0.16642362707545683
7929,0.16665435968351752
7930,0.16647443401152223
7931,0.16376138069838658
7932,0.16477110355202315
7933,0.1650119673879365
7934,0.16334536734684318
7935,0.16504372989995875
7936,0.16429272794310942
7937,0.16486752650111058
7938,0.16731927382277004
7939,0.16616380304838765
7940,0.16665724613427996
7941,0.16539106251716124
7942,0.16464889899348675
7943,0.16476041159243904
7944,0.16465192134697357
7945,0.16434321053590165
7946,0.165463938522569
7947,0.16524175876612873
7948,0.1660932365187638
7949,0.16600129929128074
7950,0.16571150878599009
7951,0.16258008623559092
7952,0.16747344354302346
7953,0.16590587130543993
7954,0.16862612814973596
7955,0.16555534796641194
7956,0.16533848073581411
7957,0.1655840026376646
7958,0.1657030624784484
7959,0.16407429034280183
7960,0.16574112918123599
7961,0.16577286322218737
7962,0.1649110010959716
7963,0.1653121375777587
7964,0.16497998800639793
7965,0.1648055585572844
7966,0.16594035824908263
7967,0.16411976074822054
7968,0.16727386509964776
7969,0.16507127698441187
7970,0.16614340360909902
7971,0.16571382718178823
7972,0.16522209225445844
7973,0.16739368155579107
7974,0.16533256535449725
7975,0.16587029537123757
7976,0.1648965291163669
7977,0.1660696071657951
7978,0.16558373469699902
7979,0.1643264560088038
7980,0.16513186756136194
7981,0.1633891258894827
7982,0.16367273175456554
7983,0.16481801042699795
7984,0.16526768546888113
7985,0.16666687184363113
7986,0.16534693032606537
7987,0.16471407815917155
7988,0.16588281885392425
7989,0.16404316551671058
7990,0.16661461076596956
7991,0.1661793770699135
7992,0.16473974192413526
7993,0.16513466600856694
7994,0.16567965198415432
7995,0.1661220958767235
7996,0.16553205819114242
7997,0.16425068910344434
7998,0.16429115747656783
7999,0.16484166426084296
8000,0.16695695456847662
8001,0.1640622735302859
8002,0.1641414040597162
8003,0.16433735287411688
8004,0.1647588724801008
8005,0.163873034407452
8006,0.16540506269832148
8007,0.1657942545846305
8008,0.1661620909352287
8009,0.16693981190379578
8010,0.16670835065495884
8011,0.16444529431603425
8012,0.1668091955535092
8013,0.16740672464048872
8014,0.163147086250207
8015,0.16419278045086047
8016,0.16570200416014882
8017,0.16463253956304308
8018,0.1636117665457236
8019,0.16718610002569684
8020,0.1657030347622866
8021,0.16515179599328347
8022,0.16520545712250762
8023,0.16487760947990399
8024,0.16572710624320028
8025,0.1636743403146733
8026,0.16472262510047123
8027,0.16476609282916974
8028,0.16583386534316058
8029,0.16629583440416995
8030,0.16420093711496012
8031,0.1637992439717361
8032,0.1642073587853617
8033,0.16555378594443798
8034,0.16448978417461502
8035,0.16509778147602167
8036,0.1658183357052425
8037,0.16354968390197744
8038,0.1626129405678689
8039,0.16472898171833258
8040,0.16501867975503098
8041,0.16534035228945282
8042,0.16524491683520406
8043,0.16608738040108736
8044,0.16453529862103822
8045,0.1662568831384243
8046,0.16516697896453145
8047,0.16517157835013632
8048,0.16616431720117328
8049,0.16540795652917462
8050,0.16502674248632407
8051,0.16646915815526214
8052,0.16772639306083917
8053,0.16552028487067874
8054,0.164374247186371
8055,0.16658062092715661
8056,0.1640735672837701
8057,0.1646694119642287
8058,0.1657348886435457
8059,0.1649412996312084
8060,0.1646436966389129
8061,0.16669195032264447
8062,0.16530806577433818
8063,0.16556287653545873
8064,0.16656031897049975
8065,0.164829727441786
8066,0.16646742508794457
8067,0.16471559976876762
8068,0.16407696943162497
8069,0.16442897782859459
8070,0.16383423819858917
8071,0.16473092162940203
8072,0.16541587909687208
8073,0.16713293955726605
8074,0.16574322222139967
8075,0.1645838360999694
8076,0.16512658980474673
8077,0.16575409948010023
8078,0.16309322257054829
8079,0.16454042548646045
8080,0.16727187655658707
8081,0.16586166609512404
8082,0.1644681575274938
8083,0.16560103936498025
8084,0.16557807078871759
8085,0.16322043516396154
8086,0.16380808645773937
8087,0.16651029303038567
8088,0.163881515785287
8089,0.1644727371538023
8090,0.16425582763769317
8091,0.16575838388046585
8092,0.1650193450248674
8093,0.1651374729962431
8094,0.165734169985447
8095,0.16622031265975346
8096,0.16449048188336934
8097,0.16450077574796068
8098,0.16328717099784534
8099,0.16662690835633667
8100,0.16497336935170495
8101,0.1642529215289419
8102,0.1656427471611659
8103,0.16413645826112963
8104,0.1645329187862107
8105,0.1637844768643773
8106,0.16553942418870904
8107,0.16232070271936502
8108,0.1659578307059094
8109,0.16700032022891184
8110,0.16577358591137106
8111,0.16461143750727783
8112,0.16504357160128835
8113,0.16669923217622512
8114,0.1668839034627142
8115,0.16455063596167313
8116,0.16534607359759643
8117,0.1657998645192002
8118,0.16450225676660216
8119,0.16410004501178335
8120,0.1666501315157111
8121,0.1658556697558551
8122,0.16430827577920584
8123,0.1650835533300882
8124,0.16600849132520623
8125,0.1653096651884367
8126,0.1643525263999372
8127,0.164342164346614
8128,0.166331417004586
8129,0.16409083161291188
8130,0.1648383617429683
8131,0.1657579921139639
8132,0.16483197541412328
8133,0.16476613451757885
8134,0.16413631488511177
8135,0.1662011469802806
8136,0.1658624723648274
8137,0.1643378071137122
8138,0.16252665809390535
8139,0.16529882823338096
8140,0.16695621003881547
8141,0.1656081181238183
8142,0.16749102428292706
8143,0.16504103421512162
8144,0.16649748716418594
8145,0.1655227181487449
8146,0.16724888698618381
8147,0.1660596848346374
8148,0.1640507701953585
8149,0.16236179862024244
8150,0.16537925809410772
8151,0.16487472455022426
8152,0.1648215609512194
8153,0.16432837786272636
8154,0.16246272789797386
8155,0.16810788740975594
8156,0.16531020488033552
8157,0.16520883711423182
8158,0.16686415981326705
8159,0.16616844289884047
8160,0.16421213326206371
8161,0.16434025587699932
8162,0.16573286146038269
8163,0.16457208511418583
8164,0.16529444754294362
8165,0.162695511696405
8166,0.16476055596226372
8167,0.16729843028231653
8168,0.1640947915243291
8169,0.16384537896705323
8170,0.16335848576096398
8171,0.16455261092027146
8172,0.16435879338043352
8173,0.16551399725173255
8174,0.16600559438400653
8175,0.1647816351167628
8176,0.16541365981026335
8177,0.1663344541154186
8178,0.16582789967686143
8179,0.16558419755484927
8180,0.16565640484089256
8181,0.1669345587773066
8182,0.16516084265378644
8183,0.16621841170969628
8184,0.16555022381057097
8185,0.16587599922081492
8186,0.1654511016045132
8187,0.16485835080344388
8188,0.1640646904804385
8189,0.1645338022016647
8190,0.1659593053021149
8191,0.1649163970124492
8192,0.16617430444429093
8193,0.1656285931292827
8194,0.16553896018643127
8195,0.16402249055795093
8196,0.1670604572109716
8197,0.16605555746522171
8198,0.1630962472341185
8199,0.16572203284613168
8200,0.1660715219519461
8201,0.1654673652666216
8202,0.1651804805620137
8203,0.16692420520955215
8204,0.16613685962972607
8205,0.16554687599734164
8206,0.1658707742367869
8207,0.16460110156971763
8208,0.16627917064157297
8209,0.16721468067679476
8210,0.16659682306966553
8211,0.16661536722137807
8212,0.16445552278185574
8213,0.16659738712848413
8214,0.1650754128627828
8215,0.16624723469468564
8216,0.16689049638290934
8217,0.16381716381221612
8218,0.16650001353220653
8219,0.16670395140302108
8220,0.1651389055588397
8221,0.16548670484376596
8222,0.16527389457462954
8223,0.16652949096608952
8224,0.16561883732576568
8225,0.16547040444770492
8226,0.1635325707207952
8227,0.16464143597905323
8228,0.16582669489605203
8229,0.1640742956897606
8230,0.1668274393966426
8231,0.16734656552056607
8232,0.16518944060995824
8233,0.16612660755754385
8234,0.16719650943772357
8235,0.16568478280489957
8236,0.16556389453576048
8237,0.16655084589859817
8238,0.16514507708479675
8239,0.16671562358540643
8240,0.16561181175727752
8241,0.1655961031793479
8242,0.16735087554569664
8243,0.1642959700046173
8244,0.16442543057516967
8245,0.16614049590612495
8246,0.16504762486305946
8247,0.16492705902778373
8248,0.16585872979616006
8249,0.16488378296364467
8250,0.16507575979088832
8251,0.16569192641804398
8252,0.16458959462762582
8253,0.16725292587855595
8254,0.16287541549019938
8255,0.1652657834599657
8256,0.16514362711904743
8257,0.16437692272616075
8258,0.16587434167022813
8259,0.16463057132960338
8260,0.16477528723046647
8261,0.16603265048572202
8262,0.16460082908051496
8263,0.16586873876386837
8264,0.16459724970109652
8265,0.16471892724270146
8266,0.16644992131138067
8267,0.16387360429243467
8268,0.16411130461957368
8269,0.16366779556309413
8270,0.1644600995292433
8271,0.16514596154106823
8272,0.1646882507689575
8273,0.1635199282391939
8274,0.16557744694779847
8275,0.1654098963944177
8276,0.16376682243383983
8277,0.1650801395603926
8278,0.16640860616904976
8279,0.16544702910549033
8280,0.16680949496379943
8281,0.16659212969838988
8282,0.16490674079837472
8283,0.16514183923974488
8284,0.16600391281346905
8285,0.16393924871265747
8286,0.16609408262350234
8287,0.16411750587417354
8288,0.16527583955127764
8289,0.16521010216928927
8290,0.16494950653380644
8291,0.16629514586360417
8292,0.16493710646880966
8293,0.1656027480441974
8294,0.16592961114377835
8295,0.16572532727803133
8296,0.16510300219279453
8297,0.1629177416089263
8298,0.16299577051624056
8299,0.16537469934307739
8300,0.16776026404161792
8301,0.1652155437741884
8302,0.16624243280740728
8303,0.16582349566221852
8304,0.16375507296549566
8305,0.16677789402775128
8306,0.16499385000438332
8307,0.16532974296921532
8308,0.16465465603247068
8309,0.1658473961019486
8310,0.16597837275250313
8311,0.16643504333403167
8312,0.16445810245140974
8313,0.16291934764842372
8314,0.16543216895764365
8315,0.1666580080835032
8316,0.16358896098135384
8317,0.16599498174890473
8318,0.16510332615893594
8319,0.1646789238741778
8320,0.16463652372419255
8321,0.16631488042727455
8322,0.1649554121685209
8323,0.16499957913669058
8324,0.1663002073386513
8325,0.1633758236079557
8326,0.1655995537354868
8327,0.16560242264442077
8328,0.16507541424857128
8329,0.16415131769409905
8330,0.16297277226603468
8331,0.16508614714635875
8332,0.16776100113263573
8333,0.1643138909674728
8334,0.1658081186771253
8335,0.16624022338578023
8336,0.1650041794677923
8337,0.16460048492317936
8338,0.1646297034390096
8339,0.16427428916259104
8340,0.16516738034935602
8341,0.16527413572616825
8342,0.16530743949581223
8343,0.16635792266297417
8344,0.16499642023577232
8345,0.16323512156762315
8346,0.16627106129831168
8347,0.16529953287332205
8348,0.16475153534377374
8349,0.16596941221602052
8350,0.16604000710905814
8351,0.16520883226686428
8352,0.16601212963996012
8353,0.16630623341181047
8354,0.16553673542168948
8355,0.16570459435261883
8356,0.1666840009472875
8357,0.16563869366946046
8358,0.16459037571493934
8359,0.1660257727771009
8360,0.16478115827102097
8361,0.16689650442714565
8362,0.16533202512911063
8363,0.16414488988318507
8364,0.16637745335017595
8365,0.1638925740080514
8366,0.16516724375077976
8367,0.1647372519561084
8368,0.16461712022837632
8369,0.1661202655250537
8370,0.16632392948004424
8371,0.16400312547386775
8372,0.16740580840979646
8373,0.16653996105851643
8374,0.16487445022299593
8375,0.16447297404178154
8376,0.16414623898604608
8377,0.1659380912730262
8378,0.1629561090132721
8379,0.16453630988379844
8380,0.16356628935442433
8381,0.16789922735549248
8382,0.16692721484960174
8383,0.16510111307008157
8384,0.16587537045122847
8385,0.1660870644998005
8386,0.1648640603679496
8387,0.1652132172988528
8388,0.16489843731445
8389,0.16292604805568575
8390,0.1644314715033682
8391,0.16582255977188956
8392,0.16474198651234706
8393,0.16577275313873935
8394,0.16621483434870118
8395,0.16617624392201596
8396,0.16493749315992778
8397,0.16394013409691996
8398,0.16512289957351398
8399,0.16615552278222245
8400,0.1647814192784737
8401,0.16517878398392594
8402,0.16431987803815837
8403,0.16482711791670174
8404,0.1651632631125174
8405,0.16477756875096683
8406,0.16487236134849906
8407,0.1654785211126144
8408,0.16508059283780696
8409,0.16411763837152646
8410,0.16513952362802714
8411,0.16302634445181155
8412,0.16657982939109464
8413,0.1658438425999781
8414,0.16478288932070914
8415,0.16601480832927495
8416,0.16662420293094335
8417,0.166091530335948
8418,0.1663062071071101
8419,0.16265374361686882
8420,0.16586687480808207
8421,0.16499004081043028
8422,0.16694987191946353
8423,0.16623832327589227
8424,0.16424107638483665
8425,0.1657450483598243
8426,0.16577000457179514
8427,0.16578334122499214
8428,0.16573164136827243
8429,0.16461152302177057
8430,0.1668118797548893
8431,0.16779330737833034
8432,0.16674646256746453
8433,0.1655118888541549
8434,0.165077644902227
8435,0.16652508893192813
8436,0.1643367681052876
8437,0.1639439407943604
8438,0.16588702023881816
8439,0.16699448580945825
8440,0.16779344738652224
8441,0.1658307190839001
8442,0.16562500832195876
8443,0.16245214706629862
8444,0.1663290766111805
8445,0.16376724811395457
8446,0.16436301086082183
8447,0.16629337141611747
8448,0.16162033981044943
8449,0.16637275062543613
8450,0.16657059622010853
8451,0.16386614069616243
8452,0.1657219709714203
8453,0.16676767932054012
8454,0.16557946755913303
8455,0.16420921920338516
8456,0.1634009842112001
8457,0.16452498131016502
8458,0.16474867764362758
8459,0.16433945937654842
8460,0.16357855859857337
8461,0.16575503295213218
8462,0.1648264537741013
8463,0.1653436675349202
8464,0.16487820533469966
8465,0.16547497834755331
8466,0.1667347471849324
8467,0.1647626799208258
8468,0.16233963902939177
8469,0.16389201711960055
8470,0.16463067386338412
8471,0.16536642789705105
8472,0.1630830092526268
8473,0.16625919673254985
8474,0.16321676303129254
8475,0.165455632814221
8476,0.16712814996800268
8477,0.16363621528726205
8478,0.16648672961598232
8479,0.1643520152434984
8480,0.16505567471435675
8481,0.16662322261372248
8482,0.16451901858625087
8483,0.16558273678721733
8484,0.1669304107726995
8485,0.16373315178763803
8486,0.1656755824830972
8487,0.16584599713345208
8488,0.16310189577702913
8489,0.1647624569876577
8490,0.16641250702239924
8491,0.16430485662520955
8492,0.16467000707034643
8493,0.16625661603858968
8494,0.16556792755625072
8495,0.1670765991793004
8496,0.16539983855906457
8497,0.16461899101465285
8498,0.16361419495210341
8499,0.16409353523416895
8500,0.16501072940172506
8501,0.16572417904011635
8502,0.16425950135672354
8503,0.16623297497075704
8504,0.16530437928484795
8505,0.16556757506348116
8506,0.16591499136637616
8507,0.16460193742208262
8508,0.16524079901497732
8509,0.16579645477492203
8510,0.16739635415527465
8511,0.1645315690469924
8512,0.1643418717461116
8513,0.16515027205452587
8514,0.16636947758811188
8515,0.1654921108287754
8516,0.16537004676724076
8517,0.1642109304920288
8518,0.1665180814037744
8519,0.16591569890774302
8520,0.16575946915132153
8521,0.1646521317361798
8522,0.16351549904612134
8523,0.16517059921478178
8524,0.16545176359905167
8525,0.16328521489164086
8526,0.16483981177910495
8527,0.1643745743336873
8528,0.16647488280483
8529,0.1656507931206554
8530,0.16458902339274836
8531,0.165672190865319
8532,0.1644970630723253
8533,0.1653657429303545
8534,0.16427925694917206
8535,0.16777274468688136
8536,0.1641061198108404
8537,0.16566511750520066
8538,0.1656568310751283
8539,0.1647390635267682
8540,0.16522175033666142
8541,0.16568033984880243
8542,0.16491623545244227
8543,0.16447532720212904
8544,0.16511709588078444
8545,0.16670682033003695
8546,0.16729572407254908
8547,0.1660764442625916
8548,0.16531904865303765
8549,0.16379542589144075
8550,0.16615337482625991
8551,0.1660964492838056
8552,0.163956605838512
8553,0.1665392719470163
8554,0.1650712663236627
8555,0.1647595896064241
8556,0.16507147023028285
8557,0.16453283323787846
8558,0.16535435726489583
8559,0.16679501441364233
8560,0.16692829513163135
8561,0.16386990647589703
8562,0.16582160327410672
8563,0.16485724002502558
8564,0.16709886307365637
8565,0.16399194703886624
8566,0.1668143658050274
8567,0.16532847389984012
8568,0.16574299154889277
8569,0.16470657872249006
8570,0.1655820365488448
8571,0.16587560007093216
8572,0.16623818039975582
8573,0.1660893284938641
8574,0.1650733009874075
8575,0.1648704190923707
8576,0.16498040799354088
8577,0.16645851393928082
8578,0.16751330778358983
8579,0.16415819324096076
8580,0.16501346705006897
8581,0.16574817858113203
8582,0.16745941927300712
8583,0.16587388973920086
8584,0.16559401462343426
8585,0.1675265097850397
8586,0.1646998911833469
8587,0.16628133943374523
8588,0.1657628001780817
8589,0.16460630719130812
8590,0.1657711833085245
8591,0.1651834092819414
8592,0.16494145268212465
8593,0.16466343928945895
8594,0.16605503496415758
8595,0.16468930643243684
8596,0.16602785887907953
8597,0.1674733354981298
8598,0.16606834420184835
8599,0.16459809312065848
8600,0.16525329015968326
8601,0.16371040589165622
8602,0.16575493758754112
8603,0.16533563017695463
8604,0.16492863854982343
8605,0.16515570442435948
8606,0.16509728726906672
8607,0.16653336020541504
8608,0.16611878070093114
8609,0.1662099311740619
8610,0.16561563013139355
8611,0.163990224049961
8612,0.16662526576200357
8613,0.16599937431996195
8614,0.16566385126222483
8615,0.16486045080431588
8616,0.16589011010115431
8617,0.16574608242809755
8618,0.16619155444148626
8619,0.1636926818698674
8620,0.16592630364380265
8621,0.1653494492363954
8622,0.16408908790278623
8623,0.165995109223254
8624,0.16564242783793037
8625,0.16538516496321165
8626,0.1643640427431904
8627,0.16463394668905748
8628,0.1658814166651444
8629,0.1660687600551372
8630,0.16781351567345862
8631,0.1646911143481471
8632,0.16670064435053664
8633,0.16462611303357716
8634,0.16354098384437632
8635,0.16475570703463813
8636,0.16557413484462694
8637,0.165661660807122
8638,0.16592661938798703
8639,0.16404846927427827
8640,0.16536871243983858
8641,0.16501862045909882
8642,0.1664322164367992
8643,0.16672794326545728
8644,0.16660922796176195
8645,0.1652368286906051
8646,0.16520470308321666
8647,0.1662129782519815
8648,0.16663464856650897
8649,0.16609360885344046
8650,0.16788835204702668
8651,0.16381930453634355
8652,0.16529292730330236
8653,0.16482234674579213
8654,0.16570556577442574
8655,0.16588319814818944
8656,0.16279535167792006
8657,0.1663507981448462
8658,0.16456975069009894
8659,0.16767338481383806
8660,0.16430254372627356
8661,0.1651816917033409
8662,0.16568483703590317
8663,0.16530904378598232
8664,0.16698483546821422
8665,0.16731661725107422
8666,0.164389448944605
8667,0.16587961101319795
8668,0.16483702286671106
8669,0.16499924224928814
8670,0.16486551108882044
8671,0.1647744498747391
8672,0.16447575702953304
8673,0.16392807002535262
8674,0.165187966706844
8675,0.16765356472834836
8676,0.16441754723352486
8677,0.16476218479192134
8678,0.16685718984054887
8679,0.1657672855573083
8680,0.16554136108484532
8681,0.1680266635735021
8682,0.1653325461194559
8683,0.16488758870476022
8684,0.1669657072939524
8685,0.1659512363178181
8686,0.1675590064689531
8687,0.1624617016640708
8688,0.16690755151449477
8689,0.16639239424098537
8690,0.1651770564897935
8691,0.165653351152847
8692,0.1649502753919886
8693,0.16478229014001172
8694,0.1661528197304795
8695,0.1656327123082473
8696,0.16600987531157663
8697,0.16424277176830568
8698,0.16451359708531263
8699,0.16622953153302292
8700,0.16325972422475762
8701,0.16655023868694993
8702,0.16416606378481863
8703,0.1666417431364147
8704,0.16486227977279047
8705,0.16634384012214057
8706,0.16567300666661902
8707,0.16434735742963422
8708,0.16627631152540207
8709,0.16573683814003795
8710,0.16590296542151456
8711,0.16338249096406965
8712,0.1651536971615089
8713,0.16718743126751384
8714,0.16399101453290627
8715,0.16683940488733712
8716,0.16566773313473926
8717,0.16541018631879895
8718,0.1646048278795735
8719,0.16538299655692884
8720,0.16502520303421936
8721,0.16491255112822845
8722,0.162844733881282
8723,0.16506410220500714
8724,0.16547266000696156
8725,0.165303558129029
8726,0.16519010791993127
8727,0.1668609555403303
8728,0.16678462268956104
8729,0.16464948607706986
8730,0.16563368446899124
8731,0.16659055007286333
8732,0.16468125168249975
8733,0.16429727963946086
8734,0.16388528411541406
8735,0.1636820928505473
8736,0.16512879120815863
8737,0.164493394300734
8738,0.164621500644404
8739,0.16411772476880163
8740,0.1665856396827267
8741,0.16635803833582288
8742,0.1651832524945245
8743,0.1657682640649047
8744,0.16557347404056896
8745,0.1628892426608115
8746,0.16807250672982194
8747,0.16485034020223036
8748,0.16599129873324903
8749,0.1656186710406242
8750,0.1661550276334125
8751,0.16610405448686832
8752,0.1650138841569467
8753,0.16578637839270502
8754,0.16721611612565085
8755,0.16506696623541278
8756,0.16670568183495002
8757,0.16299705753898092
8758,0.16596677102753526
8759,0.16689705166786173
8760,0.16721121773444542
8761,0.16701546501699988
8762,0.1649299406090027
8763,0.167712485754779
8764,0.16480100968242417
8765,0.16644123947205405
8766,0.16575464743551208
8767,0.16347460903715796
8768,0.16725834323856725
8769,0.16624550388245218
8770,0.16492134796618743
8771,0.16605781921840107
8772,0.16524832860469862
8773,0.16408860835391628
8774,0.1666518005510322
8775,0.16600558750480945
8776,0.1656705910455915
8777,0.16565918953381506
8778,0.16636354138400702
8779,0.164339532880268
8780,0.16628904511089448
8781,0.16445778762232252
8782,0.16562872803565448
8783,0.164485863614875
8784,0.1649801898501609
8785,0.16612571014704872
8786,0.16611785462887857
8787,0.16544661331528726
8788,0.1640069046497532
8789,0.16520669427358625
8790,0.16507438797175789
8791,0.16661476160982952
8792,0.16401796906155777
8793,0.163406412900808
8794,0.16480819612735764
8795,0.16653079945916222
8796,0.16598571061615913
8797,0.16496344746554953
8798,0.1657433451728315
8799,0.16477405947798615
8800,0.16574678281359556
8801,0.16519905871447638
8802,0.16523023212140306
8803,0.1633694968842987
8804,0.16518700348239448
8805,0.1674903892380833
8806,0.16400422859128097
8807,0.16487113813297738
8808,0.16491386993096857
8809,0.16473328719339114
8810,0.16384217799352468
8811,0.16454899060717884
8812,0.16700776449239493
8813,0.16587296592510486
8814,0.1641326008004225
8815,0.16223999422460086
8816,0.16649157458983316
8817,0.16395575441101726
8818,0.1657228364459236
8819,0.16566945984470235
8820,0.16560855759503032
8821,0.16449411129254207
8822,0.16679526277439347
8823,0.16663285552848175
8824,0.1669463040969133
8825,0.16605012050118564
8826,0.16496007543500876
8827,0.16490351946425078
8828,0.1644699199824755
8829,0.16402579954751526
8830,0.1639655600011963
8831,0.16528482134287564
8832,0.16623640514182964
8833,0.1666053664131347
8834,0.16593054699168763
8835,0.16487674481839104
8836,0.16364348247208577
8837,0.1648346172790604
8838,0.1646547676751016
8839,0.16548476123053446
8840,0.1641858082528927
8841,0.16498171900557163
8842,0.16459738296647752
8843,0.16414043221994037
8844,0.1644938469389697
8845,0.1653951079462797
8846,0.166416841655675
8847,0.16603321885493033
8848,0.16381498662322433
8849,0.16637062601164718
8850,0.1652123016379975
8851,0.1663641482464692
8852,0.166571677903312
8853,0.16602942331926002
8854,0.16412735025724332
8855,0.16680029156549186
8856,0.1668431927795555
8857,0.16592738737028606
8858,0.16592631964420188
8859,0.1644573449091727
8860,0.16526748419437334
8861,0.16495217206746107
8862,0.1638083904754129
8863,0.16708582648508824
8864,0.1667132026549464
8865,0.164924385722197
8866,0.16241242111355547
8867,0.165266048618886
8868,0.16488847575500398
8869,0.16691320740269805
8870,0.16242075684861162
8871,0.1677383011583485
8872,0.16416473301150092
8873,0.16588167656583577
8874,0.16704508360009226
8875,0.1638008793781272
8876,0.1659164385174994
8877,0.1647460181974181
8878,0.16615745024986733
8879,0.16432192633314066
8880,0.16753686464899492
8881,0.164705093261998
8882,0.16502462378981578
8883,0.1665141918669281
8884,0.16246347199994396
8885,0.16560215723036426
8886,0.1649716489977195
8887,0.16660956963731677
8888,0.16376933114488318
8889,0.16613840466371352
8890,0.16526869374628625
8891,0.16590809403294937
8892,0.1654453399373184
8893,0.16641335224185308
8894,0.16508433899166008
8895,0.16519006056914845
8896,0.16230947172888519
8897,0.16409176522811794
8898,0.16679616819817736
8899,0.1669580851088533
8900,0.16512668375715067
8901,0.1666988218356354
8902,0.1662679476529697
8903,0.16592984020526388
8904,0.16538772874034824
8905,0.1640491684593117
8906,0.16724796033832215
8907,0.1656377920386707
8908,0.16325571216564994
8909,0.16265134069126902
8910,0.16511009645194918
8911,0.16474213095471457
8912,0.16366890180504656
8913,0.16694836835307778
8914,0.16406357399055452
8915,0.16518217466664575
8916,0.16633076188765208
8917,0.16657966611606687
8918,0.16463202298294144
8919,0.16666999668154855
8920,0.16477634347693249
8921,0.16637491326311646
8922,0.1650794992879067
8923,0.1644293126331756
8924,0.16366291639962371
8925,0.16561215950555302
8926,0.1628637485421063
8927,0.16510689310971444
8928,0.16699215826160368
8929,0.16567339934182873
8930,0.1641405892606985
8931,0.16577473491931938
8932,0.16573480852504163
8933,0.16537894812048995
8934,0.16691469190911765
8935,0.16569123521697957
8936,0.16736629531147093
8937,0.16479082099489334
8938,0.1644349794969536
8939,0.16524006007870473
8940,0.16475477274481695
8941,0.1647487570104437
8942,0.16430924350137202
8943,0.16578440263694064
8944,0.1665217695742801
8945,0.16642696688637887
8946,0.1645989193631179
8947,0.16565637544266962
8948,0.16496958082636806
8949,0.16402007299822893
8950,0.16425725315017933
8951,0.16514015860634537
8952,0.16526655895436068
8953,0.16311809586486636
8954,0.16520134785385251
8955,0.16594489391822395
8956,0.1653451189953052
8957,0.16581185583743588
8958,0.16349995855057944
8959,0.1648226725099182
8960,0.16610790826312857
8961,0.16587461740242346
8962,0.16567597657055463
8963,0.16576834559038886
8964,0.16403406592795808
8965,0.16507181148236694
8966,0.16720777763635455
8967,0.16516003234781376
8968,0.16332746378690358
8969,0.16632236733645928
8970,0.16787675419984938
8971,0.164883733840414
8972,0.1647525965791453
8973,0.16402821724351532
8974,0.16470068423373663
8975,0.16102991793812113
8976,0.16689850996025418
8977,0.16584991032826865
8978,0.16474791755740578
8979,0.16597627108875904
8980,0.1642837297174008
8981,0.16576355646331958
8982,0.1640417261203878
8983,0.16536305939241322
8984,0.16546648576716272
8985,0.1648030406054887
8986,0.16488996471158818
8987,0.1670378694433147
8988,0.1661927413506301
8989,0.16475610041314628
8990,0.165168540645866
8991,0.16708752253957546
8992,0.16398370582809063
8993,0.1662092602106487
8994,0.1655545291043146
8995,0.1648029930506148
8996,0.16464621826747788
8997,0.1655411872421368
8998,0.16484426581045827
8999,0.16432197543643304
9000,0.16628774309897498
9001,0.16460433269562105
9002,0.1637069228030689
9003,0.16396387051535885
9004,0.16488779045042684
9005,0.1657378179225874
9006,0.16553247959001335
9007,0.16624974095465977
9008,0.16726156497174488
9009,0.16696076268591037
9010,0.16685001729406798
9011,0.16536111236467055
9012,0.16686461980374562
9013,0.1639329833812584
9014,0.1657554835566198
9015,0.16743468997046737
9016,0.16399258114427984
9017,0.16315121906537675
9018,0.1662310348888112
9019,0.16428343954847519
9020,0.163250218138551
9021,0.16550538975013032
9022,0.16577056951960964
9023,0.1648970957946973
9024,0.16684707341202692
9025,0.16619757742810512
9026,0.1654534357005461
9027,0.16451002893713415
9028,0.16443254626543408
9029,0.16490410629383337
9030,0.165771048750893
9031,0.16530803855529275
9032,0.16478656271828881
9033,0.16627251821827202
9034,0.1659279409335613
9035,0.16291321005927517
9036,0.16653928025046813
9037,0.16562872965295175
9038,0.1653416240839482
9039,0.1633852550463668
9040,0.1637734579320958
9041,0.16514599892961832
9042,0.16560101443400338
9043,0.16430914076654202
9044,0.16533598127302299
9045,0.1657502471424508
9046,0.1643426245465863
9047,0.1669471824552969
9048,0.16653583642858044
9049,0.16487381002877438
9050,0.1656046518427348
9051,0.16469277156100898
9052,0.1650065949362784
9053,0.16571638912000092
9054,0.16614142046185373
9055,0.16587598494126557
9056,0.16549327981549872
9057,0.16579591784555475
9058,0.16634744752141037
9059,0.16565900788321486
9060,0.16516583959475525
9061,0.16478211314070035
9062,0.16502562733268364
9063,0.16500707591614083
9064,0.16479121820430045
9065,0.16457734957415257
9066,0.1652171208353378
9067,0.16487560470823534
9068,0.16565601627257204
9069,0.16607056906459966
9070,0.16625047447594207
9071,0.16583771845120396
9072,0.16551745609362353
9073,0.1659746372464238
9074,0.16545760001719265
9075,0.16487115283018675
9076,0.16440864221848725
9077,0.16389353927994424
9078,0.16578186961548477
9079,0.16542653696592
9080,0.164789562404791
9081,0.16381037132082407
9082,0.1643040317098396
9083,0.16375585769435427
9084,0.16474122895047882
9085,0.16618118931695586
9086,0.16480048011960294
9087,0.1655342693884383
9088,0.16442080851481525
9089,0.16695662425989413
9090,0.1625252905512684
9091,0.16439904216659865
9092,0.16624562904435733
9093,0.16521195301900277
9094,0.16369999800294058
9095,0.16699255589518333
9096,0.16580762345220193
9097,0.1654440786890601
9098,0.16396912227511104
9099,0.16453739787815921
9100,0.16570174717030467
9101,0.16731342336873603
9102,0.1650932298061642
9103,0.16636186116510238
9104,0.1661623394666676
9105,0.16615802399573576
9106,0.16385136732496952
9107,0.16492138191760414
9108,0.1669098438984751
9109,0.16440237829294446
9110,0.16475482545028597
9111,0.1628921040785566
9112,0.16445935631392752
9113,0.165194675651322
9114,0.16619459464288333
9115,0.16494739730323782
9116,0.16544860161313785
9117,0.1656608490212209
9118,0.16536788399731497
9119,0.1649056172258487
9120,0.16507281305584554
9121,0.1654492850759865
9122,0.16505393183607991
9123,0.16534365055252256
9124,0.16559715879141237
9125,0.16561437438590393
9126,0.16711054022625896
9127,0.166033125643009
9128,0.1659657810153165
9129,0.16594556964562282
9130,0.16329116417803502
9131,0.16453652762883397
9132,0.16454387151406505
9133,0.16588238693735424
9134,0.16603225569127333
9135,0.16584504770115202
9136,0.16477240368462423
9137,0.16630529781978362
9138,0.16494322101361492
9139,0.16506203338363154
9140,0.16584494390037516
9141,0.16409403614497892
9142,0.164313055569466
9143,0.16441035539131574
9144,0.16799254990234014
9145,0.16586131938035595
9146,0.16494890679221677
9147,0.1666239009056852
9148,0.16663181083936413
9149,0.16519575488890026
9150,0.16602134313381894
9151,0.1660953349155193
9152,0.16633826338645402
9153,0.16493754310611822
9154,0.1652941988390724
9155,0.16621323105849387
9156,0.16602275672208192
9157,0.16651680246308925
9158,0.16491237775589776
9159,0.16508231330620504
9160,0.16413818761470736
9161,0.16565703879043445
9162,0.16422962209435357
9163,0.16351940595720835
9164,0.1666879377528073
9165,0.16779044337090548
9166,0.16465674277386297
9167,0.1644508371932119
9168,0.1670683268610428
9169,0.16464813628745012
9170,0.16680157233299353
9171,0.16682173587664775
9172,0.16625019360006985
9173,0.1667454518774721
9174,0.1659077040192175
9175,0.16495654727960388
9176,0.1644054641217022
9177,0.16549802939717967
9178,0.16410366013459102
9179,0.1647717705787066
9180,0.16476940433204001
9181,0.16593559358135468
9182,0.16608366777463832
9183,0.16542618234378162
9184,0.1637265936251081
9185,0.16658101130914138
9186,0.1642469696208208
9187,0.16554599348789156
9188,0.1657856604983777
9189,0.16397134493604743
9190,0.16612813177647762
9191,0.16455435073052552
9192,0.1657365825367687
9193,0.1659937799468239
9194,0.16599394136252907
9195,0.16515407276557698
9196,0.16479117359495282
9197,0.16437595295315138
9198,0.16517956627044864
9199,0.16517537023171022
9200,0.1656055281835505
9201,0.16631804333153336
9202,0.1655579613223592
9203,0.16694254620095375
9204,0.16588895231642406
9205,0.16538306439052533
9206,0.16653109407122443
9207,0.1662513250914161
9208,0.16403419256752458
9209,0.1639479072303473
9210,0.1651280199761724
9211,0.16450229717245998
9212,0.16455354357082488
9213,0.16644048611883835
9214,0.16458752073602992
9215,0.16514363398497942
9216,0.16536541647732916
9217,0.16673419045877053
9218,0.16654802399013896
9219,0.1656641624857332
9220,0.1651758633208314
9221,0.16355839767734665
9222,0.16531934004952764
9223,0.1663958147186923
9224,0.16525025434302867
9225,0.16520236443609135
9226,0.16599798500573446
9227,0.16615199987319648
9228,0.1655905066958194
9229,0.1632027951184549
9230,0.1636124427494104
9231,0.16538577435067242
9232,0.1663595144830269
9233,0.16624760313252665
9234,0.16422406553891547
9235,0.1640425229852211
9236,0.16399368744843598
9237,0.16666703106995456
9238,0.1654606791586681
9239,0.16515235611814494
9240,0.166780225535101
9241,0.16469884256317843
9242,0.1674563646887675
9243,0.1653348635287772
9244,0.1667991379030944
9245,0.16508279469452972
9246,0.16530484693192274
9247,0.1661438867524584
9248,0.1662415467771855
9249,0.16468373163125394
9250,0.16580532288205055
9251,0.16381226001175142
9252,0.1647732132817646
9253,0.1645951523158234
9254,0.16578054421017585
9255,0.16468075329697493
9256,0.16389391661096908
9257,0.1653703980469841
9258,0.16420419456000235
9259,0.16505059181046491
9260,0.16360315876355394
9261,0.16666716300404738
9262,0.16709228879541746
9263,0.16549461359571652
9264,0.16664662793612794
9265,0.16553124523887536
9266,0.16525636244325118
9267,0.16435452349380703
9268,0.16520746650062426
9269,0.16527064279208115
9270,0.16607801469736108
9271,0.16721958134515513
9272,0.1653410088126813
9273,0.1654825715214956
9274,0.1656988778787054
9275,0.16441406285522234
9276,0.16343488099129003
9277,0.16498588032852668
9278,0.16681082352277712
9279,0.16337079150433811
9280,0.1660631239027482
9281,0.16625526676888308
9282,0.165830113480886
9283,0.16500940174351916
9284,0.16575735719934792
9285,0.16453984799933388
9286,0.16468373193938618
9287,0.16625800150520242
9288,0.16560982142248334
9289,0.16344022427241553
9290,0.1649254578991582
9291,0.1642886555448118
9292,0.16431068478253275
9293,0.16658141412915983
9294,0.16644383753574962
9295,0.1657666492958156
9296,0.1674004512168108
9297,0.16425624425135493
9298,0.1653860891584953
9299,0.16383868455084322
9300,0.16558283879478625
9301,0.16547091607558884
9302,0.164561752897421
9303,0.16406778725828158
9304,0.16691978920306919
9305,0.1644418638401908
9306,0.16506598733480032
9307,0.16552350807287206
9308,0.16595845605194368
9309,0.16516986180923426
9310,0.1654725714870213
9311,0.1636442327297673
9312,0.1669712417768586
9313,0.1642741298530004
9314,0.16727038896851873
9315,0.165398677978868
9316,0.16599961267416968
9317,0.1648910552191179
9318,0.1668893881571194
9319,0.16588390518901525
9320,0.16114019262290064
9321,0.16529786243198152
9322,0.16661064434616343
9323,0.16612723237658192
9324,0.16616577861724063
9325,0.1668734884145016
9326,0.16358151112119593
9327,0.16375848437052085
9328,0.16470578531864521
9329,0.1673763715587891
9330,0.16529541383588967
9331,0.16532515003506276
9332,0.16559554716435787
9333,0.1648620727459146
9334,0.1649584709983941
9335,0.16552850101262814
9336,0.16581334756398017
9337,0.16505904650241002
9338,0.16625515134368785
9339,0.1646739933839064
9340,0.16476583167033035
9341,0.16660841022437173
9342,0.16450370432906372
9343,0.1637851868218458
9344,0.16480790458127478
9345,0.16513418639681215
9346,0.1665438494909003
9347,0.164488907997221
9348,0.16476789216354476
9349,0.16683149796502245
9350,0.16389511843038526
9351,0.16547470072357046
9352,0.1660467373766033
9353,0.16432335111702456
9354,0.16406320793275467
9355,0.16457845755177805
9356,0.1647827230506584
9357,0.16493207234939042
9358,0.16413285180485354
9359,0.16690911687592083
9360,0.16570634494106723
9361,0.16659408940379328
9362,0.16506216527688672
9363,0.16373364434859752
9364,0.16572386562350075
9365,0.16670620392429503
9366,0.16485079566923425
9367,0.1640640532549974
9368,0.1647783566192024
9369,0.1663486970220288
9370,0.1654132212038766
9371,0.16582250219325223
9372,0.1654325833979192
9373,0.16400272089369441
9374,0.16375048372496617
9375,0.1658872959898282
9376,0.16639796805241983
9377,0.16594766699375507
9378,0.16547884366770088
9379,0.16539765980410706
9380,0.1638003114287692
9381,0.16478071750184323
9382,0.16531088439838829
9383,0.1664387734282942
9384,0.16495707558451425
9385,0.16435566102715304
9386,0.1650673886213219
9387,0.16462617725285392
9388,0.1645539394802188
9389,0.16664213756142973
9390,0.16505167583371136
9391,0.16366500177624535
9392,0.16552797643865924
9393,0.1648945573935417
9394,0.16491261541684898
9395,0.16554875255110743
9396,0.16692653037309566
9397,0.16588598812218827
9398,0.1655993938664783
9399,0.16563767972579008
9400,0.16534545322086952
9401,0.16492119417362863
9402,0.1633159967910043
9403,0.16735805248646848
9404,0.16518207371813312
9405,0.16525378138152008
9406,0.1643413289210421
9407,0.16477644189479773
9408,0.16589528939600476
9409,0.16785231901361705
9410,0.1634658470069636
9411,0.16628040575751626
9412,0.1650979272843189
9413,0.16541154062993346
9414,0.16633701185482794
9415,0.16555320953034572
9416,0.16473445509423373
9417,0.16462409092840288
9418,0.16472531776667926
9419,0.1651365328211872
9420,0.1647908810426712
9421,0.16455543496215763
9422,0.16612781648089134
9423,0.16554999808863502
9424,0.16395545108859605
9425,0.1664384460475549
9426,0.16605429546171147
9427,0.16385815533817394
9428,0.164330817949343
9429,0.16529663296802838
9430,0.16649900479233798
9431,0.1654111916950195
9432,0.165557691379895
9433,0.165018385443379
9434,0.16672501438311302
9435,0.16606296957512315
9436,0.16718669834283828
9437,0.16742779810522576
9438,0.16482975300342181
9439,0.16554469268259614
9440,0.1644532883806108
9441,0.1644469554223533
9442,0.16645803000785123
9443,0.16397915649966915
9444,0.1653590977085588
9445,0.16574009559647393
9446,0.16421193748849508
9447,0.16587881531509757
9448,0.1661531480754115
9449,0.16611768943450597
9450,0.16570330647258721
9451,0.16451044379069943
9452,0.16417862338050948
9453,0.16569721087025546
9454,0.16391135459049283
9455,0.16285378554047705
9456,0.16615330388631994
9457,0.1652293170489041
9458,0.16585271803600715
9459,0.16432560211536043
9460,0.1656867026579469
9461,0.16411431948576952
9462,0.16309043032223344
9463,0.16578775195483852
9464,0.16885641966402978
9465,0.16354732143015713
9466,0.16481301360286577
9467,0.1653090200266671
9468,0.1659097553015821
9469,0.16671257782492446
9470,0.16453546163317428
9471,0.16527405959570332
9472,0.16636079239594256
9473,0.16613296675205452
9474,0.16548022114795763
9475,0.16620307965547898
9476,0.16518473459114152
9477,0.16481121779902275
9478,0.16443940682189606
9479,0.16428814184965299
9480,0.16542467890886184
9481,0.16701338519828934
9482,0.16645323866042133
9483,0.1633511346129264
9484,0.163994171271783
9485,0.1669671167066836
9486,0.16658284675577062
9487,0.16396495919756177
9488,0.1658974701723663
9489,0.16559172929719487
9490,0.16456753324105966
9491,0.16597592158855892
9492,0.16583613070441244
9493,0.16614040337538571
9494,0.16670130003415384
9495,0.16375585667533946
9496,0.16745887582366564
9497,0.16674502738719238
9498,0.1633531725691271
9499,0.16610471443886823
9500,0.1632807389901515
9501,0.16613960958047547
9502,0.16686458620036473
9503,0.16463446441099902
9504,0.16668409012007446
9505,0.163644038419228
9506,0.16391351114541136
9507,0.16524658695019473
9508,0.16727845292542493
9509,0.16645914098009906
9510,0.16612582016549285
9511,0.16549707418316328
9512,0.16486724212405415
9513,0.16441448302884817
9514,0.1641852210325365
9515,0.16071755048118275
9516,0.16422957542445807
9517,0.16634314331644606
9518,0.1628679050922985
9519,0.16534650754422908
9520,0.1654527904548457
9521,0.16610065401105106
9522,0.16498167905096356
9523,0.16553741667828872
9524,0.16354382638885934
9525,0.16472686797606467
9526,0.16571039857279551
9527,0.16523976977984667
9528,0.16641773282699004
9529,0.16610756598540288
9530,0.1636797373655033
9531,0.16612914701150178
9532,0.16409651055762509
9533,0.16422790349746696
9534,0.1626446785246223
9535,0.16344544284960494
9536,0.16586843856131184
9537,0.1684775563482148
9538,0.1648301904550637
9539,0.16508177308287247
9540,0.16357967394851244
9541,0.16574812710437567
9542,0.16657728401526817
9543,0.16496679155729366
9544,0.16491083394041595
9545,0.16675531390801857
9546,0.16400145134984143
9547,0.16635587460654006
9548,0.1640336486177116
9549,0.16487836215833634
9550,0.1644953906512158
9551,0.16428596940566764
9552,0.16725853529452153
9553,0.16644600751320401
9554,0.16570532645067962
9555,0.16617125505906802
9556,0.16632521721318771
9557,0.16464006694385405
9558,0.16329162168750197
9559,0.16617946589681118
9560,0.16629837162970765
9561,0.16498611375740435
9562,0.16254354333979354
9563,0.16626610288212262
9564,0.16527104311469362
9565,0.16577382928915124
9566,0.16642421835303475
9567,0.16611545760850946
9568,0.16567651143300965
9569,0.16487563052447993
9570,0.16526042767596605
9571,0.16640337760216967
9572,0.16488853799689057
9573,0.1674864769378596
9574,0.165209936039499
9575,0.16342820135592262
9576,0.1642988122182076
9577,0.1662649687317295
9578,0.16453787370575523
9579,0.16549916165131548
9580,0.1660950070835955
9581,0.16621312148051817
9582,0.16396206563296603
9583,0.1652342998499829
9584,0.16459809373938494
9585,0.165016124287301
9586,0.1662549484311957
9587,0.16659502080179087
9588,0.16713595866957406
9589,0.16394800492726785
9590,0.16607795303620057
9591,0.16442547543998265
9592,0.16379604703458614
9593,0.1661150706921984
9594,0.16506763688323575
9595,0.16380867447972147
9596,0.16530701676221402
9597,0.16402252375270218
9598,0.16454136024989388
9599,0.16655224676541622
9600,0.1652294059473835
9601,0.16609529779674348
9602,0.16508795810958043
9603,0.16634039371379464
9604,0.1646038918547968
9605,0.16401157975031716
9606,0.16444761664081436
9607,0.16512170626581657
9608,0.1674242153340287
9609,0.16430381611167555
9610,0.1636868617099231
9611,0.16634990322492976
9612,0.16584873596030156
9613,0.1654263666616969
9614,0.16515127685467323
9615,0.16616232027525632
9616,0.1655006082802953
9617,0.1656776840906481
9618,0.16521948663197986
9619,0.16577268822371652
9620,0.16340566785713123
9621,0.16556592893650654
9622,0.1650610886603169
9623,0.16591290994848934
9624,0.1639066348680756
9625,0.16593175821270634
9626,0.1669359367333095
9627,0.16413965175554462
9628,0.1660452293552905
9629,0.16546782239011235
9630,0.16674767627658446
9631,0.16365869924463752
9632,0.16653480710464078
9633,0.16390980841761163
9634,0.16471478732850175
9635,0.16702636537102997
9636,0.1673353119167073
9637,0.1652643761844236
9638,0.16323813070519896
9639,0.16661744496349337
9640,0.16636167034943433
9641,0.1655222505845577
9642,0.1658121712964344
9643,0.1653413984672115
9644,0.1646254204428823
9645,0.165337470039993
9646,0.16662737773036806
9647,0.16565933668512514
9648,0.16347870174646298
9649,0.1663841415175404
9650,0.1647867674643157
9651,0.1655187150724118
9652,0.16542961645068094
9653,0.16341359185422932
9654,0.16377904892695416
9655,0.16459097791647065
9656,0.16539745619451257
9657,0.16454450150892344
9658,0.1643747060217483
9659,0.1644519849968347
9660,0.16619309674591187
9661,0.16454544936172885
9662,0.16519972345735373
9663,0.1643883348689418
9664,0.1658639964108933
9665,0.16489146969754132
9666,0.1651543993115323
9667,0.16404423458223164
9668,0.16581791964868442
9669,0.1663289233226899
9670,0.16421774708548498
9671,0.16321615944541482
9672,0.1655965381810006
9673,0.16608672104158667
9674,0.1636424153117713
9675,0.16422024933635715
9676,0.16320751787350504
9677,0.16363534629465162
9678,0.16466805558779052
9679,0.16469555980927736
9680,0.1648252811794771
9681,0.16303252665003395
9682,0.16532131421990406
9683,0.1645848697224505
9684,0.1645356192063094
9685,0.1652815685914315
9686,0.1638829632018057
9687,0.16482448115689655
9688,0.16663352980062832
9689,0.16562537144455858
9690,0.16622030793932954
9691,0.16487781728361167
9692,0.16479973716139606
9693,0.16530626325165348
9694,0.16826623545523714
9695,0.1643735532713092
9696,0.1662081717520292
9697,0.16711874306146168
9698,0.16542590204977947
9699,0.16195084325610168
9700,0.16769277173855499
9701,0.16679711174424233
9702,0.16474362232083645
9703,0.1643354129167193
9704,0.1661354959537136
9705,0.1654557287874519
9706,0.1650197066116165
9707,0.16647874670360216
9708,0.16613159499207958
9709,0.16612424374444248
9710,0.16543224631993647
9711,0.16600497283398263
9712,0.1676340780200819
9713,0.1650814117840645
9714,0.1664052313825662
9715,0.16505844771668826
9716,0.16680049952801482
9717,0.16498542611087957
9718,0.16379577718434316
9719,0.1660910121426881
9720,0.16418798852731756
9721,0.16543226058887667
9722,0.16575254557480457
9723,0.16539995354191367
9724,0.16335362414949006
9725,0.16552025233463336
9726,0.1659939595295303
9727,0.16486030797920057
9728,0.16493999304611756
9729,0.16572600186872585
9730,0.1648095699344865
9731,0.16499316059594163
9732,0.16634719890517652
9733,0.16512699919529172
9734,0.16531000192212916
9735,0.16536864825731193
9736,0.16524076559884313
9737,0.16315722748445965
9738,0.1644186213383158
9739,0.16391679056593256
9740,0.16608360964586075
9741,0.16545238244621793
9742,0.16688310136297638
9743,0.16640353953454065
9744,0.16505929915056108
9745,0.1650309181172164
9746,0.16608588213491854
9747,0.16316915743727628
9748,0.16644358313239935
9749,0.16601304249334042
9750,0.16513244459043913
9751,0.1642126560709786
9752,0.16503777375011314
9753,0.16512570789264244
9754,0.16532330912312151
9755,0.16428841986058285
9756,0.1654172135597748
9757,0.16463952499591208
9758,0.16721093417436297
9759,0.16678631253958787
9760,0.16546624801617502
9761,0.16715499365010297
9762,0.16511353975372337
9763,0.16766048008524384
9764,0.16487982611445626
9765,0.1647432762429847
9766,0.16673848253650733
9767,0.1658613845979921
9768,0.16569441317613431
9769,0.16511857795718468
9770,0.16578818464322115
9771,0.16582506880013742
9772,0.16626721802196187
9773,0.16562533771846108
9774,0.1644693422261373
9775,0.16572440539003416
9776,0.16482154033225707
9777,0.167549311290327
9778,0.1662085798149919
9779,0.16638826499903747
9780,0.1657383120300608
9781,0.16586139697478833
9782,0.16644852291946896
9783,0.1643689309299213
9784,0.16585618949602715
9785,0.16546960686733658
9786,0.165316837282309
9787,0.16633814126297722
9788,0.1655641089615264
9789,0.16761675072754356
9790,0.16338493627474418
9791,0.16686026677843602
9792,0.1658078326377821
9793,0.16662552225654442
9794,0.16773328815286173
9795,0.16569568353260053
9796,0.1658238921687678
9797,0.16486118585606574
9798,0.16574779694403155
9799,0.1653316770002454
9800,0.165940964705263
9801,0.16664685826502237
9802,0.16426734859993455
9803,0.16550066004216019
9804,0.16661253266424264
9805,0.16556649885960403
9806,0.16499459974555045
9807,0.16499626191500585
9808,0.1658862377807955
9809,0.16574476794731013
9810,0.16252662516446473
9811,0.16354817389540907
9812,0.1656172161168777
9813,0.1644387250104005
9814,0.16394628213445347
9815,0.16377206709670636
9816,0.16497782675277764
9817,0.1656247972717729
9818,0.16586878273071948
9819,0.1642052798888281
9820,0.16541671553562004
9821,0.1657473873473284
9822,0.1651128818989483
9823,0.16706926511933687
9824,0.162554038742334
9825,0.1658717245019356
9826,0.1646626872084748
9827,0.16473100204192856
9828,0.1665831257321509
9829,0.16516969270308457
9830,0.16582761041658553
9831,0.1646539766367084
9832,0.16612896108663097
9833,0.16355189713477833
9834,0.16557918637639596
9835,0.16529061322082747
9836,0.16520506203811391
9837,0.16514785970578097
9838,0.1645490318963713
9839,0.16560416238367587
9840,0.16671270649058692
9841,0.16434211306866664
9842,0.1653096065558074
9843,0.1663347892780755
9844,0.16351023598875455
9845,0.16436208921899628
9846,0.16468178852869195
9847,0.16598462890929253
9848,0.1652570838357627
9849,0.1663336003480393
9850,0.16466174521194085
9851,0.16328153986078733
9852,0.16432126041742498
9853,0.16500766632975117
9854,0.16614813718938007
9855,0.16490110836040414
9856,0.16466054783614542
9857,0.164474781462126
9858,0.16454356454222627
9859,0.16362861243609428
9860,0.16532824518769018
9861,0.16509223087906125
9862,0.16601034887630897
9863,0.16569902598776082
9864,0.16468826667087655
9865,0.16662956967102677
9866,0.1633295715731776
9867,0.16451911306120312
9868,0.16466769236894668
9869,0.16441310030226514
9870,0.16435276527906167
9871,0.16438287265853463
9872,0.16399836315341548
9873,0.16712009770002967
9874,0.1651886361916083
9875,0.16573894469333908
9876,0.16643480205597533
9877,0.1646339719499688
9878,0.16425876782703033
9879,0.16462028823114003
9880,0.16355191362772759
9881,0.16546483595068487
9882,0.16624134816582734
9883,0.16410006262302018
9884,0.16667740583767807
9885,0.16561881090942737
9886,0.16644942579687214
9887,0.16430007316875034
9888,0.16618643565410085
9889,0.16507729309227567
9890,0.16461776749466348
9891,0.1680073734812547
9892,0.1644301727152245
9893,0.16483322043278725
9894,0.16709818137040452
9895,0.16478489284752407
9896,0.165223416343713
9897,0.16630703444236852
9898,0.16559459576467833
9899,0.16641741186610837
9900,0.1662490560458189
9901,0.16508285740669787
9902,0.16495949975834534
9903,0.1676520947950589
9904,0.16475770741361478
9905,0.16500945215552104
9906,0.16661244978063697
9907,0.16565763099446137
9908,0.16624930625901962
9909,0.16550177697962934
9910,0.16605477695823134
9911,0.16551580485956746
9912,0.1665440921597937
9913,0.16513373272331233
9914,0.16540237353946075
9915,0.16632840344154018
9916,0.16458445045589803
9917,0.16561550719596496
9918,0.16567937603669905
9919,0.16376347123378046
9920,0.1656640119829763
9921,0.16429045699518924
9922,0.165178808224661
9923,0.16523775490914083
9924,0.1641643834840624
9925,0.16577787388652793
9926,0.165789932777825
9927,0.16553965225708936
9928,0.16481240848765366
9929,0.16608791096155806
9930,0.16496922137247924
9931,0.16499944659789778
9932,0.16519739113155438
9933,0.16625814357633367
9934,0.16448414713508805
9935,0.16537677016268423
9936,0.16800040083991732
9937,0.1658292698064878
9938,0.16407014368143855
9939,0.16439585749134678
9940,0.16550802264375045
9941,0.16560965468070818
9942,0.165673568027506
9943,0.16606013116234306
9944,0.16589798092540126
9945,0.16573032449948186
9946,0.16441341953778202
9947,0.16504411029758223
9948,0.16337925771658948
9949,0.16545623627729936
9950,0.16671398062649256
9951,0.16575897567966072
9952,0.1666407632177032
9953,0.1651349614804809
9954,0.16421523289962583
9955,0.16508946061692345
9956,0.1640630206311269
9957,0.1662004975869541
9958,0.16684262377080372
9959,0.1655266460380873
9960,0.16662249826989667
9961,0.16665966488422893
9962,0.1648070296324445
9963,0.16703971147525248
9964,0.16470045822661453
9965,0.16449876413326453
9966,0.16687448996973805
9967,0.16482833186104215
9968,0.1646609712573246
9969,0.1653359843676167
9970,0.1656571295837255
9971,0.1675658589422799
9972,0.16520279485989905
9973,0.16474224412601146
9974,0.16716818498107588
9975,0.16413763256588434
9976,0.16466432615762971
9977,0.16610478952360122
9978,0.16684140691629057
9979,0.16630334505324249
9980,0.16585153702050798
9981,0.1662933664996218
9982,0.16717929251538688
9983,0.16565435719250246
9984,0.1658984733388028
9985,0.1662792609415939
9986,0.16478847814114475
9987,0.16530713105580216
9988,0.16416872743600108
9989,0.1657444049498703
9990,0.16631148658510653
9991,0.16482974006496587
9992,0.16505292434136737
9993,0.1661481353367779
9994,0.1651642160621104
9995,0.1649584555069046
9996,0.1666949002232444
9997,0.16567221483855463
9998,0.16517223668654324
9999,0.16409501624189277
