seed,cso
0,0.1632133696859078
1,0.16022852192969747
2,0.1623724092646567
3,0.15740422959110265
4,0.15960542000489278
5,0.16533045029559051
6,0.1627324025268455
7,0.16011820991770828
8,0.1592262138055001
9,0.1644426587278275
10,0.1655801810839388
11,0.16035089152395057
12,0.16012474701215076
13,0.16140839400418994
14,0.16293624508902108
15,0.1594151100020132
16,0.1620283948388481
17,0.1603836430567926
18,0.16614766325833266
19,0.1597872156034765
20,0.16494279433345743
21,0.16403810631750723
22,0.1636505852968604
23,0.16086436554574834
24,0.1625019664238831
25,0.1595559364109843
26,0.16199307677823474
27,0.1660833579997579
28,0.16402550667435825
29,0.16380606074936274
30,0.15902192414374794
31,0.1603457454706868
32,0.16115331384962958
33,0.16497143242603285
34,0.15735875541912475
35,0.16342060561558389
36,0.1590798921063905
37,0.16316647209123963
38,0.1584545931945376
39,0.1654352623685285
40,0.16103177608670888
41,0.1638083138399456
42,0.16080739878441222
43,0.15914283905793697
44,0.16081503989992632
45,0.16254891978908365
46,0.16361447202558688
47,0.16243824606136423
48,0.1610159362863089
49,0.16624352134570416
50,0.15822355238493488
51,0.16499038204648103
52,0.1668638608692576
53,0.163201863541957
54,0.16222976513667195
55,0.16624951587310316
56,0.16021332710899613
57,0.1618189434125357
58,0.16235333206898162
59,0.156149326171361
60,0.16423499095508876
61,0.1638603831079953
62,0.16684673138177814
63,0.1610799292686771
64,0.16085102169230403
65,0.1586042424794652
66,0.161307354981525
67,0.16426769809511835
68,0.16462450665899558
69,0.16446769004989123
70,0.1648443285790249
71,0.1659570646192785
72,0.1632325659299021
73,0.1642066485681102
74,0.1621148067142797
75,0.16481068963474554
76,0.16126667564004613
77,0.16354599016797025
78,0.16104457943334538
79,0.16371761995263462
80,0.15912886247830332
81,0.1610373007834559
82,0.16190403392729233
83,0.16807310714884416
84,0.1654954923380304
85,0.16735755239590921
86,0.16069173422700028
87,0.15732759344284342
88,0.16322006061425515
89,0.1612800630541977
90,0.170263047013201
91,0.16389506474696874
92,0.16195425953922848
93,0.16281272015001053
94,0.16200918605026182
95,0.16664666753158544
96,0.16422092952469933
97,0.16212013899434233
98,0.1653239635816403
99,0.1678935665649123
100,0.1628723581265693
101,0.15875838182157595
102,0.16387224125148864
103,0.16115470623285005
104,0.15887164172294668
105,0.1668685376435889
106,0.16411745624456045
107,0.16050427087258504
108,0.16052609792942815
109,0.1592008844003362
110,0.1541219699118222
111,0.15714484057101397
112,0.16240670630551252
113,0.16485833769679417
114,0.1648236670325789
115,0.15755086980830885
116,0.16302720057813455
117,0.163459860002932
118,0.1620955686301114
119,0.1641098675501776
120,0.16336480012585852
121,0.16032875972143573
122,0.16642688797389787
123,0.16261748502295
124,0.16629665360218734
125,0.16179684160653304
126,0.16062777354756436
127,0.16128271634489771
128,0.1680795255202118
129,0.16187477095546177
130,0.1675992473564263
131,0.16011076102402927
132,0.15901012667445402
133,0.162726925241711
134,0.15939276603630262
135,0.1631980660955311
136,0.1597488223422445
137,0.16530655942609107
138,0.16735524482285016
139,0.15608466266716248
140,0.16089599069209543
141,0.16508322184106689
142,0.16464414931336938
143,0.1572161978424873
144,0.15868465784998925
145,0.16658715113347733
146,0.1679924390878469
147,0.16290355723185138
148,0.16373522276332306
149,0.1607119779598482
150,0.16386095788552008
151,0.159617433048025
152,0.16044055855622635
153,0.1645769129360077
154,0.15703556545445493
155,0.16429927034634617
156,0.163427333184832
157,0.1650199892256569
158,0.161593714485147
159,0.15805484493595484
160,0.1615905749322346
161,0.16124965307398542
162,0.16817099368769567
163,0.16331240721795784
164,0.161251911128297
165,0.16285219994570618
166,0.16066250916688823
167,0.1610158862019738
168,0.15802654252000575
169,0.1629147759855963
170,0.16615343615844644
171,0.16250357124458858
172,0.16529692008709612
173,0.16161626806519228
174,0.15755859266835967
175,0.1650469496817971
176,0.16514667169657157
177,0.16387577583648735
178,0.16144151186453495
179,0.16480511910247309
180,0.15965521311105393
181,0.16206949854323485
182,0.16652372302571636
183,0.1621427878223919
184,0.1636345595187344
185,0.16857135920088448
186,0.1595559916684387
187,0.15964838643733437
188,0.16524231555798294
189,0.15892472897586668
190,0.16609734751963603
191,0.15908329675805996
192,0.15975966733099128
193,0.16284707212022748
194,0.159069213003808
195,0.16335988822320768
196,0.1639920672352643
197,0.16332379137896227
198,0.16308266990180367
199,0.16316965995412083
200,0.1690343646023298
201,0.164940026772101
202,0.15959301332226244
203,0.16108509671490104
204,0.1651773592664511
205,0.16202694836392187
206,0.15929831074550357
207,0.16289889849968356
208,0.16199354428989113
209,0.16234863883475717
210,0.15923473365726346
211,0.1604620510745625
212,0.16445445578844686
213,0.16065475711598248
214,0.16325244911129977
215,0.1547855077078973
216,0.1620920816601285
217,0.16236076854836404
218,0.1655526450016019
219,0.16065581001863394
220,0.15970614259448068
221,0.16158038495879534
222,0.16689303918001996
223,0.1603457986991482
224,0.16435450100626664
225,0.15974474467267172
226,0.1649946608565001
227,0.15504310126699167
228,0.1656627560879936
229,0.16422149757351973
230,0.16474642218513036
231,0.16056121571407372
232,0.1609514776618246
233,0.1610342244353223
234,0.16231036105675933
235,0.16444614372135874
236,0.16912473605053321
237,0.16234363020475262
238,0.16070666666242228
239,0.15873708551513763
240,0.1595404328359334
241,0.16456287512018566
242,0.1584324236809931
243,0.16243851925398928
244,0.1685657059686634
245,0.163585144619635
246,0.16327145855441885
247,0.16166282171564164
248,0.16491455590340692
249,0.16484155061234795
250,0.15666983199747017
251,0.16103666184779006
252,0.16458258490639122
253,0.16006028972501649
254,0.16327354886855266
255,0.1644579923167534
256,0.16590826485168497
257,0.16736837392790124
258,0.16230914972124588
259,0.16158747609246138
260,0.16537897543884789
261,0.16058043039276923
262,0.16439530343804912
263,0.16276875139784225
264,0.16307834796623943
265,0.16474712219978843
266,0.16109432418645295
267,0.1631754546229997
268,0.16479865156154297
269,0.1636489702196366
270,0.1605136799804207
271,0.16142356524970822
272,0.16020014514756345
273,0.16119783851244507
274,0.1630420976765988
275,0.16264057719842637
276,0.16171657223468994
277,0.1603428646711221
278,0.15884376180315213
279,0.16684598849865576
280,0.16113194913533826
281,0.16518414106362436
282,0.16517872391863364
283,0.16669077535660476
284,0.16501103788799215
285,0.16260326725666804
286,0.1621514433236553
287,0.16491424549286604
288,0.16373628889439099
289,0.16517111631952783
290,0.16357844826564105
291,0.16111171288036474
292,0.16217487833152514
293,0.16327972245846709
294,0.1636506575803778
295,0.16612494459243818
296,0.16445813983908159
297,0.16165455501010584
298,0.1614902196401286
299,0.16415871191987144
300,0.16174899623439357
301,0.1652586489403412
302,0.1636797923814686
303,0.16364686700640907
304,0.1658378365811764
305,0.1649434326384137
306,0.16020565765030748
307,0.1558194224335315
308,0.16026443537045934
309,0.16699687000288516
310,0.16536161336751262
311,0.1623762404319572
312,0.16555722321711366
313,0.16583610801039364
314,0.1631545566505629
315,0.16409945341128143
316,0.16544564147100882
317,0.16436408271429445
318,0.1573612707421619
319,0.16622004813427615
320,0.16719271868034336
321,0.16181001841994766
322,0.16175384537583531
323,0.16343405851165474
324,0.1615232830234909
325,0.16389385617474014
326,0.16158252172840626
327,0.1597587772219959
328,0.16701078953229118
329,0.15970430604387653
330,0.1625080107489815
331,0.16713349647127054
332,0.16452941681544753
333,0.15577680543844186
334,0.16222758973770612
335,0.16468924520173428
336,0.16059917072823868
337,0.16152909189063366
338,0.16576766621187047
339,0.16361508794119853
340,0.16214601115377578
341,0.16477123358463294
342,0.16769419968131044
343,0.15973908955327554
344,0.1618818074194877
345,0.16144198857203299
346,0.16076708502516135
347,0.16653238908799137
348,0.16630698077141612
349,0.16209664656195127
350,0.15989896913822252
351,0.16494354590988658
352,0.1659436525104255
353,0.16104303668374675
354,0.1598614387481792
355,0.1586411984919832
356,0.16415611250039744
357,0.1646426566949162
358,0.16297598525781798
359,0.1584852627960936
360,0.1597294188480921
361,0.15556196502482572
362,0.15924365524460124
363,0.16636932221061182
364,0.16308761929756752
365,0.15783887435423158
366,0.16494193837952395
367,0.15994415977397522
368,0.16686076845654235
369,0.15922884207327576
370,0.1637410329749667
371,0.164595895423943
372,0.16333454559487762
373,0.15940364570663468
374,0.16593328545925898
375,0.17026704312271607
376,0.16338931404141893
377,0.15650709767976995
378,0.16358931292853718
379,0.15715795444518144
380,0.161631378899191
381,0.16181876743704318
382,0.16307403724879724
383,0.16082973008720344
384,0.16907894380200608
385,0.1593267182951482
386,0.15993698175651647
387,0.1671683748627236
388,0.16402185641673045
389,0.1665473501747483
390,0.16127478721713
391,0.16274411936755154
392,0.16184029277524098
393,0.16567448591474201
394,0.16398319769103128
395,0.16401188425161398
396,0.16034624262619546
397,0.16256847403291122
398,0.16921846788065004
399,0.16218337265645888
400,0.16503758028369103
401,0.16522101445286289
402,0.1637367311209968
403,0.16166101941813926
404,0.16227356018844732
405,0.1604217085800848
406,0.1631271584773747
407,0.16262286860988215
408,0.16620542293862484
409,0.16097899630236434
410,0.1602088213920435
411,0.1605975460734223
412,0.16138889725364935
413,0.16451383580768247
414,0.16180830939272114
415,0.16153181363401525
416,0.1587268003787655
417,0.16366212079865222
418,0.16454972221851663
419,0.16530957245243877
420,0.1628610625153172
421,0.1647878962711111
422,0.16146486960245893
423,0.16136822677208573
424,0.1658168860976485
425,0.16296255569146573
426,0.16571740070609822
427,0.16305687784904915
428,0.16181714141462614
429,0.16147246747951516
430,0.16244824668090593
431,0.16259345022144492
432,0.16091025028578945
433,0.16407618102714927
434,0.16264845893063345
435,0.1605063885499683
436,0.16269254312027157
437,0.16100898855769788
438,0.16613081330988877
439,0.161116084600611
440,0.15757821200440184
441,0.16342739777999427
442,0.16615555162922024
443,0.16208060004293215
444,0.1574616732518234
445,0.16320517704957999
446,0.1593812774822941
447,0.16540463041189282
448,0.16099775307349262
449,0.161296036966783
450,0.15975515581758287
451,0.15843514377859486
452,0.15969456491772865
453,0.16102892733555255
454,0.15746589211559156
455,0.16330439280864145
456,0.16143967987035904
457,0.16531313223312993
458,0.16457415113543336
459,0.16266233350310583
460,0.15793637476874597
461,0.16270152950029362
462,0.16596033521258877
463,0.16432697158015833
464,0.16148903014545493
465,0.16155450471183117
466,0.16219840511707195
467,0.15585675915515326
468,0.16002732881614568
469,0.16418970481114062
470,0.16092424498057606
471,0.15923197433291542
472,0.16359430918209528
473,0.16077319263765177
474,0.15566872694131687
475,0.16596559518501475
476,0.15714065004406744
477,0.1610809408962673
478,0.16292348505246784
479,0.16460032966866153
480,0.16429669458621196
481,0.1609333463572799
482,0.1699353193597777
483,0.1654199461565625
484,0.16133503331931384
485,0.16534977149345578
486,0.16275230403461327
487,0.16264646978824338
488,0.16435177719575386
489,0.16363318290322285
490,0.15917761878862335
491,0.1636944833607864
492,0.16326448038846
493,0.16490074865478507
494,0.16512988851919647
495,0.16617588612409434
496,0.1622223164074488
497,0.1586424739665856
498,0.16288304640269652
499,0.16115685740311894
500,0.16693115191928318
501,0.15859813896044184
502,0.16438855142207695
503,0.16336140786079908
504,0.1668804565875067
505,0.1609634880180013
506,0.16434804257173818
507,0.16462753016764808
508,0.1644808346769126
509,0.16146510631038588
510,0.16566207014714113
511,0.16611350115610846
512,0.1686191133645189
513,0.1631816241808449
514,0.1657375373304026
515,0.16602731522488964
516,0.16340114224557212
517,0.1607963035614874
518,0.15925410132429646
519,0.16073053181257405
520,0.16206811792833928
521,0.1606748836250447
522,0.16510137682693057
523,0.1545572974290134
524,0.16683000282398736
525,0.15909044561376892
526,0.15737059112862997
527,0.1661182964245084
528,0.16679451076574336
529,0.16267666534720585
530,0.1654301925567219
531,0.16293871049822717
532,0.16196710377034998
533,0.157847789052915
534,0.166553400299935
535,0.15807471412072077
536,0.1635785901991288
537,0.1654388640773604
538,0.16728518551169444
539,0.16250143597038327
540,0.1614022137799925
541,0.16057727047095222
542,0.16519706067098944
543,0.16558572137147992
544,0.16289302977689837
545,0.1583840352080829
546,0.1617415824039046
547,0.16090965496001514
548,0.16318869952013268
549,0.16476831272753806
550,0.15691789361071407
551,0.16561132125163364
552,0.16119018116841094
553,0.16048714596622868
554,0.16305353715207366
555,0.16739102922066781
556,0.16476653261894947
557,0.163598456146076
558,0.1622932026609089
559,0.1598978143020326
560,0.16590980100527983
561,0.16075980887676397
562,0.16455243331387515
563,0.16696158476212222
564,0.1603322882361024
565,0.16436909373853092
566,0.1676050794229964
567,0.15772761131169044
568,0.1628238353667908
569,0.16581129519694565
570,0.16016346544317134
571,0.16063622821691467
572,0.16384102893587008
573,0.16796236128497388
574,0.1613446514726253
575,0.16501528164411217
576,0.16297174863902547
577,0.1636825687283222
578,0.16148657501992303
579,0.16281543189194506
580,0.16019149941674612
581,0.15913951258379322
582,0.15977074100220295
583,0.16060761893208256
584,0.16066329633471968
585,0.1627342865443948
586,0.16526913457361217
587,0.16539313102921446
588,0.15971401770756188
589,0.16528009104356972
590,0.16279709623422525
591,0.16110065846532942
592,0.16881974300552677
593,0.16017714231943042
594,0.16541564896831684
595,0.16339517464938244
596,0.16022467527836187
597,0.16947674653327272
598,0.1614082096367475
599,0.16252652865084308
600,0.16722204378898978
601,0.16452461676595517
602,0.16672720977704392
603,0.16536703410925746
604,0.16227355326118703
605,0.16489103689851317
606,0.16133233983344383
607,0.16101639564853445
608,0.1608597059759078
609,0.1615844672809607
610,0.15902139962929626
611,0.1624802369423427
612,0.15911051489519587
613,0.1642020194914515
614,0.16638105700170933
615,0.16446438264041693
616,0.16274019257717745
617,0.1626066205624542
618,0.16678660188994013
619,0.16677109883335317
620,0.16463334531553092
621,0.1599205819780136
622,0.1617696449878376
623,0.15889239946240552
624,0.15475318824100856
625,0.1648711615411885
626,0.16049850039440117
627,0.16797350128447824
628,0.15836490996712155
629,0.16267456626575608
630,0.16378483098327512
631,0.16574465477693837
632,0.16259398851610635
633,0.16296251025336111
634,0.1592577395539238
635,0.16059650944795656
636,0.1701712327308728
637,0.16256764416779038
638,0.16354531468309083
639,0.16670026145015288
640,0.16460784746188642
641,0.1677776408624575
642,0.16635017640841676
643,0.15515240070168126
644,0.16204538028092366
645,0.16064658434257692
646,0.16417802371128795
647,0.16728612958047648
648,0.1585077457036025
649,0.16938347895021144
650,0.16644032001691136
651,0.16402861283407041
652,0.16517693236505576
653,0.15807407625182485
654,0.1631249576112714
655,0.16599284969834585
656,0.1604868469588606
657,0.16492768029361585
658,0.16523271729757863
659,0.16452080226407556
660,0.1654602751031403
661,0.16534610025042945
662,0.16036035245760827
663,0.16070465999979827
664,0.16456912677545454
665,0.15887412716193905
666,0.16133302259827104
667,0.16343951856023203
668,0.16425107394239438
669,0.16581182332949915
670,0.1658056058138008
671,0.1607831295211839
672,0.1680692035746482
673,0.1617951867921209
674,0.16129583977966794
675,0.16324111711047773
676,0.1588572365510431
677,0.1601381862530259
678,0.16183990331181025
679,0.16093719311112487
680,0.15526311077813162
681,0.16321470767242272
682,0.1583671537840479
683,0.15828692080942539
684,0.1646645045290012
685,0.16575182226962387
686,0.1624640643085919
687,0.15880839482603243
688,0.16623707521554584
689,0.15903771993891133
690,0.1607041314725033
691,0.16120368129789403
692,0.15760055594556102
693,0.16864722684104586
694,0.16189487318101858
695,0.16683667818387038
696,0.1616420132497539
697,0.16261631866817589
698,0.1638077641110577
699,0.16667712487638606
700,0.16258032543795986
701,0.1621610534140559
702,0.16071878300408876
703,0.1621789677748692
704,0.16731350424969196
705,0.15622813056105492
706,0.1621642343836976
707,0.16569054120752708
708,0.15976523380638583
709,0.16522726510770316
710,0.15662590830142778
711,0.16676457258619226
712,0.15776863074572944
713,0.16493599773741635
714,0.15726978318113727
715,0.16047840297909105
716,0.1588842662313094
717,0.16248955823152322
718,0.15894519990146289
719,0.1576009315925111
720,0.1610238188884318
721,0.1658074588902151
722,0.1670776236484793
723,0.15779557781109874
724,0.16154464087282427
725,0.1630949501368705
726,0.16380038896718668
727,0.1683380877820887
728,0.16045364207995153
729,0.16046364255473783
730,0.1627240909531877
731,0.16968769390498845
732,0.16482353407540623
733,0.161140699704038
734,0.1552750237908402
735,0.15849869167412733
736,0.16585670135025526
737,0.1633932490877859
738,0.16646974268532186
739,0.16271574976546213
740,0.16802031732384126
741,0.15739117665828525
742,0.16560479065865974
743,0.16253369610023277
744,0.15966700571397618
745,0.16625239618581125
746,0.15922713695806395
747,0.16705167612671915
748,0.16525608852637194
749,0.15947169153988855
750,0.16283534885791037
751,0.16376411064124566
752,0.16208589943899313
753,0.16411017823783244
754,0.16678608819122337
755,0.1621530584298946
756,0.16845609491864072
757,0.16500364919411617
758,0.1606856078522596
759,0.16564638113408697
760,0.15665287974805583
761,0.17148753493656285
762,0.16269380945719542
763,0.16239797109133053
764,0.16430028531362553
765,0.16093531650921533
766,0.16120664303449933
767,0.16279490053072446
768,0.16478882387447655
769,0.16416173913834525
770,0.1677790673326054
771,0.1641100608109535
772,0.1631708065787514
773,0.15928876817352075
774,0.1656467894222235
775,0.16219806568851042
776,0.16019197475096775
777,0.16551844934484505
778,0.16149804989989644
779,0.16376273363362862
780,0.1629957262547361
781,0.16166430123218714
782,0.16189946545368888
783,0.16346482544345875
784,0.16064499511938335
785,0.16377271256874518
786,0.15957319749732637
787,0.1664081687848677
788,0.164139592003722
789,0.15918776916768743
790,0.16384195989746198
791,0.1574448438592798
792,0.16433719054394186
793,0.15755034751390784
794,0.16440761085164207
795,0.16274384571058936
796,0.16778884583847123
797,0.16327514252044026
798,0.16338712025304697
799,0.16068538504804653
800,0.1614866472014895
801,0.1624934145990584
802,0.16636056656255824
803,0.15810296415649566
804,0.16626291429710766
805,0.16503163488750297
806,0.15919775637027928
807,0.15932267435871325
808,0.16110029415025293
809,0.1670082136138026
810,0.1646764577360024
811,0.15705728294997207
812,0.1620286484260577
813,0.16252793548269434
814,0.1637307687667058
815,0.15927691262272933
816,0.1650869667016396
817,0.16335971064055238
818,0.16632045292148712
819,0.1654893795868006
820,0.16345538576783392
821,0.16227435593189002
822,0.16347190662946412
823,0.16030793994096962
824,0.16202656099086915
825,0.16306643942325122
826,0.16295117750806226
827,0.15866440000354964
828,0.1636238653355514
829,0.16181621389824216
830,0.16718314394990125
831,0.15551752067665878
832,0.16462741405950118
833,0.16242104652932945
834,0.15784126098133852
835,0.16516242683175206
836,0.16408169681206206
837,0.1588247030976827
838,0.1616585117496924
839,0.16154155159781444
840,0.16942600020990786
841,0.16211199819833796
842,0.15933790226728253
843,0.15592589728439582
844,0.16199154134715857
845,0.1614201766309589
846,0.16220899842209258
847,0.16257672593066136
848,0.1629919601594112
849,0.15209376391866494
850,0.16509622039669689
851,0.16721343004723047
852,0.1600989509484763
853,0.16271621825212537
854,0.16067444306683065
855,0.16608780147586302
856,0.16652425001850768
857,0.16163427144383558
858,0.16230330248513558
859,0.15910641221644214
860,0.16254338914231528
861,0.1677793787091179
862,0.1640125340372788
863,0.1637912654955973
864,0.16114950829992095
865,0.1582154820172034
866,0.15448295218712824
867,0.1606510055183261
868,0.16351344614293467
869,0.1644869194739033
870,0.15692223914013886
871,0.16236725921147666
872,0.1675740241023918
873,0.1597249420749614
874,0.1560197456423282
875,0.1627290326149644
876,0.15578583063255338
877,0.16321656632183829
878,0.16281686537638235
879,0.16049160503724044
880,0.1591843850970734
881,0.16068372385528645
882,0.15646290693393103
883,0.1676541757689537
884,0.16489375428481537
885,0.1620518211630731
886,0.16433198860047638
887,0.16422756396066351
888,0.16008014466048043
889,0.16225533210376014
890,0.15988292100598595
891,0.1579585393059601
892,0.15920007474949707
893,0.1660588797762213
894,0.16471185741208189
895,0.16442836693459004
896,0.16329558393519425
897,0.1592673030785587
898,0.160341077041248
899,0.1616140509798382
900,0.16363330120822805
901,0.1576104338843643
902,0.16228258914021512
903,0.16559447856280646
904,0.16046474509747602
905,0.16129296382358752
906,0.16138294067038916
907,0.16457170181710823
908,0.16485556277403704
909,0.1633934206285928
910,0.1644141802464127
911,0.15714892527091429
912,0.1619753620242397
913,0.16681877190630875
914,0.16579954223393184
915,0.16180684284243207
916,0.16360419407659485
917,0.16449780751857096
918,0.16271909057535008
919,0.15851349143842922
920,0.16202410687332397
921,0.16811815197935182
922,0.15656551989449247
923,0.16348699344872927
924,0.16365306833103516
925,0.1660265640979679
926,0.16008032596878022
927,0.16712449778290683
928,0.16667691077159283
929,0.1606580012731721
930,0.16617966358958908
931,0.16438632071472972
932,0.16249398131037832
933,0.15830617912181744
934,0.1608480199900532
935,0.16318306690118015
936,0.16489591489701874
937,0.16495173038640545
938,0.16478221600634083
939,0.16244375683261666
940,0.15893876781521873
941,0.16168114082962565
942,0.158462192060474
943,0.16451744282963354
944,0.15795568266777707
945,0.15826562240381895
946,0.16222259075808046
947,0.1612147241235298
948,0.16168426497471347
949,0.16408533096457792
950,0.15958726891278202
951,0.1645857698661942
952,0.16401566777042978
953,0.16343440807173906
954,0.16067033610366901
955,0.16057608828558112
956,0.1630852112367171
957,0.16448996076621888
958,0.16489076579349302
959,0.16161329601892988
960,0.16246915085621635
961,0.1574389089524781
962,0.15844993498130994
963,0.162740347696196
964,0.16502933335705736
965,0.162595888039409
966,0.16291807394487548
967,0.16100139285982062
968,0.16260944332321509
969,0.16540508816032998
970,0.16637240366420386
971,0.16523052377986047
972,0.16009792949447463
973,0.16096794512319162
974,0.16266826480501725
975,0.16138433402165836
976,0.15826876984253926
977,0.15956301262337494
978,0.1633069194700897
979,0.1643634373220662
980,0.1640600275727072
981,0.16363549527436033
982,0.16300360503170155
983,0.16280860487621573
984,0.1581556099980096
985,0.16476043494690473
986,0.15638374144769565
987,0.16178536225460538
988,0.1569394506166521
989,0.15724925882346572
990,0.16006169311633162
991,0.1627751281069415
992,0.16083046748331592
993,0.16276617512913863
994,0.16464823374808094
995,0.16682803024673945
996,0.16526958446041262
997,0.1630633628377624
998,0.1638878390494223
999,0.16309623369735718
1000,0.1639238799178989
1001,0.16336680030589876
1002,0.16597593845219114
1003,0.163658908355457
1004,0.1672258666140712
1005,0.16134208017177135
1006,0.16473991072385097
1007,0.16268286640285726
1008,0.15785032658602347
1009,0.15918328078900987
1010,0.1642665470164383
1011,0.16588902882592532
1012,0.16615802456061862
1013,0.1556499678694146
1014,0.15979800031623095
1015,0.16730639120021434
1016,0.1613091454225045
1017,0.1652051052774102
1018,0.1604437691793346
1019,0.15511123818922265
1020,0.16242191456479585
1021,0.16385758615844118
1022,0.1629192812739833
1023,0.16354991732622062
1024,0.15904542633582008
1025,0.16451932639029554
1026,0.16431139663480968
1027,0.16302893797336285
1028,0.17041133027434652
1029,0.16188795362216762
1030,0.16320342273525787
1031,0.16281567859023927
1032,0.16214186016477475
1033,0.16625062026256485
1034,0.16482498007864677
1035,0.16554497444126132
1036,0.15932328495584516
1037,0.16374495684148788
1038,0.1596108570669074
1039,0.16001286627368794
1040,0.16040462352385354
1041,0.15973871669818843
1042,0.16205365581462924
1043,0.16244051731628284
1044,0.161790781942795
1045,0.16105292992275252
1046,0.16251242528538154
1047,0.16057077991275628
1048,0.1598923218695407
1049,0.16411740447603543
1050,0.16751089274975225
1051,0.16956369403671162
1052,0.1638866792555632
1053,0.16177685030962813
1054,0.1644923332645536
1055,0.16345341530160434
1056,0.16722812495570408
1057,0.16589068151409148
1058,0.15961524426819515
1059,0.16150132004670442
1060,0.16104971347369035
1061,0.16330497176278774
1062,0.16115391206035773
1063,0.1626261457181911
1064,0.16527679139220575
1065,0.16028981257216987
1066,0.1629798122815415
1067,0.16276184431242077
1068,0.15792398210970224
1069,0.16270440230280991
1070,0.1626736128806767
1071,0.16473688498682978
1072,0.15663954035193126
1073,0.16198165869261652
1074,0.16227343141611758
1075,0.15934429334387776
1076,0.1655690311382323
1077,0.16365702025505507
1078,0.1667756605047519
1079,0.1614637175942829
1080,0.15977101277441003
1081,0.1637554525339898
1082,0.1594878410177693
1083,0.1607242320545303
1084,0.1638665407347414
1085,0.16271102791909559
1086,0.16144036891651473
1087,0.1632187177621681
1088,0.1640825492076474
1089,0.1640915165684513
1090,0.15965782495218117
1091,0.16333801020034602
1092,0.16645384836766636
1093,0.1604625615375625
1094,0.1617836046662606
1095,0.16111534572315153
1096,0.16235468805232237
1097,0.16283676499786412
1098,0.16123492941710593
1099,0.1672647124889479
1100,0.16215239860839062
1101,0.16063418189623124
1102,0.16564443858123346
1103,0.16029748297300486
1104,0.1603836613706612
1105,0.1653007251853615
1106,0.16714497204051834
1107,0.16551627206567293
1108,0.16562515236325684
1109,0.16455062273713614
1110,0.1671671569448379
1111,0.15962717100811932
1112,0.16331764598204598
1113,0.16312651625955138
1114,0.16657265513309844
1115,0.16858623788157606
1116,0.17052864554299907
1117,0.1604579458377422
1118,0.1583633161020874
1119,0.16119918793897467
1120,0.1661207677540604
1121,0.16153170463783328
1122,0.16329154681241537
1123,0.16135566669630447
1124,0.16406422126773704
1125,0.16316990189784875
1126,0.16935551101774826
1127,0.164856698069184
1128,0.15865788633625438
1129,0.16086985849303967
1130,0.1682018475054216
1131,0.1645413500602993
1132,0.16598180439509602
1133,0.15721187943176712
1134,0.1650181812444357
1135,0.16179294793659682
1136,0.16421487476142582
1137,0.16352677797771886
1138,0.16650156418223258
1139,0.16821044997022852
1140,0.1577851843436921
1141,0.1620118803959934
1142,0.16181101055054797
1143,0.17001944985374437
1144,0.15621555529882858
1145,0.16538123201034105
1146,0.16470913298564957
1147,0.1605367795858448
1148,0.16539657770147873
1149,0.1627674059231053
1150,0.1641699169941214
1151,0.16364844755444818
1152,0.16076975838308652
1153,0.16706174773615012
1154,0.16475391438328887
1155,0.16431896900856252
1156,0.16064684845089885
1157,0.16482501661244692
1158,0.1618110788183278
1159,0.16469933969209963
1160,0.16057872801997305
1161,0.15494103112878038
1162,0.16132366635295314
1163,0.1655007356424037
1164,0.16297215126397474
1165,0.15791822349166285
1166,0.1576470617117783
1167,0.16031181673937223
1168,0.16502821053194736
1169,0.16596176042380306
1170,0.16388806794041064
1171,0.15939975774226137
1172,0.16211013682156566
1173,0.166060290203908
1174,0.16210705143302934
1175,0.16340134378177285
1176,0.16946794010197394
1177,0.1613067366702603
1178,0.16627135082565261
1179,0.16271819248808472
1180,0.16354415641592815
1181,0.1607436193908643
1182,0.15688503549927332
1183,0.15915126756923587
1184,0.16482163570224057
1185,0.16477344418254453
1186,0.1589399318303916
1187,0.16813384150437652
1188,0.1638544353274804
1189,0.15931811445341917
1190,0.1673091675151647
1191,0.1620892056453444
1192,0.16059421814502295
1193,0.16741507923149887
1194,0.16249492781750416
1195,0.1633076842784477
1196,0.16411028590987028
1197,0.16078481151810264
1198,0.16467386589976582
1199,0.16536835035282044
1200,0.16150948097450313
1201,0.16009098225239587
1202,0.16336659180946353
1203,0.16048622116705888
1204,0.16275798205959424
1205,0.1612299481674471
1206,0.16569746572710473
1207,0.16188623045552739
1208,0.1604788956761295
1209,0.16272149610997372
1210,0.16653805105991792
1211,0.16603503740165299
1212,0.1611373996312901
1213,0.15927310723580124
1214,0.1641089771596241
1215,0.16322042410970242
1216,0.15914693427822935
1217,0.16192086295197491
1218,0.1618540336082546
1219,0.15630409026124212
1220,0.16172356352669043
1221,0.1600523030331214
1222,0.1632547941866714
1223,0.16365296874899737
1224,0.1618958996642886
1225,0.16145622960743866
1226,0.1673368969949749
1227,0.16082984342836035
1228,0.16285384616666462
1229,0.15838093536076098
1230,0.16427263396615532
1231,0.16224637878053477
1232,0.16986545924851837
1233,0.1614685706243619
1234,0.1591219405643021
1235,0.16161076011203146
1236,0.16238387944227362
1237,0.16120862020037396
1238,0.16638749313227957
1239,0.16968938370630374
1240,0.1611593103731947
1241,0.1625934427884722
1242,0.15953260730217303
1243,0.1640859277705385
1244,0.16243656311233884
1245,0.16120455893308716
1246,0.1610887619367978
1247,0.15995202996499688
1248,0.1601698403462547
1249,0.15802617753167164
1250,0.15906803895383798
1251,0.1599931932418539
1252,0.16537718245878247
1253,0.1643146468645288
1254,0.16103722755427394
1255,0.16099715771696854
1256,0.16849156690816022
1257,0.17031928818251416
1258,0.16613327981336426
1259,0.1625698011727509
1260,0.1638417378367278
1261,0.16149795729887656
1262,0.16482775491486454
1263,0.16422872108837963
1264,0.1596277181131236
1265,0.16262894360720667
1266,0.16456746103307035
1267,0.16917432630845977
1268,0.1548578948681108
1269,0.16091511300275294
1270,0.16249131651858312
1271,0.16627734892873808
1272,0.16261151018787043
1273,0.16349769206203177
1274,0.16509771183696156
1275,0.16650974976841276
1276,0.16504831790367055
1277,0.16322231708562282
1278,0.16407456533372328
1279,0.16237389199392935
1280,0.16155935588395554
1281,0.16207489841240044
1282,0.1620056523337608
1283,0.16368389763452987
1284,0.16349863100585837
1285,0.1601632644142678
1286,0.16596444269922028
1287,0.16160993145561622
1288,0.16023616356859569
1289,0.16345007984055468
1290,0.1622033050682346
1291,0.16094388776704108
1292,0.16459081005277476
1293,0.15856213705135563
1294,0.16659540069101494
1295,0.1657212489858733
1296,0.16304990104095454
1297,0.16342258182183456
1298,0.15988890388216614
1299,0.16337023851155935
1300,0.16020313084934493
1301,0.16116599105688656
1302,0.16517448149586386
1303,0.16373892156174857
1304,0.16259862723441326
1305,0.16167309503573155
1306,0.16247184160766975
1307,0.16223270144183286
1308,0.1698161501885138
1309,0.16609221659922924
1310,0.1623749236024393
1311,0.1630360136885659
1312,0.16626646805816894
1313,0.16010047215519352
1314,0.16597384261133924
1315,0.1648648113508342
1316,0.16167815427178797
1317,0.1674746043303881
1318,0.16297967706177593
1319,0.16210027748653938
1320,0.16457525873463125
1321,0.16433229227779245
1322,0.16096017329557907
1323,0.16322926430704343
1324,0.16018867844755671
1325,0.16110332436812694
1326,0.16370928548799502
1327,0.16029799344672502
1328,0.15895679668595478
1329,0.16414351662142793
1330,0.16153745740404482
1331,0.15957350605415302
1332,0.16359670322927133
1333,0.1570364433800918
1334,0.16288668796780392
1335,0.16399917543159928
1336,0.16028980024740205
1337,0.16813442238774334
1338,0.16652228139987274
1339,0.16400957534281602
1340,0.16135660283771044
1341,0.1567966913130758
1342,0.15957005570977112
1343,0.17046795940797438
1344,0.16856043911427807
1345,0.1644026434873344
1346,0.1677410756934816
1347,0.16109222164253312
1348,0.16186804203877087
1349,0.16734452391785026
1350,0.15941784146636917
1351,0.15776826696954502
1352,0.16100170954889323
1353,0.162543326496929
1354,0.16255713793095478
1355,0.16062355598411682
1356,0.1626351526222966
1357,0.16383917828698447
1358,0.16156305746437438
1359,0.1586028654536039
1360,0.1632859432010097
1361,0.16694414233024138
1362,0.1638704472174487
1363,0.16038105688350437
1364,0.16085652406205217
1365,0.16135805313059218
1366,0.16096566671538026
1367,0.16301230492460028
1368,0.1681579585532336
1369,0.16466158840189005
1370,0.1642108441797222
1371,0.15865516353945128
1372,0.16385372191327205
1373,0.16076732555840245
1374,0.16388948842112272
1375,0.16327463157556038
1376,0.16167451704971417
1377,0.16175259523100852
1378,0.16402121655692498
1379,0.16673131658220508
1380,0.16373851472660722
1381,0.16920318342771204
1382,0.16365053678055436
1383,0.15722635406096802
1384,0.16775459021028893
1385,0.1615932254921023
1386,0.1642259431401359
1387,0.1581969341456539
1388,0.16676747481300333
1389,0.1669430484017256
1390,0.16029157499445704
1391,0.15783376374305608
1392,0.16843023407586377
1393,0.15916361434423368
1394,0.16429458539771416
1395,0.1651535978290678
1396,0.161463915062035
1397,0.15810108107916934
1398,0.16451141737000316
1399,0.16242735696305216
1400,0.16347912454453817
1401,0.1585702334571435
1402,0.1614875694795991
1403,0.1560760045113067
1404,0.16332681835564836
1405,0.16094165843501992
1406,0.15889257875755133
1407,0.16593159567550897
1408,0.16189855266981537
1409,0.16085673689428384
1410,0.16134904567057665
1411,0.16381963806692834
1412,0.1616888137851008
1413,0.16221720250232782
1414,0.15640739087420805
1415,0.16154125927742302
1416,0.16559060545635984
1417,0.15897948077181748
1418,0.16442742607725483
1419,0.16692178415564105
1420,0.15568162732663623
1421,0.16390945148198185
1422,0.16098230889087375
1423,0.1577525988727398
1424,0.1639151575119699
1425,0.16343693117645552
1426,0.16256832232876456
1427,0.15881151767132903
1428,0.16768998226324083
1429,0.16326146328235985
1430,0.1598916404196295
1431,0.16395997657372907
1432,0.16340830770257705
1433,0.1584951236775842
1434,0.16741851292876436
1435,0.16361059258327243
1436,0.1635570557583477
1437,0.16322596244036228
1438,0.16212264776504087
1439,0.15649429160520603
1440,0.1656410411574606
1441,0.1631927828450631
1442,0.1637093147329063
1443,0.1561653437123031
1444,0.16156998375315237
1445,0.16202199181971275
1446,0.1686268591877735
1447,0.16537636097506683
1448,0.16342150236759223
1449,0.15679595912921032
1450,0.1634629765554892
1451,0.1648657999946698
1452,0.1605832678647735
1453,0.16371318097794915
1454,0.16829187029810425
1455,0.15930768887907762
1456,0.16413755680966316
1457,0.16400576425234784
1458,0.15920802057856995
1459,0.1658001154224737
1460,0.16650672018553653
1461,0.16215765877391203
1462,0.16827923402395278
1463,0.15880024213865956
1464,0.16171532807441655
1465,0.16112569590582385
1466,0.16289397059631647
1467,0.16852353663173839
1468,0.1598243719641735
1469,0.15827646666832032
1470,0.16130168552547772
1471,0.16329137797740492
1472,0.1628819261371122
1473,0.16317717352139213
1474,0.1595305079644088
1475,0.16131988798781252
1476,0.16464462736205657
1477,0.1560084657205708
1478,0.15886978578593863
1479,0.16576120142254597
1480,0.15943344429805675
1481,0.16100450649253403
1482,0.16389441294079968
1483,0.16138553688856305
1484,0.16621638727037263
1485,0.16295339667088182
1486,0.15903176522359602
1487,0.1597948352495553
1488,0.16653534786083368
1489,0.15961550887149836
1490,0.16747451814744707
1491,0.1622076469709501
1492,0.16415735392596215
1493,0.16417075456951513
1494,0.15608866060474008
1495,0.15799873334876136
1496,0.15916285824380053
1497,0.15828208508910882
1498,0.1643518378318965
1499,0.1640681060236396
1500,0.16110848470717776
1501,0.15599127445470104
1502,0.16101503280170065
1503,0.16006379076613136
1504,0.15975699036539356
1505,0.1662544180324497
1506,0.16129910392194896
1507,0.16525351250644094
1508,0.16255315966125564
1509,0.16503702236394574
1510,0.16378019265062221
1511,0.15389629073198266
1512,0.16147390623704205
1513,0.1595111569032798
1514,0.16294430208812924
1515,0.15999335226079825
1516,0.16074611914301065
1517,0.1610319896986802
1518,0.16035965421241363
1519,0.16284162991478987
1520,0.16058397645960756
1521,0.1653829079047836
1522,0.16399551193537246
1523,0.15764089964609612
1524,0.16969127273140588
1525,0.16078977894706212
1526,0.1606636483529204
1527,0.16359317666625564
1528,0.16075301664849387
1529,0.16103430310733863
1530,0.16287364161801002
1531,0.1631134499324903
1532,0.1670306818818346
1533,0.16489006099998715
1534,0.16672076667477026
1535,0.16285672843121998
1536,0.1623549176345469
1537,0.16300428788073681
1538,0.16110716593386556
1539,0.16731373610111283
1540,0.16490996136442068
1541,0.16300266925636892
1542,0.15566440565773765
1543,0.16154648818028589
1544,0.16296852936308603
1545,0.1611771893125746
1546,0.1582001534823556
1547,0.16426730387491412
1548,0.16509890790704895
1549,0.1662008494515054
1550,0.16244893280930092
1551,0.1605723488515786
1552,0.16176100777068858
1553,0.16405997084452206
1554,0.16332463594667904
1555,0.1601388672875684
1556,0.166036191531104
1557,0.16332084084233808
1558,0.16524602660448817
1559,0.15827947739363435
1560,0.15670640748762799
1561,0.16075822228661923
1562,0.1662250032247457
1563,0.1637563834385958
1564,0.16521401333701138
1565,0.1597785965638216
1566,0.16295271513448772
1567,0.16524883886198474
1568,0.1646864746885244
1569,0.16486209088391707
1570,0.1666959571957945
1571,0.16460647192013192
1572,0.15904720398924252
1573,0.16200766346710122
1574,0.16091618837600702
1575,0.16124920277577
1576,0.16696065486751321
1577,0.1613271467320239
1578,0.1629409580521748
1579,0.16195484738011104
1580,0.16342946107837347
1581,0.15950340461788334
1582,0.1637186860237516
1583,0.16101276350805888
1584,0.16262363125169635
1585,0.15976399837355548
1586,0.1603364269939095
1587,0.15766741288196268
1588,0.15931282797109553
1589,0.16164148912593382
1590,0.1633844951257559
1591,0.16410267399866485
1592,0.16388557937972167
1593,0.15862635840409375
1594,0.16351535499252107
1595,0.16089756249042755
1596,0.163900808463154
1597,0.158269815062597
1598,0.16219307740701128
1599,0.1616652662209244
1600,0.1658466239598553
1601,0.15996502009668107
1602,0.1628276368325684
1603,0.16383736079218122
1604,0.16075584180549793
1605,0.1588365211724896
1606,0.15848277203721764
1607,0.16571163268552608
1608,0.1611828941214525
1609,0.16197902146516935
1610,0.16540312044986882
1611,0.16396187551436175
1612,0.16427031875771458
1613,0.16574204351645067
1614,0.16402560657945037
1615,0.1612101233322667
1616,0.1612516761792199
1617,0.16208931133208473
1618,0.1660732744626846
1619,0.16562903116365868
1620,0.16577161399184517
1621,0.16751878800438888
1622,0.16394801001339834
1623,0.15705538829512075
1624,0.16481501806173948
1625,0.1614549575521609
1626,0.16564069318841898
1627,0.16442774814359662
1628,0.16225904858137852
1629,0.15980108010573227
1630,0.15857195838080904
1631,0.16317353355961528
1632,0.16229339140020813
1633,0.16197650007545542
1634,0.1559223922551207
1635,0.16161582704380656
1636,0.16122271143777436
1637,0.16485196611741923
1638,0.1647464118120873
1639,0.1625462706273016
1640,0.161014063924063
1641,0.16149645214013333
1642,0.16137304374827707
1643,0.16682291517494316
1644,0.1613955070299561
1645,0.16469403197121651
1646,0.15955779768280925
1647,0.16811530371843517
1648,0.16582587341308497
1649,0.16078954735292603
1650,0.1662394477236069
1651,0.16032181005981505
1652,0.1606165295312574
1653,0.1628883618700677
1654,0.1691049136215659
1655,0.15969636680788585
1656,0.1614154857787443
1657,0.16246106443418049
1658,0.16424677280835698
1659,0.1654538183851999
1660,0.16079550790179659
1661,0.16467077317170328
1662,0.1613548965556343
1663,0.15985789926528288
1664,0.1629099232608481
1665,0.1601634921726689
1666,0.15939205749798
1667,0.1594432395810532
1668,0.16279232344940375
1669,0.1684962261718687
1670,0.16754012119325826
1671,0.16123563594266385
1672,0.16607255025201878
1673,0.16523765486873557
1674,0.16131472539829683
1675,0.1608467583944855
1676,0.16486134549974457
1677,0.16413202010891667
1678,0.16344699286159672
1679,0.16313059325499654
1680,0.16318977377152002
1681,0.15837328159368
1682,0.15712805865908022
1683,0.16031965741446164
1684,0.16189835240730296
1685,0.16586708142451367
1686,0.16174406411983003
1687,0.1626999415231834
1688,0.1631296403854031
1689,0.1578514541373615
1690,0.16083559329871805
1691,0.16419251916954186
1692,0.16330517508695588
1693,0.16098226541123845
1694,0.1606713871156641
1695,0.16425169020161107
1696,0.1608662542849016
1697,0.15915242010682412
1698,0.1605662391759167
1699,0.16364009924837378
1700,0.16346707742435648
1701,0.16219414452862813
1702,0.16094841535944046
1703,0.16250194455262398
1704,0.16593542964038355
1705,0.1591648638253963
1706,0.16372625726064985
1707,0.16505785619535535
1708,0.1612093993161438
1709,0.1651730056799361
1710,0.1579436738442935
1711,0.166835833351401
1712,0.1592177591611272
1713,0.15675778995019554
1714,0.16211657720585998
1715,0.16341591563141097
1716,0.16393809472407708
1717,0.16335034270906543
1718,0.15906909852143475
1719,0.16272724348699774
1720,0.16346944948772416
1721,0.16082926435379555
1722,0.16567588677535813
1723,0.1609999510105259
1724,0.16213654028179847
1725,0.1638925226608612
1726,0.16225530175620742
1727,0.1646212388032517
1728,0.15887009511961542
1729,0.16441980185713898
1730,0.16931496447942798
1731,0.16725205450247677
1732,0.1601226641949908
1733,0.16082800360708557
1734,0.15884013669871438
1735,0.16120069115261246
1736,0.16031059206582912
1737,0.16196199784082385
1738,0.16239519651908407
1739,0.16192364093254907
1740,0.15774899747670074
1741,0.16083795682743857
1742,0.1656264268567749
1743,0.16195508255780566
1744,0.16558097300149677
1745,0.1670490007254377
1746,0.16775948769227123
1747,0.16292064976049048
1748,0.16748360849729396
1749,0.1635764324691401
1750,0.15936255955993794
1751,0.15979537664687943
1752,0.16476773454116134
1753,0.1615109080022416
1754,0.16584243014836247
1755,0.16255817450928617
1756,0.16302588447627397
1757,0.16136008838296176
1758,0.16391006846430653
1759,0.16326670841673388
1760,0.16290717519808387
1761,0.16276994797995537
1762,0.16692341070312727
1763,0.1615818257309326
1764,0.15696470196230647
1765,0.16191887968865784
1766,0.16186315686347802
1767,0.16182238563700088
1768,0.1630062073930253
1769,0.16032359163936682
1770,0.16068157296408564
1771,0.1597350802057622
1772,0.16707599395916187
1773,0.16495606111205802
1774,0.15486881959588072
1775,0.16337657577592865
1776,0.15847082690659772
1777,0.16165251174250536
1778,0.15980557988388822
1779,0.16451424486289615
1780,0.1593843795183952
1781,0.16594534552712226
1782,0.16182911668566383
1783,0.16060118044409008
1784,0.16053256590859458
1785,0.16125614830274732
1786,0.162258897496295
1787,0.1643166955067168
1788,0.1696872345784651
1789,0.16336490946431684
1790,0.15671140596101524
1791,0.16233788145898356
1792,0.16108728541868914
1793,0.16491614230980603
1794,0.16014121481250684
1795,0.16417793972583805
1796,0.16585099429625416
1797,0.16313702977774044
1798,0.1614302506348363
1799,0.16396585327977242
1800,0.16677922013308452
1801,0.15884754889494684
1802,0.1663576412825262
1803,0.1626155960934274
1804,0.1637131837771609
1805,0.16604147731410446
1806,0.16515544502537377
1807,0.15969142036854997
1808,0.16342106042740365
1809,0.15855409476568103
1810,0.1623177828430202
1811,0.1604142745439057
1812,0.16448279312016353
1813,0.16354052969022598
1814,0.16808817348014973
1815,0.16306128164007946
1816,0.1608376508540478
1817,0.165415770341846
1818,0.16441600417657226
1819,0.161738797291696
1820,0.16338878627585882
1821,0.15943855434325999
1822,0.1613400680821401
1823,0.16515651342917684
1824,0.164811038702071
1825,0.164365607846289
1826,0.16706038302885884
1827,0.16386410768708176
1828,0.16284796294144496
1829,0.16062031173694277
1830,0.1605561238597746
1831,0.1614127253596229
1832,0.15871862843931733
1833,0.1617051353253076
1834,0.16560839303656277
1835,0.16091293592069258
1836,0.16554100232924096
1837,0.16714471325307523
1838,0.1623805725036059
1839,0.16318048285720813
1840,0.1625409981587267
1841,0.16629512635194948
1842,0.15868474416204714
1843,0.15898750995132013
1844,0.16322459641521062
1845,0.16051093839389152
1846,0.16486773228874319
1847,0.15972955364641864
1848,0.15800391933181102
1849,0.16691642087605582
1850,0.16585605451044938
1851,0.1636102372557562
1852,0.1675745457404992
1853,0.15934356840708153
1854,0.1679134879119128
1855,0.16387815139560735
1856,0.1659980413290524
1857,0.16035942142790927
1858,0.16704692601037535
1859,0.15883285267825764
1860,0.15983511438791226
1861,0.16073313902519226
1862,0.16151919886986693
1863,0.16089548016296434
1864,0.16188656058416998
1865,0.15623898595701985
1866,0.16242423713554785
1867,0.16701401666462676
1868,0.1637040813850721
1869,0.16228147484252517
1870,0.16325804123265794
1871,0.16453898498581432
1872,0.16287209888498747
1873,0.1618318480764411
1874,0.16181130889734288
1875,0.16216312348356474
1876,0.15866989216072247
1877,0.16583754085528643
1878,0.1610151264978497
1879,0.1618444536265173
1880,0.16364538731512215
1881,0.16130957254243464
1882,0.16042732748572036
1883,0.1577075748463166
1884,0.16285724347265623
1885,0.1639533015283281
1886,0.1588888662912344
1887,0.1627263381855149
1888,0.16013481986803124
1889,0.16386780206465104
1890,0.16093551389474953
1891,0.15441649332299168
1892,0.15620880889107996
1893,0.16740449058533075
1894,0.1630378070565306
1895,0.163053848851664
1896,0.16245788357280172
1897,0.16037724198325112
1898,0.16473988673276432
1899,0.16241255074982108
1900,0.15937169331598286
1901,0.16209215505163174
1902,0.16906623220805855
1903,0.16629175598121237
1904,0.16166235303170007
1905,0.1634855205721554
1906,0.16043038735595141
1907,0.16355870970084743
1908,0.1661858618411628
1909,0.1635800704585825
1910,0.15876564271131138
1911,0.1604715085510484
1912,0.16029772507409878
1913,0.16089889810964253
1914,0.15806212884894588
1915,0.15850222180240187
1916,0.16411966550430201
1917,0.16368729354617026
1918,0.16068802774897148
1919,0.16137596116242053
1920,0.1626360441009059
1921,0.16634927260009932
1922,0.1594662954470151
1923,0.15857893936710288
1924,0.16343876394440748
1925,0.15614092249975378
1926,0.16041510422201868
1927,0.1628349368813939
1928,0.16168397299784656
1929,0.1656725675725109
1930,0.1624628411921073
1931,0.16227220637837336
1932,0.1698501551244336
1933,0.1638544343130544
1934,0.16180970525628907
1935,0.16357619645014712
1936,0.16095829996203453
1937,0.16551586936714807
1938,0.16241830832934803
1939,0.15832007913482415
1940,0.16327867676733585
1941,0.16730332092791095
1942,0.15964971785952595
1943,0.16239173687877628
1944,0.15863202819758712
1945,0.16174637647474926
1946,0.16290756501378814
1947,0.16641267442791216
1948,0.16478096565095238
1949,0.16241844531964414
1950,0.1644448079372658
1951,0.15788916917486787
1952,0.1680637288369046
1953,0.16012993376151938
1954,0.15765648471381563
1955,0.16375890457351622
1956,0.16147211336864997
1957,0.16358484313795102
1958,0.16176754831678844
1959,0.16030240182504324
1960,0.1620705310754635
1961,0.16492662143750775
1962,0.16268463928622623
1963,0.16261166991468318
1964,0.16328052196454745
1965,0.16355975997870023
1966,0.16756777551876925
1967,0.16128540885502882
1968,0.15799074991047923
1969,0.15911178275897472
1970,0.16020289629857284
1971,0.16112990139170447
1972,0.1614571777054744
1973,0.165535301134104
1974,0.16092283640547667
1975,0.1624802592249806
1976,0.1654687388875896
1977,0.1632343189344181
1978,0.15686758533311515
1979,0.16531731125112065
1980,0.1604117876203809
1981,0.15803140333029203
1982,0.16582039169014337
1983,0.16259624313285587
1984,0.1602657831030271
1985,0.15863750737288349
1986,0.1613403706780607
1987,0.16469421294144285
1988,0.16565968538531647
1989,0.16008800260373024
1990,0.16304999713732207
1991,0.163121941994899
1992,0.16649320154164768
1993,0.15964714810902025
1994,0.16307399252573201
1995,0.1606342229883822
1996,0.16092481004282483
1997,0.16232038806733146
1998,0.16692453174472818
1999,0.16170772027472793
2000,0.16164288030574203
2001,0.16166644267742797
2002,0.16836370578970103
2003,0.16256408601612918
2004,0.16246586677294153
2005,0.1631599309900553
2006,0.1613119498007028
2007,0.16159531991668266
2008,0.16576527366275337
2009,0.1648031354418546
2010,0.16990977452150582
2011,0.1595355178532963
2012,0.16740528107198116
2013,0.16127708119478673
2014,0.16245509854983287
2015,0.16091067259534675
2016,0.1673727686839019
2017,0.1680446971592154
2018,0.1687143202611103
2019,0.1642049422062274
2020,0.16645039517614185
2021,0.16615591103416366
2022,0.1623737586826002
2023,0.16483890267725884
2024,0.16502452123217404
2025,0.16554984805238482
2026,0.16556754226013842
2027,0.16436129013822656
2028,0.16094383527635872
2029,0.16271289140315953
2030,0.1638810064868578
2031,0.1578527692686538
2032,0.1620450705687595
2033,0.1623975725799913
2034,0.16564559755179334
2035,0.1644268090821433
2036,0.16806916095263935
2037,0.16298998725773664
2038,0.1660754471409184
2039,0.16562044928345757
2040,0.16062667861758936
2041,0.16495329814862794
2042,0.16496693597796067
2043,0.16945186024950035
2044,0.15829151645771009
2045,0.15635605750588438
2046,0.16004034835811393
2047,0.16312145761788027
2048,0.16524499980930804
2049,0.16536661900952068
2050,0.16296509226285344
2051,0.1640349309658743
2052,0.16150612653785187
2053,0.161183790241908
2054,0.16657290331633667
2055,0.16328654811632715
2056,0.1618538812162343
2057,0.15635244634884685
2058,0.1611796076850764
2059,0.15980089319607782
2060,0.15960963125470753
2061,0.16283465647354237
2062,0.16424468398624342
2063,0.1643686287085987
2064,0.1605831526977806
2065,0.15895135641538455
2066,0.16508913885467524
2067,0.159627547954111
2068,0.1663374939760027
2069,0.16323988014703603
2070,0.16316679636726214
2071,0.16120852394790502
2072,0.16194716470818488
2073,0.15961113139793703
2074,0.15870465867293101
2075,0.1627654845347119
2076,0.15926958167154087
2077,0.1632758869152177
2078,0.16168249365726733
2079,0.16350084357393163
2080,0.15981172978901068
2081,0.1637741760607231
2082,0.16104873407992967
2083,0.16264867461514534
2084,0.16198285773048857
2085,0.16321466589528869
2086,0.16481197462510283
2087,0.16285064276323472
2088,0.16114693226825896
2089,0.1616736608394736
2090,0.16633978033420357
2091,0.16178833153540037
2092,0.16615831822333688
2093,0.1615847067378788
2094,0.16617497341575155
2095,0.16278070747892565
2096,0.16820760319219327
2097,0.1645048489108191
2098,0.16292373508995656
2099,0.1629022652797743
2100,0.16925757194474653
2101,0.1600802826744398
2102,0.16011555230971414
2103,0.16544352964515865
2104,0.16365972335136134
2105,0.16140662540814635
2106,0.16262010272207497
2107,0.16053700938787818
2108,0.15884462844945488
2109,0.1646501217176965
2110,0.16135937691493518
2111,0.16049864976977504
2112,0.16168796655876508
2113,0.16293567025931055
2114,0.15905603068071636
2115,0.15964490469314754
2116,0.16204060285228497
2117,0.16379093148031224
2118,0.16618364793633156
2119,0.16305659392410762
2120,0.16166595236834527
2121,0.16334142041976865
2122,0.16772288872891122
2123,0.16467855719276933
2124,0.16495632935557727
2125,0.16947902659972647
2126,0.1667338929535313
2127,0.16445880935656473
2128,0.16221614668497542
2129,0.16230847030000903
2130,0.16594483329687917
2131,0.16477395689059188
2132,0.16357662737467202
2133,0.1603284505977466
2134,0.15879791812482583
2135,0.1680524944003935
2136,0.1623283443163811
2137,0.15984139252136526
2138,0.16407990820285834
2139,0.16599684444303994
2140,0.15637432420878453
2141,0.16701953904001773
2142,0.16392683910172054
2143,0.16486096638060121
2144,0.16502432313980303
2145,0.1617539535545415
2146,0.16156805750201778
2147,0.1612265428542062
2148,0.16581950410193239
2149,0.16704195107972872
2150,0.16307401753309061
2151,0.16536368564349582
2152,0.1634974308510334
2153,0.1654765971501818
2154,0.16385271342842872
2155,0.15734690625212322
2156,0.1618223395678614
2157,0.16257201242077807
2158,0.16548020483968692
2159,0.1591039220225318
2160,0.1557234073953398
2161,0.1595676849620908
2162,0.16307387450665037
2163,0.16259729589669464
2164,0.1630662937761503
2165,0.16144840412355643
2166,0.16062180107629084
2167,0.1608544749499082
2168,0.16428641187972154
2169,0.163768592578426
2170,0.1626760561621661
2171,0.16837625967099812
2172,0.1622303457017988
2173,0.15787530806933414
2174,0.16185545997045941
2175,0.16414587117075813
2176,0.15858118801125023
2177,0.16340497121683112
2178,0.1593419955248318
2179,0.16321184602475944
2180,0.16486877508825779
2181,0.16202483713817767
2182,0.16269750256689053
2183,0.15871265904231
2184,0.1607390150977922
2185,0.1660925616319772
2186,0.16268164800313373
2187,0.15834558569334836
2188,0.1611683943261607
2189,0.1622777436366593
2190,0.16406279348912092
2191,0.15954533026988912
2192,0.16397744218608698
2193,0.15792491157586264
2194,0.1670255343843271
2195,0.16654901533605393
2196,0.16139994147992268
2197,0.1624528757639923
2198,0.16253898834556973
2199,0.16253085355182115
2200,0.1614380365169392
2201,0.1648928418336103
2202,0.1621755883443547
2203,0.16343089681390435
2204,0.1641131941193963
2205,0.1625880011133676
2206,0.16220851039858095
2207,0.16399927656773516
2208,0.16116028978639857
2209,0.16264367219806125
2210,0.16388947974348325
2211,0.16586073026051923
2212,0.16282167981493947
2213,0.16172522902268552
2214,0.1632238966424076
2215,0.16255069155468452
2216,0.16738973314840097
2217,0.1622046008551641
2218,0.1620433421383266
2219,0.15892412775632878
2220,0.16652839019314056
2221,0.16501548180350561
2222,0.1652299352843306
2223,0.1647529157051556
2224,0.15997914373506703
2225,0.15679514826880164
2226,0.16476607951564748
2227,0.1647927847179162
2228,0.1630943232217324
2229,0.16857586868537275
2230,0.16441475087050333
2231,0.1623384488302608
2232,0.16023973138925054
2233,0.16494826356267286
2234,0.16362263876257593
2235,0.15856301639065754
2236,0.1620635539601832
2237,0.15433983093554887
2238,0.16437945450503955
2239,0.16026416586155895
2240,0.15831951276057138
2241,0.16562866910313187
2242,0.16114632467691867
2243,0.15968913789927647
2244,0.15921934699595497
2245,0.1591619253874796
2246,0.1622999351016671
2247,0.16338741320514036
2248,0.1637379035266209
2249,0.16134784358891427
2250,0.1701017191645953
2251,0.16545577027463576
2252,0.16078023447383769
2253,0.16441393264143794
2254,0.1610437684385746
2255,0.16066129113281685
2256,0.15920637656796668
2257,0.16059460388692126
2258,0.159850542887032
2259,0.16116648538763123
2260,0.1639781813422046
2261,0.1617230631506974
2262,0.16161761096973884
2263,0.16140394094895966
2264,0.16554303783687485
2265,0.16266763729358516
2266,0.16351049338746132
2267,0.16377394498492243
2268,0.1637201996561075
2269,0.1596492679367815
2270,0.17004507492015739
2271,0.16736383560058762
2272,0.15991702701142807
2273,0.1604207078894294
2274,0.1620010505532604
2275,0.16169471773510574
2276,0.15703282492545637
2277,0.1645476385570932
2278,0.16125885706951598
2279,0.1624681271354597
2280,0.1677000539009938
2281,0.15861274104293413
2282,0.1637422064875809
2283,0.1611615113537045
2284,0.1563973507269567
2285,0.16409173959706594
2286,0.16287644728945597
2287,0.16237536236480102
2288,0.16131147426771572
2289,0.1628989428972022
2290,0.16479465469479476
2291,0.1647044450807281
2292,0.16259823512014188
2293,0.156620650289303
2294,0.15954329368555367
2295,0.16303828631881576
2296,0.16747351898864343
2297,0.16647459956021224
2298,0.16699917137876516
2299,0.16881747956908622
2300,0.15718719003300088
2301,0.16288161608671878
2302,0.16551728111501707
2303,0.1677013343865234
2304,0.15903082836685603
2305,0.16485589559454017
2306,0.1618803267823278
2307,0.16153770186029673
2308,0.1657545060082674
2309,0.16454971179389583
2310,0.16095072279675804
2311,0.1618104518574355
2312,0.16667359996972686
2313,0.16451144649721247
2314,0.1617148159688914
2315,0.1667278720702707
2316,0.16421525300132842
2317,0.15967484077975536
2318,0.16463611763688682
2319,0.1589345851879778
2320,0.16565692617621217
2321,0.1575729609954751
2322,0.16250879541237379
2323,0.16386902986806087
2324,0.16107507333236493
2325,0.1610792736984342
2326,0.15955580613367001
2327,0.16491287835495508
2328,0.16300990734842352
2329,0.16689627348020214
2330,0.1595995409117463
2331,0.1589886993957647
2332,0.16043964971595506
2333,0.16731825778896126
2334,0.16090013399572803
2335,0.16765837370147246
2336,0.1623064571629031
2337,0.163368407909061
2338,0.16142925734193714
2339,0.16107591862507445
2340,0.16452924056344936
2341,0.16574963518533908
2342,0.15909164423464797
2343,0.16635283660314282
2344,0.16047928672531026
2345,0.1629582403876404
2346,0.16719442494968773
2347,0.16497777600729033
2348,0.16659253600436186
2349,0.15921190030608215
2350,0.16291572946926136
2351,0.158503198698777
2352,0.15613652385586263
2353,0.16779173765640937
2354,0.16331178159525137
2355,0.16260109278449109
2356,0.16180997785957504
2357,0.16325494530955464
2358,0.16849501921812846
2359,0.16666809475601282
2360,0.16478758938537136
2361,0.165522653368321
2362,0.1603949571125308
2363,0.16247831231646045
2364,0.16352230843409998
2365,0.1659752917626217
2366,0.1633453883742711
2367,0.1671297785319075
2368,0.1623501308500353
2369,0.16090579649968362
2370,0.1638344933214678
2371,0.16309871387447183
2372,0.16378301980516022
2373,0.16474969617521815
2374,0.16041423870146884
2375,0.16834652765716782
2376,0.16330671396866606
2377,0.1592737168768341
2378,0.15947104266707623
2379,0.16428131784213304
2380,0.1646150377178598
2381,0.1592095438406309
2382,0.16792313071090417
2383,0.1617046571783078
2384,0.16340431312905623
2385,0.1647186791632165
2386,0.16578345917039788
2387,0.15958168116174412
2388,0.16029609032610598
2389,0.1633586092775868
2390,0.16732032386768853
2391,0.16479266425903152
2392,0.1645069473352942
2393,0.16449443683355272
2394,0.16254843638706978
2395,0.15678243897529742
2396,0.16518458361147814
2397,0.16806802063061027
2398,0.16027136193786218
2399,0.16017559254742333
2400,0.16128370782410692
2401,0.16147359774824308
2402,0.16208758572070706
2403,0.1598095808542651
2404,0.1612570611892415
2405,0.15883152587987004
2406,0.1652311308484642
2407,0.16482196421320244
2408,0.16766980688789748
2409,0.1633901288431792
2410,0.16429393954186275
2411,0.1635679356508007
2412,0.1635087673469967
2413,0.15846595799925992
2414,0.15793120410654266
2415,0.15655615832943756
2416,0.1649052715612104
2417,0.16424637630843147
2418,0.16612091577229562
2419,0.16439488067912672
2420,0.158909705816758
2421,0.1679797272866213
2422,0.16023589605825925
2423,0.16202752202007578
2424,0.16230413411237934
2425,0.16227883832478415
2426,0.16439795802210375
2427,0.1635528550277645
2428,0.16342058447659216
2429,0.1630453690752097
2430,0.1605239777180684
2431,0.16498237641563618
2432,0.16368515073173084
2433,0.16340701535057656
2434,0.15781319791442272
2435,0.16044247117838603
2436,0.16530882809395425
2437,0.1644107394840056
2438,0.1692730453408687
2439,0.16323221634883445
2440,0.16252955101182243
2441,0.15427236594234237
2442,0.16327052619909577
2443,0.16441524192364518
2444,0.16413407272037972
2445,0.1638074818519773
2446,0.15866705323806055
2447,0.16167975983243402
2448,0.15673354126178662
2449,0.15813060514549607
2450,0.163629513278178
2451,0.16450091647636125
2452,0.16238855337235167
2453,0.1603504025669356
2454,0.16580565811868095
2455,0.16660563739088347
2456,0.1667898686684455
2457,0.1661440693878475
2458,0.16647205318361025
2459,0.16758454422296534
2460,0.15871365760648826
2461,0.1614906785676065
2462,0.16058531302366258
2463,0.159885961457003
2464,0.16578803067632678
2465,0.16205639672617675
2466,0.1593293118079958
2467,0.16350958702097598
2468,0.1616749565194746
2469,0.15537488136258498
2470,0.1640830598819534
2471,0.16277863718056004
2472,0.16174187432502501
2473,0.15947483914639612
2474,0.1638113393703317
2475,0.16215638037193864
2476,0.1647867048391418
2477,0.1637385056950486
2478,0.16327605307760595
2479,0.16628701593187006
2480,0.16000457574214572
2481,0.15994135420617717
2482,0.1630920468862705
2483,0.16254020491332402
2484,0.16262534789381164
2485,0.1571909916672081
2486,0.16583253284266403
2487,0.16506262837686117
2488,0.165695095567955
2489,0.16789425756639723
2490,0.16076962460211192
2491,0.16581969491176102
2492,0.1703016122578855
2493,0.16078616384114064
2494,0.16649288493555
2495,0.16331022608794957
2496,0.1601262479495402
2497,0.1604297280900669
2498,0.16309758321147022
2499,0.16245209369619593
2500,0.16673465668260487
2501,0.16057770047828585
2502,0.1605978719056042
2503,0.16201629919060778
2504,0.1627365209955395
2505,0.1665164158251908
2506,0.16126699636931466
2507,0.16301393875010214
2508,0.16162734471662515
2509,0.16038727559967914
2510,0.1693036844963702
2511,0.1579756303608452
2512,0.15943507938610196
2513,0.15965644876397994
2514,0.15848850336398762
2515,0.15765446922203463
2516,0.16662433333430776
2517,0.16094980381104013
2518,0.16067630197914662
2519,0.16241973278306965
2520,0.1583214724071142
2521,0.1608672269367284
2522,0.16610701011583237
2523,0.1581211570047334
2524,0.1669962343028722
2525,0.1683175668879584
2526,0.15656488338826297
2527,0.16198513180537874
2528,0.16467627996797532
2529,0.16238183950663013
2530,0.16007591773983962
2531,0.16090036189095627
2532,0.1667407828874566
2533,0.1604292671015035
2534,0.16192289564272708
2535,0.16643134713753022
2536,0.16239232487879188
2537,0.1601300347150196
2538,0.1672350611277234
2539,0.1602742175745267
2540,0.16188944073087688
2541,0.16606389559229623
2542,0.16495892971589488
2543,0.16579350572737658
2544,0.16193905868347588
2545,0.15928776593153646
2546,0.1585902626354201
2547,0.16628756736837214
2548,0.16929632218368748
2549,0.16626853244451217
2550,0.16496645884125774
2551,0.16279501245520306
2552,0.16027108581811517
2553,0.16381230601034086
2554,0.1631403282395625
2555,0.1622955652909823
2556,0.16415514812161858
2557,0.15636457878319088
2558,0.1622386993829803
2559,0.160891343712164
2560,0.16233986960692387
2561,0.16247187725628023
2562,0.16364734106450005
2563,0.16131735283355214
2564,0.16104473097194916
2565,0.16404376537197748
2566,0.16157200991882426
2567,0.16605846279436523
2568,0.16239428533183875
2569,0.16016618551315825
2570,0.1616476941470379
2571,0.16646583978121954
2572,0.16128967379041595
2573,0.16236961568471486
2574,0.16493385175335445
2575,0.1591666112853158
2576,0.1625339245557041
2577,0.16475619875649003
2578,0.16389801556504874
2579,0.1603988740043537
2580,0.16044107552253953
2581,0.16600466077373224
2582,0.1659496697871749
2583,0.1599529706478997
2584,0.1594502992817627
2585,0.15913054383775835
2586,0.16089992125340585
2587,0.15984118553243384
2588,0.1598819416215695
2589,0.16523940707033397
2590,0.1644747247592384
2591,0.16581132448550312
2592,0.1617451399943676
2593,0.16067508852048393
2594,0.16481976692349662
2595,0.16315794203961162
2596,0.16492074880786275
2597,0.15998784645737263
2598,0.1659663332241272
2599,0.15875543508676082
2600,0.16000819351841233
2601,0.16512535478588083
2602,0.164021977903643
2603,0.16424154205847308
2604,0.16324136257481026
2605,0.16782420821435617
2606,0.170041095858811
2607,0.16312679538565764
2608,0.1643676990294901
2609,0.16401203881862758
2610,0.16658251796327173
2611,0.1671859041853266
2612,0.1606111168365921
2613,0.16674998597061605
2614,0.1620549387474173
2615,0.16361906510746693
2616,0.15802527603930497
2617,0.1672165759636619
2618,0.1619483560514732
2619,0.16027172159039654
2620,0.1625568975597136
2621,0.15729987173672422
2622,0.16705111512697837
2623,0.16465755882868507
2624,0.16270875195840803
2625,0.16297782045896408
2626,0.1631521462486008
2627,0.16224302529136378
2628,0.16021872352173233
2629,0.15979525449002355
2630,0.16415805451557666
2631,0.1638697567826112
2632,0.16607828048710147
2633,0.15490460989276014
2634,0.16438136172656695
2635,0.1637607433025585
2636,0.15912559633125647
2637,0.17033110773141225
2638,0.16213238278728268
2639,0.16590163468839036
2640,0.1650499244160312
2641,0.16449706430682345
2642,0.16393250382842853
2643,0.1601085089616625
2644,0.16182875694168483
2645,0.1625637059072528
2646,0.1650765702898826
2647,0.16147299793421482
2648,0.16009211431645895
2649,0.1650353271050435
2650,0.16006563183028366
2651,0.16206365658498462
2652,0.16614712493215125
2653,0.1587240209771189
2654,0.16523565683401253
2655,0.1632070481907429
2656,0.15697378688927657
2657,0.16243396116648778
2658,0.15921492591657918
2659,0.16064317234232464
2660,0.16200918035161166
2661,0.15900965845839127
2662,0.16145097522051033
2663,0.16230418143506725
2664,0.16203136120005993
2665,0.16237668439244943
2666,0.16295623510944046
2667,0.15851877380445614
2668,0.16519326049962438
2669,0.16672758563369097
2670,0.1651607102502344
2671,0.164575781815719
2672,0.1683125362295553
2673,0.1628463416219107
2674,0.16642198321517276
2675,0.16244780639912257
2676,0.15748635624229732
2677,0.1667646600798067
2678,0.16571528207218272
2679,0.161193156300113
2680,0.16565034206627707
2681,0.1642475186992511
2682,0.1678434027504502
2683,0.16262728886273478
2684,0.15859936429467225
2685,0.16252182178289667
2686,0.1620412969911158
2687,0.16242604906065425
2688,0.16488886548979767
2689,0.16899392055391665
2690,0.16039354229500943
2691,0.16340992842303992
2692,0.16039717927717062
2693,0.16487673713172268
2694,0.1660686366151721
2695,0.15949131342305262
2696,0.16298426217665588
2697,0.1654579218692776
2698,0.15664164592674487
2699,0.15678502429189498
2700,0.1629377581983034
2701,0.16111260026710153
2702,0.16332935372527735
2703,0.15854974575426756
2704,0.16324767059852688
2705,0.15750765210361253
2706,0.16124683213395594
2707,0.16536450973862393
2708,0.16127562065044893
2709,0.1632134598940347
2710,0.16419343501267206
2711,0.16108913569161604
2712,0.16423498322852154
2713,0.15832379167309796
2714,0.1682195380839332
2715,0.16153239132393252
2716,0.16706700019899984
2717,0.16741329926620907
2718,0.16082376418199537
2719,0.1640800845381324
2720,0.1611275314560283
2721,0.16092077029031718
2722,0.16613978336499627
2723,0.16380271016797066
2724,0.16428296325788075
2725,0.16221467514394436
2726,0.16275890933351086
2727,0.16100693643176417
2728,0.1642105743363564
2729,0.16042838344719482
2730,0.16832432704686204
2731,0.16294757813153818
2732,0.16288699370802523
2733,0.16386678759206694
2734,0.1606060202410751
2735,0.15774038878395405
2736,0.1660380691209205
2737,0.1680643524683979
2738,0.16213126082175547
2739,0.16339773253683823
2740,0.16622364914846893
2741,0.16032081422094707
2742,0.16395954652716635
2743,0.16051363078729883
2744,0.16376217003484733
2745,0.16029475081568
2746,0.16056388933429805
2747,0.16115079810297375
2748,0.15936982017582274
2749,0.16336893727461022
2750,0.16167933376066454
2751,0.15980708119214496
2752,0.1665982336618779
2753,0.1635397819901931
2754,0.1636073969917568
2755,0.16081565482778803
2756,0.16586996512522442
2757,0.16133630815563255
2758,0.1603418058250632
2759,0.1654533386043975
2760,0.16095148904791487
2761,0.16499832902533057
2762,0.1573062567070847
2763,0.16317644554799385
2764,0.1666466544342781
2765,0.16406789052292253
2766,0.1597912911464011
2767,0.16182065050885444
2768,0.16267139671489653
2769,0.16844886655972507
2770,0.16187074498687817
2771,0.16787022555245465
2772,0.15893013762085884
2773,0.16400165358490432
2774,0.1646587779283763
2775,0.16263657732356987
2776,0.16855488147783784
2777,0.15904688353293855
2778,0.16592597797761824
2779,0.1614319582822618
2780,0.16434432953927086
2781,0.16197494759364353
2782,0.16208366675059832
2783,0.16702182922222633
2784,0.16085695748448503
2785,0.16354711030193347
2786,0.16356412411939336
2787,0.16505340415712477
2788,0.1674207758641766
2789,0.1644677488132946
2790,0.16262848827852425
2791,0.15953773093751072
2792,0.1585716488474872
2793,0.16513470979395364
2794,0.16190168417857156
2795,0.161932541607727
2796,0.15661062101774736
2797,0.15885931405370313
2798,0.16153502299044006
2799,0.16531621335103952
2800,0.16716753014280714
2801,0.15942451373689517
2802,0.158946687452369
2803,0.16718873870061732
2804,0.15614073359804598
2805,0.1602952132024139
2806,0.16206987797337652
2807,0.16418042955568407
2808,0.1688886398875968
2809,0.16065082695922284
2810,0.16354868353218008
2811,0.15981745248026197
2812,0.16006489193228
2813,0.1674568907891184
2814,0.16762140171498136
2815,0.16514251909732724
2816,0.16154590271370028
2817,0.16454415228495162
2818,0.16152102390804063
2819,0.16500286941660622
2820,0.16486268406590932
2821,0.1646165745843255
2822,0.16072184509929302
2823,0.16409038268077214
2824,0.16403522963094405
2825,0.16637392298119774
2826,0.16663336611225663
2827,0.1581494688619475
2828,0.16613117374107317
2829,0.16268358175515513
2830,0.16337896830352958
2831,0.1610054647912818
2832,0.158564418875165
2833,0.16170823654680772
2834,0.16169845775119315
2835,0.16318176184504268
2836,0.16106569060066514
2837,0.15966815160445053
2838,0.16383576160451427
2839,0.1605784772637597
2840,0.15520350389641877
2841,0.16438464630735644
2842,0.16080189916399695
2843,0.16401161059248845
2844,0.16189527436015946
2845,0.16475913894658933
2846,0.16419489664203865
2847,0.16146307640067573
2848,0.16311495820341737
2849,0.1641514994816517
2850,0.16236003902618626
2851,0.1611009791654452
2852,0.16216124246257885
2853,0.1610355512332234
2854,0.15860658362019403
2855,0.16549091995484624
2856,0.16237863882910922
2857,0.16337044482535268
2858,0.16353093704298108
2859,0.16346871523062384
2860,0.161493769913158
2861,0.16244420602104284
2862,0.1672677288728911
2863,0.1652309961979923
2864,0.16270472111079404
2865,0.16046199883055576
2866,0.16332178170773884
2867,0.16527379629022718
2868,0.1656202537122895
2869,0.15890827817096864
2870,0.16567827001653093
2871,0.16294961530417004
2872,0.15707447505870797
2873,0.16115719610437265
2874,0.15851356130176247
2875,0.16794234636297653
2876,0.16126654560757786
2877,0.16302004420268937
2878,0.16082518220569744
2879,0.16433342245803423
2880,0.16011895041113874
2881,0.16458742904377915
2882,0.16295185816094168
2883,0.16421996804969008
2884,0.15934937225768403
2885,0.16262720963134825
2886,0.16134839128568568
2887,0.16119930338978639
2888,0.16198027685202512
2889,0.1570356999370917
2890,0.16230743158516348
2891,0.1612385353484262
2892,0.1665973795793736
2893,0.16479169486846076
2894,0.1623439560639071
2895,0.16561112218624635
2896,0.15793289460675275
2897,0.15564670529508162
2898,0.1620636069476477
2899,0.1561402513801235
2900,0.1583469880164214
2901,0.1624095140784016
2902,0.1601935520126133
2903,0.16324448333892064
2904,0.16512245165568404
2905,0.16900241752980485
2906,0.16461156294128554
2907,0.16323469993741066
2908,0.16376903261114226
2909,0.1630388043383707
2910,0.1665043173318148
2911,0.1625096681527301
2912,0.16323000104231006
2913,0.16490992004917351
2914,0.16391939948816547
2915,0.15872054049874992
2916,0.15872323107198427
2917,0.16618368585461982
2918,0.15895132611472498
2919,0.16418320917855947
2920,0.16227615706438797
2921,0.16111869907743395
2922,0.1628883087563354
2923,0.16686903019769922
2924,0.16492870112462196
2925,0.16215781001677215
2926,0.16526342601748414
2927,0.16534332061785414
2928,0.16010430222627087
2929,0.1656419135797728
2930,0.16454454259356868
2931,0.16196714264437342
2932,0.16325085491837796
2933,0.16370916579924055
2934,0.1643459103731328
2935,0.16077758840184794
2936,0.16260648964448948
2937,0.1605179644303069
2938,0.15416544588951855
2939,0.16426881439803812
2940,0.1587339974316059
2941,0.16125435333181593
2942,0.16618405025882296
2943,0.16767665005661372
2944,0.16271128853265512
2945,0.15599290893578027
2946,0.15923777609046982
2947,0.16169747283820932
2948,0.15853301563041725
2949,0.16479977457990685
2950,0.1613788280723764
2951,0.1662615329907288
2952,0.16066810929767353
2953,0.15924322424030707
2954,0.16012069084032543
2955,0.16445352292663923
2956,0.16370038108990378
2957,0.16472005104020118
2958,0.16721790650882126
2959,0.16312120232043723
2960,0.16402285014646653
2961,0.16467512589396777
2962,0.16132517404984462
2963,0.15916564123531882
2964,0.16561891491000166
2965,0.16109257822019651
2966,0.15870760992199542
2967,0.1588233162615107
2968,0.16153727994994407
2969,0.16119381074525813
2970,0.16343084316810189
2971,0.1598137933944627
2972,0.16668287348400837
2973,0.15988249232166754
2974,0.1641592860213984
2975,0.16634872468022305
2976,0.16343205070503747
2977,0.1593567892847288
2978,0.16236734126296645
2979,0.1601265376801264
2980,0.16542416358034348
2981,0.15799663413695414
2982,0.16008374184871885
2983,0.16395071972826172
2984,0.1616179374590128
2985,0.167287037558602
2986,0.15915460450781155
2987,0.16231893729430763
2988,0.16508574740785972
2989,0.15676179169884263
2990,0.1689259251398086
2991,0.15929912249106695
2992,0.16313717241666142
2993,0.16423467426129665
2994,0.1637922070557026
2995,0.16084874030812954
2996,0.16057286710240723
2997,0.16611377102207972
2998,0.1679473244973474
2999,0.16610411131225986
3000,0.16191966630029542
3001,0.1660056816929784
3002,0.15881724848943649
3003,0.16187376516297458
3004,0.16187738437824659
3005,0.16530142859639435
3006,0.16195415279140382
3007,0.16541023867776353
3008,0.1628992397397488
3009,0.16161459827968513
3010,0.16532560940707913
3011,0.16235630298755807
3012,0.1594294447947368
3013,0.16367748933413961
3014,0.1589548836830335
3015,0.1617272350277053
3016,0.16089556293513516
3017,0.1657636398116628
3018,0.16292040890734716
3019,0.16768059321470738
3020,0.15874482914607335
3021,0.16447266266977265
3022,0.1628761209536718
3023,0.1623647851652053
3024,0.15893436089726126
3025,0.16365748599901117
3026,0.16279257610583506
3027,0.16243181793470415
3028,0.15833266650759112
3029,0.16639144850933094
3030,0.16645105802623456
3031,0.16750974559124227
3032,0.16616707760066604
3033,0.16302220551576177
3034,0.1678329694842992
3035,0.1649420933640572
3036,0.1662840504482292
3037,0.15579097662839236
3038,0.16005046758575758
3039,0.16005772191428067
3040,0.16668730292461148
3041,0.16180870086509655
3042,0.15961673377134436
3043,0.16231502048178995
3044,0.16232266231038894
3045,0.16336916387363357
3046,0.16385160942100385
3047,0.15850578516800565
3048,0.16333700518784355
3049,0.16333023589181858
3050,0.16420519499277897
3051,0.16056317276715354
3052,0.15711547481235913
3053,0.16700768207716665
3054,0.16512382728515093
3055,0.16129571382945276
3056,0.16879776290361656
3057,0.16256250362102953
3058,0.16538374026630964
3059,0.1645526063479704
3060,0.16197285368821204
3061,0.16097346811325428
3062,0.1604833690236702
3063,0.16039052864056066
3064,0.16457795854673146
3065,0.1619794050794438
3066,0.16530266610830963
3067,0.162095044365957
3068,0.16689608762636998
3069,0.16031749912983695
3070,0.1660299542766642
3071,0.16347392658356275
3072,0.1634521412983085
3073,0.16483940269637276
3074,0.1642736205072606
3075,0.16656330855419685
3076,0.1638472219451528
3077,0.16209243835585818
3078,0.15795927537452825
3079,0.16189806884291474
3080,0.1583577636952314
3081,0.1630046157558038
3082,0.1563581846802442
3083,0.1626832391567562
3084,0.16331861944855972
3085,0.16609982672983292
3086,0.163593808147395
3087,0.15811233166451485
3088,0.16155492056351703
3089,0.16660398242024832
3090,0.159311504463585
3091,0.16876252902718145
3092,0.1613212657524936
3093,0.16208736284514905
3094,0.16301022145445349
3095,0.1651647731145213
3096,0.1615409573810274
3097,0.16248937596569044
3098,0.1609666529989617
3099,0.1620652232142951
3100,0.15766258443962253
3101,0.161359968577865
3102,0.16278355992128
3103,0.16126146248157866
3104,0.16141948161352818
3105,0.15915749981883068
3106,0.16184677598542418
3107,0.15740214352882917
3108,0.16095053854901695
3109,0.16052536352149563
3110,0.16618038458263498
3111,0.16370433145927044
3112,0.16409979185923124
3113,0.15955784653638685
3114,0.16017534509313147
3115,0.16640678767432474
3116,0.16351052325922186
3117,0.16737298618044344
3118,0.16662933527649662
3119,0.16367907425536837
3120,0.16363812847575926
3121,0.16787083797628016
3122,0.1666248629725281
3123,0.16317072002432936
3124,0.16013176760098313
3125,0.16439081331321712
3126,0.16213157360581382
3127,0.16503535085575954
3128,0.16104489017704493
3129,0.1670527890142738
3130,0.15605841131926074
3131,0.16504721957167184
3132,0.16526137714050462
3133,0.16012288581260686
3134,0.1677209279587218
3135,0.1669894486181721
3136,0.15704254653726746
3137,0.16462577183342736
3138,0.16136478562999318
3139,0.15725894798844864
3140,0.15853582120126236
3141,0.16111072371689514
3142,0.16529508862034373
3143,0.16361562833506402
3144,0.16330946242753222
3145,0.16068929664438028
3146,0.16089479506285306
3147,0.16341701359867392
3148,0.1592035948226575
3149,0.15762852109105083
3150,0.1641321201982334
3151,0.1627887331698699
3152,0.16565627452624915
3153,0.1652259079183264
3154,0.16326174202015323
3155,0.1627789645111698
3156,0.16622789578821165
3157,0.16022027523096752
3158,0.16139604718801462
3159,0.16578286864844732
3160,0.16304166326136868
3161,0.1600728926365095
3162,0.16339961458619343
3163,0.16302909956255557
3164,0.16858908942519246
3165,0.15799257877256764
3166,0.16238756809447194
3167,0.15846229911523582
3168,0.16407118036078616
3169,0.16232306911615488
3170,0.15640075579599802
3171,0.1616805856295046
3172,0.1597126818416665
3173,0.16258269681925439
3174,0.16491765728333818
3175,0.16231228832123049
3176,0.1611741223832334
3177,0.16750214053959597
3178,0.16739114279200967
3179,0.1603121232746069
3180,0.15952963856272367
3181,0.16539535960592192
3182,0.16553704453053017
3183,0.16516517306233028
3184,0.16281939928413294
3185,0.16399640037049112
3186,0.16516766855029064
3187,0.16605605191782993
3188,0.1617852594985019
3189,0.1614889823162627
3190,0.16489395918962263
3191,0.15964168196178444
3192,0.16279016805784907
3193,0.1634446141595532
3194,0.16173559611452074
3195,0.1588489456572728
3196,0.16514999637587005
3197,0.1620737962536489
3198,0.15902823502170202
3199,0.16562806558921014
3200,0.16160984145021642
3201,0.16183947313500083
3202,0.16237205207375516
3203,0.16148349756575675
3204,0.1653398699613087
3205,0.16195727233706622
3206,0.16254768535162217
3207,0.16431828435822085
3208,0.16114644134234193
3209,0.15931297301241776
3210,0.16291823861107071
3211,0.1607547578982363
3212,0.15819996802392583
3213,0.16331267026715296
3214,0.16328319599106905
3215,0.16360939401055025
3216,0.16325607362498615
3217,0.16252727322408464
3218,0.1595342252727668
3219,0.16431181989235577
3220,0.16276367392728452
3221,0.16494179533495454
3222,0.1611793417678513
3223,0.16172428927595506
3224,0.16026153227710593
3225,0.16273576864656625
3226,0.16295168975901472
3227,0.16506849427634923
3228,0.16720221697462417
3229,0.1616755144850947
3230,0.16270682132889464
3231,0.15860725968052855
3232,0.1615899097265719
3233,0.15732364585652867
3234,0.16137575284553146
3235,0.16347709358605111
3236,0.16278843270185334
3237,0.1648721533955995
3238,0.16306540181582582
3239,0.1636549145316349
3240,0.16488599785058156
3241,0.16452064643248143
3242,0.16348937205786399
3243,0.16362642878527103
3244,0.16310474299539315
3245,0.16159092834992922
3246,0.15895559491496397
3247,0.16450686596142822
3248,0.16160063584020795
3249,0.16229905647248483
3250,0.16328757843827138
3251,0.1600298431547849
3252,0.1594327414930302
3253,0.15739009733519577
3254,0.16415846340413634
3255,0.16137739395732065
3256,0.16678241930173554
3257,0.16498759955903372
3258,0.16828164337215296
3259,0.16271235118115931
3260,0.1584534242541454
3261,0.1662808180366842
3262,0.16314860091961444
3263,0.16203511296410975
3264,0.1653959482513998
3265,0.16358578371123467
3266,0.15746045308545129
3267,0.1627396142196662
3268,0.16651238765446266
3269,0.1602029690950162
3270,0.16002928867313057
3271,0.16283157876141427
3272,0.16420720030390737
3273,0.15999900013343107
3274,0.15946580477179736
3275,0.16414075582932158
3276,0.1616595963307271
3277,0.16441507333211583
3278,0.15758944548396836
3279,0.1610938293919065
3280,0.16420547258427495
3281,0.16639694003895367
3282,0.15718680280246378
3283,0.16294093253997002
3284,0.16247171395581597
3285,0.1594756241036457
3286,0.1609408322954667
3287,0.16348448046765912
3288,0.1590726129972046
3289,0.16239554989210708
3290,0.1590748145354565
3291,0.16579230430826078
3292,0.16094865365462538
3293,0.16099616359911034
3294,0.16102556766503123
3295,0.1611572420292092
3296,0.16227307080576117
3297,0.1611594184959173
3298,0.15972322757204324
3299,0.16219411119240537
3300,0.1601596635158586
3301,0.16085699929903652
3302,0.16446706250874898
3303,0.1651052931566878
3304,0.15234682403829297
3305,0.1600892368401315
3306,0.16162608722449245
3307,0.16118174593926834
3308,0.16696646726532063
3309,0.15759575173205856
3310,0.1627438724588327
3311,0.16583907384862584
3312,0.16190434481905697
3313,0.15832088464803487
3314,0.1627179641912048
3315,0.16394773448390576
3316,0.15997834843125625
3317,0.1644237382394114
3318,0.16077570811138037
3319,0.1609953745065658
3320,0.16650671880221962
3321,0.1619625812423583
3322,0.1580750547952992
3323,0.1650185074504038
3324,0.15805078285061316
3325,0.16478221097333173
3326,0.15667068165040157
3327,0.16874178673063941
3328,0.15926728569501009
3329,0.1629629055611437
3330,0.16041003298232634
3331,0.16397674291661993
3332,0.16150975523019784
3333,0.16111231708142287
3334,0.1683401886093821
3335,0.16514461847707818
3336,0.16098844914633223
3337,0.1695475867543806
3338,0.16591765050920934
3339,0.1688397006676523
3340,0.16253478036711538
3341,0.16292222567978684
3342,0.15843967757008418
3343,0.1671452534425544
3344,0.16273438650202726
3345,0.16130141980448348
3346,0.16384271394615962
3347,0.16218592317364586
3348,0.1642043655926523
3349,0.16876612757446027
3350,0.16092974775532357
3351,0.16602073820407887
3352,0.16467317988418217
3353,0.1616620084797898
3354,0.1671473582966076
3355,0.15994789960567232
3356,0.1641326580692936
3357,0.16318183043886272
3358,0.16309015966619403
3359,0.16035293911095977
3360,0.1645825244961894
3361,0.16452263879904916
3362,0.16393369120839393
3363,0.16327533139967174
3364,0.16302958067404452
3365,0.16863650794414017
3366,0.16583355809888722
3367,0.1579990430857674
3368,0.1619911526165268
3369,0.16306677122631288
3370,0.1607781091614288
3371,0.16681301269341992
3372,0.16266795720365984
3373,0.16401989531600294
3374,0.16018932829704374
3375,0.16073922428801574
3376,0.16199220353982838
3377,0.16368105450637102
3378,0.15919941845474775
3379,0.16279020883521614
3380,0.16319877675238495
3381,0.15742921779006316
3382,0.16094918424342342
3383,0.16178655623315955
3384,0.16393814215505628
3385,0.16110449056269951
3386,0.16229118178343835
3387,0.1621077375740531
3388,0.16470641520758375
3389,0.15929218241508325
3390,0.15851747046975762
3391,0.15650775707934486
3392,0.16257867984275823
3393,0.16226265285641756
3394,0.1597227673951275
3395,0.16619506337429507
3396,0.166671471032638
3397,0.16486038361447652
3398,0.16461535288900583
3399,0.1646911731510255
3400,0.16409888359974503
3401,0.16290522497493073
3402,0.15514784032700715
3403,0.16743654439317035
3404,0.16547512330522698
3405,0.16354862993426
3406,0.16118803852761224
3407,0.1661597965723483
3408,0.1625560594163289
3409,0.16334287741542633
3410,0.15946307516321587
3411,0.16126633319042197
3412,0.16143172484579144
3413,0.16218596622348197
3414,0.16678013286094545
3415,0.16073356597940078
3416,0.16771872495407064
3417,0.16064859302452345
3418,0.16641043866049626
3419,0.1627494388219248
3420,0.1603441653868509
3421,0.15821658535549915
3422,0.1628398306948881
3423,0.165943952771493
3424,0.158692730852571
3425,0.16263187928163186
3426,0.1649265390227698
3427,0.16071465319983974
3428,0.16828869078871073
3429,0.16663880050543506
3430,0.1641819047373079
3431,0.15915413471023915
3432,0.16723376589916072
3433,0.1614302876917026
3434,0.16786544622696584
3435,0.1600693451854914
3436,0.16395619092495708
3437,0.16585676223186915
3438,0.1649312417343141
3439,0.1630549825112482
3440,0.15955971670954536
3441,0.16760638276397255
3442,0.16160649237362415
3443,0.1620054806224364
3444,0.1665050687797673
3445,0.16298820465530242
3446,0.16454568620502338
3447,0.16044131478611653
3448,0.15935427753525608
3449,0.15802574166514907
3450,0.16539054706702508
3451,0.16339830396179092
3452,0.16322498631444496
3453,0.16192287991731558
3454,0.16098063290923018
3455,0.16482246543460885
3456,0.15941415634028075
3457,0.16041227442352302
3458,0.16511673443416708
3459,0.1615653421385005
3460,0.15799968905905595
3461,0.16320765880578295
3462,0.16176771306167034
3463,0.1635496628117905
3464,0.16920358587506423
3465,0.16093872051632552
3466,0.16167092060183216
3467,0.16107665747498137
3468,0.16884440849538937
3469,0.16044050751390018
3470,0.16264435010829
3471,0.16464285753592867
3472,0.15879906371985797
3473,0.15730161720592484
3474,0.16401215180386003
3475,0.15888155973173496
3476,0.16256859493869888
3477,0.1621496344586164
3478,0.15902619444833122
3479,0.1691930578908891
3480,0.1634664271319594
3481,0.16444130768637877
3482,0.16383029167683857
3483,0.16414153560188713
3484,0.1594326862386525
3485,0.16631741576715894
3486,0.16045785154951225
3487,0.16648818832162474
3488,0.16204606999633983
3489,0.16254399055739005
3490,0.16533470932818514
3491,0.1629980287406856
3492,0.1650470543772075
3493,0.16669877811340167
3494,0.16781742371158423
3495,0.15613809469752993
3496,0.16367831178304268
3497,0.1655956277305063
3498,0.1624717186107461
3499,0.16110706524132334
3500,0.16384650548836632
3501,0.16263596323765311
3502,0.1628116004520084
3503,0.1649837832332705
3504,0.16494676105312697
3505,0.16594748439493578
3506,0.16199624823605777
3507,0.1645436322045414
3508,0.16264773313077657
3509,0.16188930032961754
3510,0.164871480462315
3511,0.16195353468655643
3512,0.16120077392786838
3513,0.16103498495187707
3514,0.16185788351459582
3515,0.16585596371881467
3516,0.16343122501478333
3517,0.16567950728530298
3518,0.16710229882776362
3519,0.16023851219984342
3520,0.1643502502426647
3521,0.16519346559777637
3522,0.1656952628597084
3523,0.1599029242826191
3524,0.1609032788490793
3525,0.1649209591367919
3526,0.16433331434019105
3527,0.16749754321281815
3528,0.16295311024034925
3529,0.16396856414644548
3530,0.16311837053474065
3531,0.16566983495609644
3532,0.16013580446848247
3533,0.16576785190900425
3534,0.15952937624477947
3535,0.16328371769280148
3536,0.1661739212867179
3537,0.16214732365745896
3538,0.15838452622496993
3539,0.16379510670419228
3540,0.16416646163700835
3541,0.16335957173709
3542,0.1647383659907527
3543,0.16482755619966216
3544,0.16096847014536433
3545,0.15996207220336472
3546,0.16732491898992494
3547,0.16868485691462973
3548,0.16098012706109227
3549,0.16129720706550552
3550,0.15883660172125066
3551,0.1653089394195937
3552,0.16338158514865586
3553,0.16307842817168824
3554,0.16035086612681468
3555,0.16477867802126683
3556,0.16411415258037013
3557,0.1584059610212042
3558,0.16202168333315897
3559,0.16330191051982643
3560,0.15910893065825513
3561,0.1666022143934283
3562,0.1594826951682761
3563,0.16458343414801602
3564,0.16432741286898622
3565,0.15931445336148564
3566,0.1641306904128029
3567,0.16063947223312577
3568,0.16313967283002745
3569,0.16400641604951244
3570,0.16462457488828008
3571,0.15846919521689784
3572,0.16236145340492686
3573,0.16488195416967025
3574,0.15879761339520443
3575,0.1660534782370943
3576,0.16808849762694708
3577,0.1622895945215544
3578,0.1595771540067033
3579,0.1592432954387275
3580,0.16602098011907232
3581,0.16182321402314512
3582,0.1619748336601443
3583,0.16280166723018993
3584,0.16992812728718185
3585,0.1651402088762776
3586,0.16444961933980948
3587,0.1637310100104407
3588,0.1643170381900937
3589,0.16704868492881628
3590,0.15903911351924432
3591,0.1646229344163534
3592,0.16118368167337319
3593,0.1578682298392566
3594,0.16150442379970614
3595,0.16336408341610467
3596,0.16505012338170236
3597,0.16870678096106034
3598,0.16445335666325897
3599,0.16070539268693096
3600,0.16469350593710444
3601,0.16266615505757798
3602,0.16384848864607646
3603,0.1622837746801087
3604,0.16334824747858692
3605,0.16845238663690176
3606,0.1620896031756529
3607,0.16179374546389214
3608,0.1619769569087691
3609,0.15864069192638086
3610,0.16664462439092112
3611,0.15933393760780573
3612,0.16339876392776628
3613,0.1647424071059099
3614,0.1646568110419941
3615,0.16198274043330152
3616,0.16162966472210047
3617,0.16746385944585843
3618,0.16174190764113605
3619,0.15898786792413033
3620,0.16333558856690386
3621,0.15768642114547873
3622,0.16461705957389666
3623,0.16511664026420608
3624,0.16514187370290764
3625,0.16009847800104607
3626,0.15969784682543528
3627,0.1609904300382108
3628,0.15805415989783764
3629,0.16264657251450784
3630,0.16202535681308466
3631,0.15953594248468522
3632,0.1662132989634313
3633,0.15996714658999936
3634,0.16423656873452522
3635,0.1633819278351632
3636,0.16406009259138843
3637,0.16574845986097578
3638,0.1697425728678928
3639,0.16757548328771968
3640,0.16058987091056173
3641,0.16138784893455735
3642,0.165005361806303
3643,0.16286918659602062
3644,0.157057519535812
3645,0.16250908942406664
3646,0.1626167072070647
3647,0.16329312808727248
3648,0.16521081946526794
3649,0.1585361330011046
3650,0.16233877250591094
3651,0.1602521292021119
3652,0.1575839984623394
3653,0.16574693743710256
3654,0.16783103213583628
3655,0.16276434938581927
3656,0.15756651090378768
3657,0.16007367489084284
3658,0.1623420043353865
3659,0.16161009299525778
3660,0.16190984153504567
3661,0.16318699182936774
3662,0.16492521451219344
3663,0.16322659004877083
3664,0.1612758069592116
3665,0.1613706114804169
3666,0.1663925933079241
3667,0.1613799065499154
3668,0.16790193240639265
3669,0.16299527017569865
3670,0.16512876272845436
3671,0.16439007645381404
3672,0.16505948547097596
3673,0.15535214479203774
3674,0.15917459446344673
3675,0.16367205891923162
3676,0.16013488855966282
3677,0.16819179056954256
3678,0.1589182608727534
3679,0.1604019786403458
3680,0.16295811575089544
3681,0.1594058609060436
3682,0.15608589660123598
3683,0.15857656801641065
3684,0.16761171693655075
3685,0.1586746743444759
3686,0.15929136201581398
3687,0.16584493249394738
3688,0.1667366486748838
3689,0.16231196706117912
3690,0.1613464002614763
3691,0.16733925564154814
3692,0.16388883251214056
3693,0.16248184546930267
3694,0.1585614245560233
3695,0.16235547091371172
3696,0.16492628717260355
3697,0.1583568472880406
3698,0.1647972274012265
3699,0.1660401210130222
3700,0.1643127307792606
3701,0.16145801558037493
3702,0.16500899195603533
3703,0.16363975480491944
3704,0.16446371447523214
3705,0.16576956218206987
3706,0.16260510227517153
3707,0.16694768043313496
3708,0.1669291302598576
3709,0.1627654753465369
3710,0.16474660792753681
3711,0.16242366944870237
3712,0.16892640725923813
3713,0.16093387916085433
3714,0.1619253497393423
3715,0.164986921573949
3716,0.16180602171928551
3717,0.16498636602742756
3718,0.1595276045611709
3719,0.1634059789479459
3720,0.16684786812141053
3721,0.1638860840185019
3722,0.16459768880760448
3723,0.16437997585466227
3724,0.1615131749999255
3725,0.1624818148880697
3726,0.1632151152281754
3727,0.16226471823841127
3728,0.16376565169482918
3729,0.1656745098132072
3730,0.1630727342983125
3731,0.16644979941861401
3732,0.1584223792685452
3733,0.1650044537905243
3734,0.1665263554641233
3735,0.16448676685740543
3736,0.15776484155383286
3737,0.1627735004284446
3738,0.16266020972101988
3739,0.15988100391135335
3740,0.1587782923473884
3741,0.15666546898706185
3742,0.16361163437082318
3743,0.1638837509120132
3744,0.16464696374399235
3745,0.16142715833943067
3746,0.1640550992562607
3747,0.16166682373148866
3748,0.15474104690408097
3749,0.16227931786996938
3750,0.1638143066867223
3751,0.16249759080623608
3752,0.1562936425893566
3753,0.1629433534559307
3754,0.16106170972539322
3755,0.1623834910331665
3756,0.16447995498051385
3757,0.1643939861939084
3758,0.16280969627280592
3759,0.1628397509911409
3760,0.16638169340835293
3761,0.1588156276232245
3762,0.16107616290640295
3763,0.1579348100086555
3764,0.16175420707577934
3765,0.16529935208135552
3766,0.16068159820259287
3767,0.168014272538138
3768,0.1640183510814618
3769,0.1610179832707835
3770,0.16490059572953694
3771,0.16371258066179595
3772,0.16137146311296424
3773,0.15954312578303487
3774,0.1605295340064236
3775,0.16285113174510926
3776,0.1631238915572185
3777,0.16529784542753173
3778,0.16586411203594098
3779,0.16132914624991676
3780,0.16128683614827463
3781,0.16025153468017048
3782,0.16182489264888386
3783,0.1677018030929861
3784,0.1577347297267756
3785,0.16480531716801042
3786,0.16460682108119123
3787,0.15672132660380833
3788,0.16116871135765665
3789,0.16297799178925662
3790,0.15773869546941607
3791,0.1641610231505668
3792,0.16352059998568053
3793,0.16078456375625574
3794,0.16843786740502628
3795,0.16430584841035797
3796,0.16276566413646396
3797,0.1686183155186582
3798,0.1596849155582072
3799,0.16349673406180792
3800,0.16006622862870215
3801,0.16518159567793497
3802,0.1613037560350084
3803,0.16839762190192822
3804,0.16267199045646302
3805,0.16017350354474277
3806,0.16401084805898639
3807,0.15691780163464675
3808,0.1625339318704643
3809,0.162121086153767
3810,0.16489787309691015
3811,0.16770740716984825
3812,0.16383044602175692
3813,0.16928625907136408
3814,0.1656138060975976
3815,0.16254973539681247
3816,0.1598331062711875
3817,0.16605830221692652
3818,0.15824300312015557
3819,0.15962980820121814
3820,0.1650654587070003
3821,0.16053515885219002
3822,0.16023328630211658
3823,0.16376530933760305
3824,0.1616888011479371
3825,0.1598980077328326
3826,0.1632674377796898
3827,0.16173440705824577
3828,0.1633920772429965
3829,0.16125558323636963
3830,0.16686125476821181
3831,0.16072534256267912
3832,0.15966937433636288
3833,0.16200995821377998
3834,0.15742696741996592
3835,0.15840352569640784
3836,0.1661110381137976
3837,0.15772210761274724
3838,0.16436475245801976
3839,0.16217362783589154
3840,0.16307959565710617
3841,0.16300104633033266
3842,0.1669666665124541
3843,0.16575531896400367
3844,0.16318837719693643
3845,0.160907820420818
3846,0.16197707421986976
3847,0.16199322985557993
3848,0.1629201823655655
3849,0.16352513698999271
3850,0.16282917583601966
3851,0.16396143731626012
3852,0.16128178264876808
3853,0.1634944674055119
3854,0.16036586842278555
3855,0.1577162611447017
3856,0.16427324660466988
3857,0.1627807395083911
3858,0.15794912478089665
3859,0.16056764300917833
3860,0.164964067767012
3861,0.16481991483267042
3862,0.16395110647683592
3863,0.16399218098163776
3864,0.16130841684742026
3865,0.16100178188653932
3866,0.160375336776647
3867,0.16634244809974644
3868,0.16157655260518766
3869,0.1661347199065215
3870,0.1590774352476829
3871,0.15700564344293405
3872,0.16242246620035958
3873,0.15722169001629596
3874,0.16033554779133238
3875,0.16351496272141264
3876,0.15811398303516672
3877,0.1626032997026242
3878,0.16233428737342612
3879,0.16583603985426015
3880,0.163860192263429
3881,0.1609218569729239
3882,0.16459283501193897
3883,0.16034666193784936
3884,0.1575558704491523
3885,0.16253293612824185
3886,0.15847960111213438
3887,0.1610191617981682
3888,0.1617636053162078
3889,0.16188966288008647
3890,0.1671116969695619
3891,0.1628795556482248
3892,0.16928926176846915
3893,0.16156975046227173
3894,0.1621311072306783
3895,0.16188060166539633
3896,0.162063589124749
3897,0.16168232091268406
3898,0.1603062212510009
3899,0.16713731765833037
3900,0.16631609353059915
3901,0.16187619524514088
3902,0.1650948717362419
3903,0.1611727628554395
3904,0.16459118513530435
3905,0.16115087909198947
3906,0.16122231044939445
3907,0.16448196758320469
3908,0.16663868806490473
3909,0.16024034735226572
3910,0.1623355802444394
3911,0.16302843448923932
3912,0.16052166666816858
3913,0.16850912215165778
3914,0.16372098734047297
3915,0.1596819322967929
3916,0.16402146721152802
3917,0.16089196079818677
3918,0.16103249374914927
3919,0.16421000646779188
3920,0.16592528604800166
3921,0.16126518092960104
3922,0.16337842025936106
3923,0.15730593079799599
3924,0.16271030810308557
3925,0.16816931024971016
3926,0.15856616344214736
3927,0.1593286894972324
3928,0.1627380523013653
3929,0.1592387619936227
3930,0.16180882116097492
3931,0.16599857720537875
3932,0.164792724275278
3933,0.1642246839817672
3934,0.16417459256223982
3935,0.15950240216360845
3936,0.1649857208570972
3937,0.16586770701594872
3938,0.1597982876641919
3939,0.162119268833376
3940,0.15876809333717123
3941,0.16423027721697073
3942,0.16406042072956126
3943,0.16621285352073717
3944,0.1597730672783109
3945,0.16078251732994328
3946,0.1574521629268504
3947,0.16058118870557148
3948,0.1659344118308426
3949,0.1592187163476005
3950,0.16244564504538328
3951,0.16581554276745722
3952,0.16173535115845122
3953,0.16174492080870664
3954,0.16076994326016136
3955,0.16255201050808113
3956,0.16321948375452763
3957,0.1648898027746996
3958,0.16151982172921303
3959,0.16364187811024547
3960,0.16286165403454625
3961,0.16523457208893583
3962,0.1612003617383459
3963,0.16130772885267816
3964,0.15561996600737837
3965,0.15959824815243534
3966,0.16381759852273844
3967,0.1638265702073962
3968,0.16146478785510726
3969,0.15899927838585806
3970,0.16377196196878588
3971,0.16471458862913713
3972,0.16228308228708982
3973,0.16203812392041447
3974,0.16369796439801154
3975,0.1583487113262653
3976,0.16192596274720894
3977,0.15831446351532868
3978,0.15897831399619047
3979,0.1637225749338162
3980,0.16320490891649833
3981,0.16652203450488368
3982,0.16405295635037223
3983,0.16043692077777527
3984,0.15763530255381974
3985,0.16435278861712585
3986,0.16152897569695548
3987,0.16257124114008023
3988,0.16496744356377055
3989,0.16158857331112184
3990,0.16154255136253914
3991,0.16453594454861709
3992,0.16168321288715845
3993,0.16440456115483662
3994,0.16491305872463757
3995,0.16517328546270477
3996,0.16225855546189175
3997,0.15901114282371617
3998,0.15978039153798526
3999,0.16672253195563796
4000,0.16099290021721072
4001,0.1657902904806887
4002,0.1664279415738663
4003,0.15960935079433491
4004,0.161932252962848
4005,0.16706746280094212
4006,0.1614164833878962
4007,0.16195912765741938
4008,0.16115014303590702
4009,0.16132961583455263
4010,0.15844411703704328
4011,0.15788136235350206
4012,0.17022775631842055
4013,0.15875583186910366
4014,0.1656487214575373
4015,0.16329572986127644
4016,0.16350870985157645
4017,0.1642678126734153
4018,0.1600698963781468
4019,0.1590262756467721
4020,0.16053627627774217
4021,0.16588620085432942
4022,0.16826880423979287
4023,0.1616514329281416
4024,0.16480438350615534
4025,0.1639470592516608
4026,0.16321581176038638
4027,0.162345595534796
4028,0.16344799150312952
4029,0.1625745664974943
4030,0.1636617444844625
4031,0.16069206132722463
4032,0.1621728013740282
4033,0.161420195480679
4034,0.16213814390657752
4035,0.1634168477188658
4036,0.16523614445484502
4037,0.16872363321960815
4038,0.16601880384909123
4039,0.16409709831294947
4040,0.16096447143200565
4041,0.16236929589632096
4042,0.1676439855780365
4043,0.16185015044219606
4044,0.15918595995239596
4045,0.16531564960235978
4046,0.16246141156226898
4047,0.16529907997865645
4048,0.16873503659481115
4049,0.1613435493546471
4050,0.16453177004699324
4051,0.16163018175818314
4052,0.16249676515942252
4053,0.16306006188972128
4054,0.16647559678290685
4055,0.16495073566348623
4056,0.16754940910818816
4057,0.1639682310280794
4058,0.16022144496151014
4059,0.15941279727366517
4060,0.15622311180668808
4061,0.1620282707526929
4062,0.15875588975417454
4063,0.16288718957502693
4064,0.16005212066185773
4065,0.15873067871883634
4066,0.16369157474225637
4067,0.16265889406900214
4068,0.1673697977424493
4069,0.16425892367263206
4070,0.16590494319759969
4071,0.1630770955770016
4072,0.16358537503632187
4073,0.1598680695575144
4074,0.16284765157294642
4075,0.1626290633160237
4076,0.16205339727246848
4077,0.16263746628485096
4078,0.15902567006056323
4079,0.1673612683069465
4080,0.16592502610846174
4081,0.1619724344873817
4082,0.16452396022197457
4083,0.16402267052406208
4084,0.1650774745414836
4085,0.16289864316600264
4086,0.15840068296470647
4087,0.16452567699328016
4088,0.15803172605371935
4089,0.16453011575825358
4090,0.1678311400943757
4091,0.16286932168667803
4092,0.16106838693453288
4093,0.1681689551201239
4094,0.16172546797441728
4095,0.15821808750371597
4096,0.15709026224466663
4097,0.1633079864411169
4098,0.16121093397679107
4099,0.16297496236129308
4100,0.1582731774139805
4101,0.16744319761936977
4102,0.16587992068159813
4103,0.16246607779733088
4104,0.16109288525809734
4105,0.1637093823044473
4106,0.16487484092405794
4107,0.1652412009498785
4108,0.16654698937929024
4109,0.16442126114827227
4110,0.16374817867576955
4111,0.1558659650058777
4112,0.16098243799593612
4113,0.1634917369726621
4114,0.1615786863529189
4115,0.16308603182166123
4116,0.16331103230200888
4117,0.16715882359479137
4118,0.16446789158982728
4119,0.1601497302959495
4120,0.16356991781019597
4121,0.16300308385194312
4122,0.16249635595082804
4123,0.15783696388361673
4124,0.16424534629740964
4125,0.1617508854846287
4126,0.16446005047852733
4127,0.1648734183444235
4128,0.15928579052874856
4129,0.16626996906451685
4130,0.16310448592868562
4131,0.1652720210667583
4132,0.16045121589792605
4133,0.16397266677713226
4134,0.15916678254902678
4135,0.15862365731421096
4136,0.16252048434382402
4137,0.1640830914051618
4138,0.16337387312643667
4139,0.16258906291624606
4140,0.1634221015588789
4141,0.16092788217018714
4142,0.16087673206221825
4143,0.16256556235408148
4144,0.1621485123760169
4145,0.16161811456504788
4146,0.16213105704251485
4147,0.16206251915456818
4148,0.16076586534374296
4149,0.16350109161555426
4150,0.1592819644746984
4151,0.16291598585041944
4152,0.16192649014673643
4153,0.16737272994462554
4154,0.15886163021038086
4155,0.16156952109935618
4156,0.1594790995642275
4157,0.16682251330855222
4158,0.16425735643633382
4159,0.166953807227794
4160,0.15779404419948503
4161,0.16564391306562062
4162,0.15809184010997457
4163,0.16643055327094225
4164,0.16321489164774025
4165,0.1620227067980647
4166,0.16250653674178217
4167,0.16794847540673605
4168,0.16439601841450707
4169,0.16160319273428775
4170,0.16430628665771044
4171,0.16180724876129074
4172,0.16051472382034015
4173,0.16398594507009778
4174,0.1624046382750053
4175,0.16459332689591458
4176,0.1647321884328775
4177,0.16114013484535994
4178,0.15926468711926994
4179,0.16239535956174878
4180,0.16072197954812292
4181,0.16510551651096111
4182,0.16523597375978766
4183,0.1663708504052775
4184,0.15872321772708825
4185,0.15958427326573
4186,0.15781407791092555
4187,0.15528567754078582
4188,0.16014767549465994
4189,0.1593240703772166
4190,0.1636136339445749
4191,0.16562778892307964
4192,0.16634727831629528
4193,0.16523880958873927
4194,0.16372213458475277
4195,0.1605080189362486
4196,0.15622648090549748
4197,0.16269152084311184
4198,0.15765506426786033
4199,0.16404341119695787
4200,0.16606372153181376
4201,0.15867752240569655
4202,0.16451520083090754
4203,0.16361624427649954
4204,0.1621880113640671
4205,0.15982951940268797
4206,0.16274746893247466
4207,0.16275906485822417
4208,0.1672005026828234
4209,0.16248663688806603
4210,0.16256450154487967
4211,0.16388935903798216
4212,0.15783495937356348
4213,0.1668137479555991
4214,0.16098409074868522
4215,0.16110482209041135
4216,0.16718141301543157
4217,0.15870744993942112
4218,0.15749518739377613
4219,0.1628929840751653
4220,0.1652471162920465
4221,0.16011194631518455
4222,0.1612906651947603
4223,0.1618273532202539
4224,0.16377810005346427
4225,0.1621759446053585
4226,0.16085071418871516
4227,0.15823734749269816
4228,0.16425456550195214
4229,0.16633160397240665
4230,0.1639803512874398
4231,0.1655597648475742
4232,0.16132170424639966
4233,0.16023279463424014
4234,0.1633767202690187
4235,0.16305972174178565
4236,0.1631943869076597
4237,0.16020709956469353
4238,0.15938949005398462
4239,0.1584815625748188
4240,0.1649054350466602
4241,0.16691295341009432
4242,0.16200845699060906
4243,0.15966837428623187
4244,0.16597602256207675
4245,0.16496578973107245
4246,0.16277391545718248
4247,0.1570802227708267
4248,0.16335524968259643
4249,0.159310535597235
4250,0.15987500335819066
4251,0.1649881887274139
4252,0.16521774889303467
4253,0.1629203442105088
4254,0.1634276714904044
4255,0.16525020766936335
4256,0.16490826739957265
4257,0.1619847916996244
4258,0.16078594255866327
4259,0.16230544580313142
4260,0.16329443087642348
4261,0.16629876906707916
4262,0.1619741335285551
4263,0.16362713573006638
4264,0.15805771519881975
4265,0.15618360846862675
4266,0.16309513125981823
4267,0.16574788595860526
4268,0.16343118137891718
4269,0.1670003092683603
4270,0.15839891371749798
4271,0.15964626230053117
4272,0.16332930201398266
4273,0.16452232418969986
4274,0.1628710890832666
4275,0.16655495015075608
4276,0.15979844878262092
4277,0.1614398982061619
4278,0.16819654080029262
4279,0.1624707386239749
4280,0.1633476900072286
4281,0.1607816941602725
4282,0.16023212121807184
4283,0.16206860118666266
4284,0.16152107518318587
4285,0.15963418787267109
4286,0.1605490987416914
4287,0.16170289362509593
4288,0.16461511679669566
4289,0.1670184697865669
4290,0.16134389559285245
4291,0.16185096962302808
4292,0.16669823654790564
4293,0.16325079053462638
4294,0.16236056875169858
4295,0.16488377443009056
4296,0.16775156126455015
4297,0.1672319121983584
4298,0.1629518179936061
4299,0.16099591884741665
4300,0.16306967127437313
4301,0.16534405715613654
4302,0.15763852170943857
4303,0.16207084506067074
4304,0.16547673478128289
4305,0.16353763815721065
4306,0.15773769087465125
4307,0.16637917296177776
4308,0.16223568546383316
4309,0.15814445582358852
4310,0.16525980795346262
4311,0.161732812217156
4312,0.16391375782752288
4313,0.1638453810630336
4314,0.15957392486055436
4315,0.16736941040318284
4316,0.16174066586520527
4317,0.16205856622333706
4318,0.16295787000779857
4319,0.16043106762542234
4320,0.1630825004525537
4321,0.16075910691322046
4322,0.16731335395579278
4323,0.16270221568373072
4324,0.16367836030889027
4325,0.16349420442638535
4326,0.1595056997398363
4327,0.16058093233464452
4328,0.1600279462234753
4329,0.16100763783421423
4330,0.16017864799346468
4331,0.16480931796642537
4332,0.16297775893309013
4333,0.16206372997669716
4334,0.162362239136766
4335,0.16290314948177964
4336,0.161321129602419
4337,0.1627197030055652
4338,0.16006698231812783
4339,0.16873792546822974
4340,0.15853601994120795
4341,0.16231084555387743
4342,0.16226449320755146
4343,0.16415186663258644
4344,0.16495825942192213
4345,0.1679556385423291
4346,0.16149630127596554
4347,0.16151022722693736
4348,0.167004990045206
4349,0.16151218436843787
4350,0.16056986244991472
4351,0.15985953118049012
4352,0.16316968956835584
4353,0.1624669718330665
4354,0.16202254247355452
4355,0.16177438291548932
4356,0.15676551810070075
4357,0.16067827171075283
4358,0.1599760961493051
4359,0.16428748131830462
4360,0.158312645020374
4361,0.16120474986842243
4362,0.16192480480004312
4363,0.16015088225724003
4364,0.16235892225821197
4365,0.162543484305893
4366,0.16550677192879215
4367,0.16075682535375924
4368,0.15531324708383565
4369,0.1630827239070168
4370,0.15913701445760847
4371,0.16340403686840443
4372,0.16834008920830462
4373,0.16415785710138947
4374,0.1629220439425284
4375,0.16408582798935256
4376,0.1643267476772175
4377,0.16283360579030481
4378,0.1607990504026539
4379,0.16344425062587747
4380,0.16090343979307817
4381,0.1641949421305264
4382,0.1592696826630193
4383,0.1647672409973851
4384,0.15913238444786731
4385,0.157525512039032
4386,0.16490840531172649
4387,0.16814228835763118
4388,0.15783129446209615
4389,0.16509926179943474
4390,0.1587772807912728
4391,0.16217903006868684
4392,0.16588915673725188
4393,0.1566573224030705
4394,0.15737023696725402
4395,0.1681022453278154
4396,0.16378982783865695
4397,0.1686409991082571
4398,0.1669998280774025
4399,0.1604901332733658
4400,0.16571659985303933
4401,0.16535050228513282
4402,0.16176623142537275
4403,0.16605548771131753
4404,0.1612594121754112
4405,0.16227724429975565
4406,0.16471117205852087
4407,0.16412145707873457
4408,0.16341581205270397
4409,0.16261595434347614
4410,0.16326534208266602
4411,0.1620363182336491
4412,0.16748051765442432
4413,0.16478674306999683
4414,0.1634541089735861
4415,0.16030659357511354
4416,0.15869913193392263
4417,0.16531356190468222
4418,0.16235657972634673
4419,0.15976204664185686
4420,0.16611269615005803
4421,0.15785076821343522
4422,0.16139646464954718
4423,0.16488292514844166
4424,0.15930113453849615
4425,0.1559962596726961
4426,0.1576784575978408
4427,0.16515662104066256
4428,0.1617054884263443
4429,0.15939552126515746
4430,0.15776477006081158
4431,0.16437350228079242
4432,0.1663364125632801
4433,0.16205005352480326
4434,0.16754613099595395
4435,0.16907834081132148
4436,0.1599692541390712
4437,0.16404836909830003
4438,0.1647765674100458
4439,0.15872235903257143
4440,0.16376433043011834
4441,0.16477056720451808
4442,0.16478266066573122
4443,0.16589595983397615
4444,0.16854568807980702
4445,0.16566673459127415
4446,0.1609684759580633
4447,0.16285861792219156
4448,0.1636701418463848
4449,0.1669281230778316
4450,0.1598263946307402
4451,0.1635598552561581
4452,0.1645503697682902
4453,0.16060600540876158
4454,0.16083331413397015
4455,0.16409415770168967
4456,0.16249764365105562
4457,0.16184309421653872
4458,0.16032198868864095
4459,0.16245471599372782
4460,0.16472763251520878
4461,0.16716160342461947
4462,0.16608339037860442
4463,0.16012590350775785
4464,0.16205931508957672
4465,0.16534601299256318
4466,0.1619878021326201
4467,0.155897358987805
4468,0.15966854240935305
4469,0.15743581354012598
4470,0.16202495173178752
4471,0.16467280642854237
4472,0.15728201810252124
4473,0.16518932700390015
4474,0.16681227389815304
4475,0.1614504307533087
4476,0.15732233516517216
4477,0.159440016402792
4478,0.16096990577175244
4479,0.1587066612003248
4480,0.16974283694142378
4481,0.16057539576191973
4482,0.16143054362822679
4483,0.1587751071798702
4484,0.15657523650789681
4485,0.16236429006057876
4486,0.16125627635955483
4487,0.16497550515840834
4488,0.16741606879885937
4489,0.16514843343226504
4490,0.16501010390428064
4491,0.15964726099010376
4492,0.1666115662296088
4493,0.1616812446719548
4494,0.16710570080442602
4495,0.16416022139221742
4496,0.16255296001648778
4497,0.16507258693310506
4498,0.16258347850864754
4499,0.16484535330876163
4500,0.16795820147789237
4501,0.1619354712549426
4502,0.17002479092387565
4503,0.1645575232033727
4504,0.16064142101568168
4505,0.16501609606325499
4506,0.1645264565834501
4507,0.16243465756366796
4508,0.1665317745325457
4509,0.1624177354553706
4510,0.15930651951559335
4511,0.16473169524811943
4512,0.1637688459543432
4513,0.15961715363314422
4514,0.16148277999455296
4515,0.16343040225888458
4516,0.16002951340630414
4517,0.16431317769790219
4518,0.1636190329066626
4519,0.16296056749263674
4520,0.16546780035461245
4521,0.16720339813337906
4522,0.16507652826424957
4523,0.16225691745007823
4524,0.16761493239489914
4525,0.15993634667162174
4526,0.16490045104825307
4527,0.1610115213999854
4528,0.15825314710427818
4529,0.16527918023430413
4530,0.1631881881769253
4531,0.1588847446920774
4532,0.16264289621446093
4533,0.16306886896360465
4534,0.16595891491585257
4535,0.15925032761604685
4536,0.16210108833131537
4537,0.16051306101262922
4538,0.16886985403235472
4539,0.16221673909995948
4540,0.16125074162450453
4541,0.16594507372944164
4542,0.1614227280765366
4543,0.15948120498119547
4544,0.1615211239302542
4545,0.1635673107938287
4546,0.16205741429812287
4547,0.15803855697861507
4548,0.16062859200717297
4549,0.16549276554592998
4550,0.1672563011200348
4551,0.15923557462865331
4552,0.16630199427798295
4553,0.15912727363031767
4554,0.1647737978388888
4555,0.1634639337314555
4556,0.16514481987828727
4557,0.1674135380685048
4558,0.1687033222704335
4559,0.16099145349191885
4560,0.16459434847637994
4561,0.16496374645951908
4562,0.16150681622830634
4563,0.15888549582989017
4564,0.1597027564948897
4565,0.16439033625537683
4566,0.16334736165862115
4567,0.1653575038160708
4568,0.16586995675546873
4569,0.16208987221972176
4570,0.1633429098534326
4571,0.167478162550599
4572,0.15979982312930313
4573,0.1608808391329852
4574,0.16218648850262452
4575,0.1611757480045961
4576,0.16351438558315204
4577,0.16202946251666278
4578,0.16831096858146408
4579,0.16739674323797485
4580,0.16060706109200842
4581,0.16542073554161882
4582,0.16825362931776136
4583,0.16257297168346704
4584,0.1619955951330542
4585,0.15949128691102138
4586,0.16154727916533607
4587,0.1639707216332602
4588,0.16347013339606892
4589,0.16345192156859903
4590,0.16629620728910605
4591,0.1623509297427926
4592,0.1663886306696179
4593,0.16349367920188373
4594,0.1657482868143205
4595,0.16474785210791573
4596,0.16166673135162504
4597,0.16234914153991514
4598,0.1630705775665609
4599,0.15822773854783292
4600,0.16035845466763546
4601,0.1633691863818346
4602,0.16001221204930852
4603,0.1683153350099502
4604,0.15454196224195826
4605,0.15971323238507007
4606,0.16202586988019857
4607,0.16191347539127413
4608,0.16472158893696806
4609,0.16308770804418737
4610,0.15964854712978482
4611,0.16417760632028344
4612,0.16288144834933047
4613,0.16423850240587434
4614,0.16568275324951048
4615,0.16279263636272304
4616,0.16191724911391714
4617,0.16531738833958015
4618,0.16877229840648253
4619,0.16278285883622476
4620,0.16646587918074476
4621,0.1592959872985001
4622,0.16447553133223816
4623,0.16338680474664394
4624,0.1666487035854026
4625,0.16316137178174142
4626,0.16537532707354724
4627,0.167496845935394
4628,0.1623069735810375
4629,0.15991458830163244
4630,0.16052036616609414
4631,0.1619942427605047
4632,0.16222441388231967
4633,0.16396197341144636
4634,0.161660884450828
4635,0.16126443001777213
4636,0.16102271819345598
4637,0.16608790842654148
4638,0.157590103872649
4639,0.16115644528496995
4640,0.1639024427072801
4641,0.163645875426659
4642,0.16362737057861504
4643,0.1614906667842204
4644,0.1635627266789526
4645,0.16530630711392433
4646,0.167902371531381
4647,0.16360049719061015
4648,0.16324611960542207
4649,0.1620574100019688
4650,0.16424401794388413
4651,0.16346078800077748
4652,0.16538915161108597
4653,0.15921464905566582
4654,0.16218772658609304
4655,0.16283782850236173
4656,0.16244394167018478
4657,0.1653756908310379
4658,0.16580787967266164
4659,0.16145492983035817
4660,0.15711572408042887
4661,0.160643382506475
4662,0.16498687236890827
4663,0.16286208087956594
4664,0.15986228117739149
4665,0.16418554224571313
4666,0.1651357715792889
4667,0.16327534626606072
4668,0.16212792256242922
4669,0.1632460726031235
4670,0.16216172404576476
4671,0.16617462520112972
4672,0.1614022336304313
4673,0.15955450435489674
4674,0.1627700380674673
4675,0.16529820709650425
4676,0.16103453794407427
4677,0.16230762822309758
4678,0.15553696301284428
4679,0.1631711453470775
4680,0.16080542738300826
4681,0.1635650483771512
4682,0.16144919453713083
4683,0.16584653685662648
4684,0.1628712790925278
4685,0.16507601893679977
4686,0.1555460153310493
4687,0.16398339023291642
4688,0.16540686464966303
4689,0.16147937960837266
4690,0.1583533494454769
4691,0.16762800899073899
4692,0.16447806591766456
4693,0.1589788633819503
4694,0.16377285504065867
4695,0.15873088515114456
4696,0.16408454064486278
4697,0.16564518704463854
4698,0.16247173640007592
4699,0.1605611983081884
4700,0.16477564954110366
4701,0.15970207294563524
4702,0.1643889755452536
4703,0.1635542264852683
4704,0.16584945552589878
4705,0.16378750214395754
4706,0.159453063618913
4707,0.16245437437188728
4708,0.1648679235362776
4709,0.16835729458044343
4710,0.15828930458586096
4711,0.16051467248528697
4712,0.1645086587791066
4713,0.162623631466289
4714,0.15851585787873765
4715,0.1626818690790655
4716,0.16679531025787434
4717,0.15824140668969408
4718,0.16222708888042653
4719,0.16197555034199884
4720,0.15917197104274602
4721,0.16423384209738484
4722,0.1669146951570215
4723,0.1567384775747724
4724,0.15926084216523745
4725,0.1608487682391473
4726,0.1613571293770066
4727,0.1604593873609262
4728,0.16167383986432363
4729,0.16245332797282866
4730,0.16359469523902234
4731,0.16073273785700667
4732,0.16429831904764688
4733,0.16166738213663553
4734,0.1667438408188734
4735,0.16605934013039936
4736,0.16208520400000173
4737,0.16513424264471113
4738,0.16175891780277035
4739,0.16450291078146445
4740,0.15884619658498825
4741,0.1625378784468811
4742,0.160322034261011
4743,0.16632557127168265
4744,0.16280348364751004
4745,0.16489092486263582
4746,0.1641724171575243
4747,0.16076901589954526
4748,0.16670012865663247
4749,0.16273214058819369
4750,0.1595802631297038
4751,0.16310402637746732
4752,0.16516369158236155
4753,0.16473555523440464
4754,0.16171998959964903
4755,0.16417142083942032
4756,0.1645221177106369
4757,0.1672275125749329
4758,0.1636384489693004
4759,0.16421174695496693
4760,0.16793471488810663
4761,0.16108013352663755
4762,0.16248816015176115
4763,0.15977795328322322
4764,0.15998217403594003
4765,0.1589738507162458
4766,0.1652914772515548
4767,0.15903596750466598
4768,0.16299517776955694
4769,0.16655486178983964
4770,0.16693214197089545
4771,0.16512950968669646
4772,0.15863799234589435
4773,0.15899781582407393
4774,0.16605398885273662
4775,0.1659610727519231
4776,0.1610851413522753
4777,0.16037124903571728
4778,0.1609837283694241
4779,0.165435638615362
4780,0.16728716818701228
4781,0.15995907136500642
4782,0.16680102267110283
4783,0.16248561166919026
4784,0.16835493476397626
4785,0.1608443875627848
4786,0.16343227471153177
4787,0.16022584694554032
4788,0.16261378524738787
4789,0.1652181124902628
4790,0.16345223933289307
4791,0.16710242554803834
4792,0.16882122408455322
4793,0.16399243384635917
4794,0.1606220998828725
4795,0.1617414942987795
4796,0.16326451664622574
4797,0.16284296731822864
4798,0.1612791008827178
4799,0.16195584982439576
4800,0.16141299878175522
4801,0.16568564766677674
4802,0.16044864969190006
4803,0.16043195350917103
4804,0.16104383034311745
4805,0.16317183884015118
4806,0.16222063338753245
4807,0.16540983923444602
4808,0.16771631615560223
4809,0.15940898365689965
4810,0.15773570888035454
4811,0.1620473349921842
4812,0.16629108238874407
4813,0.16562998590894965
4814,0.16645335620983137
4815,0.15772898453638923
4816,0.1626255221500078
4817,0.15856689247669545
4818,0.16368674693064764
4819,0.1642572746522131
4820,0.164223839049659
4821,0.16245556739205466
4822,0.1621340440523858
4823,0.16187147410335603
4824,0.16236326663786754
4825,0.15835058308442088
4826,0.16119134961975512
4827,0.16599265881234704
4828,0.16219178905611042
4829,0.1670659371652689
4830,0.15716003643928747
4831,0.16360747711000576
4832,0.1678062469078041
4833,0.1693445029489395
4834,0.1582783994281326
4835,0.1584417826761362
4836,0.1646664966543981
4837,0.152974902914802
4838,0.1548776951964852
4839,0.16646344599242027
4840,0.1644425997025434
4841,0.1583491679475225
4842,0.16115571123507308
4843,0.16067847041932848
4844,0.1623382519587975
4845,0.16344253497861758
4846,0.15560817752719336
4847,0.1633029482032911
4848,0.16694083717890243
4849,0.15683453888541607
4850,0.16388932916746465
4851,0.15865683701814995
4852,0.16784257760217453
4853,0.1652983979688721
4854,0.1620047651247633
4855,0.15955599811503787
4856,0.1628238151559268
4857,0.166548505778006
4858,0.15983003038428048
4859,0.16240154840074247
4860,0.1676282353446349
4861,0.16730616633402162
4862,0.16175709209579253
4863,0.1637909113355648
4864,0.16719187581546202
4865,0.16783501207653448
4866,0.1606684774964802
4867,0.16053930218803775
4868,0.16016551716013072
4869,0.16277711968603048
4870,0.15945903797807054
4871,0.16507054262709925
4872,0.16586376159188698
4873,0.1603940244871989
4874,0.16241783234949358
4875,0.158891023022896
4876,0.16479277324278366
4877,0.16380963263066808
4878,0.16625958131640975
4879,0.1637882038743802
4880,0.16434093916780865
4881,0.1678126368741039
4882,0.164510928761168
4883,0.16236900185803652
4884,0.15826892366855536
4885,0.1611988634918859
4886,0.1602275242106609
4887,0.16017939397765577
4888,0.16355412073252645
4889,0.1602425809256553
4890,0.15962148051838915
4891,0.16212018861284097
4892,0.1667078620714698
4893,0.16117319108802708
4894,0.1617991422403588
4895,0.15696443478869954
4896,0.16480425706562268
4897,0.15966571345357608
4898,0.1626192929566982
4899,0.15948684898514043
4900,0.16339576627039407
4901,0.16678762931842833
4902,0.16269518073733952
4903,0.1660520380037686
4904,0.16087821543882275
4905,0.16057814129456754
4906,0.16448365389733519
4907,0.1593291277225522
4908,0.16236013268927307
4909,0.15800050204174476
4910,0.1621277004282733
4911,0.16267495665224213
4912,0.16502573300434856
4913,0.1632185367307494
4914,0.16457692331177173
4915,0.16065759641824057
4916,0.16329334557526196
4917,0.1601050086024283
4918,0.16422035775830465
4919,0.16359325939656996
4920,0.16091529184238693
4921,0.1680664367801192
4922,0.16179939142674654
4923,0.16391384421459726
4924,0.16171455415443428
4925,0.16059753053219067
4926,0.16427688932318477
4927,0.16320580771610832
4928,0.1608908869283157
4929,0.1589605828317363
4930,0.1693894098265628
4931,0.16505611617974222
4932,0.15981995901361704
4933,0.16588410682344035
4934,0.16549447947229395
4935,0.16324964935594813
4936,0.16666364414194346
4937,0.16253912178812713
4938,0.1653217516477828
4939,0.15898698589158286
4940,0.16486711352717884
4941,0.16070807728127562
4942,0.16547214534057536
4943,0.16447787934302877
4944,0.16055495681442072
4945,0.16192604667263236
4946,0.1638441184298157
4947,0.16369497508604125
4948,0.1611289885235567
4949,0.15991361028436746
4950,0.16587442951933884
4951,0.16618292096987464
4952,0.16261129637087796
4953,0.16315465238312615
4954,0.16317382926329874
4955,0.16388019949297897
4956,0.1608956337701971
4957,0.16555773525532494
4958,0.16350396640206016
4959,0.16629262962405275
4960,0.16798032137123706
4961,0.15625584158047034
4962,0.15837629056703018
4963,0.1622194250582305
4964,0.16111682528350482
4965,0.15948955654476002
4966,0.15878584779932
4967,0.16443127300112279
4968,0.16005909151487932
4969,0.16344881365264552
4970,0.16611036427494788
4971,0.16084837509813169
4972,0.16459132140581123
4973,0.16543902254349957
4974,0.1629210167675418
4975,0.16080825079869093
4976,0.16030548842050962
4977,0.15924316223483068
4978,0.1633251201119637
4979,0.16030421997285044
4980,0.16347406364851305
4981,0.16672772624265364
4982,0.1607903715293892
4983,0.16134802301734788
4984,0.16217870488735317
4985,0.16192219747935477
4986,0.15795929307983422
4987,0.16562761259074585
4988,0.15850430192815834
4989,0.1640157520971262
4990,0.16122553349946
4991,0.1587689870457464
4992,0.16123836028962443
4993,0.1625388462911384
4994,0.16323919699381545
4995,0.16222356519531933
4996,0.1681449017498479
4997,0.1688506690444875
4998,0.16698983588646538
4999,0.16466467623162317
5000,0.16303127294369982
5001,0.1649811627362533
5002,0.1648962706843627
5003,0.1632696350565481
5004,0.16296064242637598
5005,0.1631015025494249
5006,0.1592542910386787
5007,0.1634477260796088
5008,0.1637737148998326
5009,0.16535899885718772
5010,0.16529185636766974
5011,0.1601370674524048
5012,0.15737540330650482
5013,0.15873774354675455
5014,0.16098434848266224
5015,0.16244935189614637
5016,0.1631122294655745
5017,0.16169567432811627
5018,0.16212897185771688
5019,0.15810954714358744
5020,0.15942306304230075
5021,0.16130736474064059
5022,0.1633065952266383
5023,0.16130449080223455
5024,0.16935576582537554
5025,0.1652634004401359
5026,0.16393885736301037
5027,0.1643982520511677
5028,0.16102664182906293
5029,0.16348849028741314
5030,0.16658890125033302
5031,0.1603872889246168
5032,0.1629791326887782
5033,0.15749181681692515
5034,0.16009078947194724
5035,0.16183482348137956
5036,0.16080081749642844
5037,0.16459581377100274
5038,0.1641645611542421
5039,0.1668097649676436
5040,0.1628271981577577
5041,0.1613819482914823
5042,0.16363747899383635
5043,0.15853125676275542
5044,0.1613465342790475
5045,0.16274156565122602
5046,0.16152282868263487
5047,0.15808094390298694
5048,0.16264585033752108
5049,0.16119923819844917
5050,0.15976818132802392
5051,0.1619336575599489
5052,0.16218639832499437
5053,0.16235866937977803
5054,0.16449553149524324
5055,0.16191965926396698
5056,0.1643801506368667
5057,0.16240164489965453
5058,0.16661544177831167
5059,0.16203359980364604
5060,0.16111284911806853
5061,0.16909114354468785
5062,0.16395854976011007
5063,0.1696029069834315
5064,0.1640251331824542
5065,0.16691025244585248
5066,0.16594387715723458
5067,0.16847001693892233
5068,0.1661328307919741
5069,0.16626133083260572
5070,0.16514319279036685
5071,0.16455659720909058
5072,0.1630688303528489
5073,0.16088577876198942
5074,0.16566686366272937
5075,0.16154722949627784
5076,0.16683179979891488
5077,0.16217225656231513
5078,0.1612567622561121
5079,0.15564712743451883
5080,0.16243912192998516
5081,0.16509692174371268
5082,0.1666566324164251
5083,0.16442380813061444
5084,0.15759289988053188
5085,0.16030080315752268
5086,0.16083504852319694
5087,0.16503529905520312
5088,0.16169130720131084
5089,0.16548579734734337
5090,0.16250986616491653
5091,0.16138211138079803
5092,0.16331102291600427
5093,0.16521155544161528
5094,0.16139974246269512
5095,0.1655119580640756
5096,0.15614788949716682
5097,0.1575384095406037
5098,0.1650399691117592
5099,0.16454635380550764
5100,0.1627080336844249
5101,0.1635245618822788
5102,0.16020437523725933
5103,0.16802594252959246
5104,0.15892117274759512
5105,0.16071262073676437
5106,0.16497193852008543
5107,0.16545060507075016
5108,0.16525842568123836
5109,0.16567349441769313
5110,0.16489531132871235
5111,0.16884766822218755
5112,0.16211285079778745
5113,0.16225328625936514
5114,0.164295964493638
5115,0.16318475383120518
5116,0.1671960185574073
5117,0.1654327499790586
5118,0.16448451341828077
5119,0.16181204557972786
5120,0.1621124491171209
5121,0.16194676092689383
5122,0.1659889240685983
5123,0.15693059646955848
5124,0.16243330561533184
5125,0.16228272134530836
5126,0.1615977154788129
5127,0.16527405617373184
5128,0.16132369269544874
5129,0.16377012884925804
5130,0.1643217549639432
5131,0.16058063113021198
5132,0.16036568592408784
5133,0.1664388273487558
5134,0.16190144758100913
5135,0.1636905118637764
5136,0.15982183938809946
5137,0.16238690560936506
5138,0.16512475405930865
5139,0.1584962988576522
5140,0.16445327969671616
5141,0.15872231874035417
5142,0.16005940125164114
5143,0.165763258846175
5144,0.1619648179707673
5145,0.15955485905260935
5146,0.16896310071698262
5147,0.16229089986904863
5148,0.15848416943713484
5149,0.16231404643875738
5150,0.16602541781301494
5151,0.1659015964171525
5152,0.16205366806750726
5153,0.15823600131416968
5154,0.1668459057670271
5155,0.16595155986260832
5156,0.16118325228085842
5157,0.16257603013069974
5158,0.16277193597513498
5159,0.1660772660541759
5160,0.16706374643278757
5161,0.16715270935248328
5162,0.16370063934737342
5163,0.16165463542865027
5164,0.16366894944349877
5165,0.1627545356583929
5166,0.15873873777803574
5167,0.16399180517788295
5168,0.16106566358079422
5169,0.16597050786648768
5170,0.1643134287581041
5171,0.15913015573413203
5172,0.16136092204133481
5173,0.16193650367583112
5174,0.16255601562348335
5175,0.1614090713658319
5176,0.1651001641218962
5177,0.1599208238425889
5178,0.1662373767782036
5179,0.15822373163300532
5180,0.15930742215563481
5181,0.1625178133400887
5182,0.16355409685784303
5183,0.16063988934723544
5184,0.16262877509003265
5185,0.16451792277686111
5186,0.1630189781278458
5187,0.15764019501117113
5188,0.16351917338872204
5189,0.1543006211898451
5190,0.1645238757614058
5191,0.16015468335844588
5192,0.16070897373774817
5193,0.16213201790692575
5194,0.16091788804244242
5195,0.16275684627550907
5196,0.1645494917001067
5197,0.1634560356989581
5198,0.1642443104161521
5199,0.16282149310814983
5200,0.16387680473101657
5201,0.1634808872389561
5202,0.16187101001196577
5203,0.16119428594439633
5204,0.163677487041435
5205,0.16301366053228436
5206,0.16277528576725733
5207,0.16590993439505822
5208,0.1630603964019185
5209,0.15955925369535048
5210,0.1612977361290623
5211,0.1643225269233798
5212,0.16463961802115074
5213,0.1649180610063805
5214,0.16494686002855705
5215,0.1608652536886952
5216,0.1655118461530901
5217,0.1654612191587892
5218,0.16724702464146746
5219,0.1655802298636941
5220,0.1625292928779413
5221,0.16371185835700244
5222,0.1660359113566783
5223,0.16152360295978743
5224,0.16199235752756413
5225,0.1629816461098959
5226,0.1624185524580107
5227,0.16711592288343682
5228,0.16487740340533547
5229,0.16220478461266916
5230,0.1682549956301138
5231,0.16539104391262227
5232,0.15809977496821298
5233,0.16176469883430872
5234,0.16570213675451
5235,0.1615928285015215
5236,0.16641658545716453
5237,0.1645601251743464
5238,0.16838165446341097
5239,0.16205590606091677
5240,0.1582822873541281
5241,0.16508470378502155
5242,0.16661225411480937
5243,0.16580615702650117
5244,0.16525010205420143
5245,0.16155186843784308
5246,0.15851758311464786
5247,0.16288684832264838
5248,0.1609310790779581
5249,0.15490537010292993
5250,0.16494189114770064
5251,0.16641263420613842
5252,0.1676463367963867
5253,0.1600617668223115
5254,0.16214258773547835
5255,0.16120916771255386
5256,0.1652994925818822
5257,0.1592356930662578
5258,0.16447429161400592
5259,0.15771873589247704
5260,0.1671318977641634
5261,0.1605076747690273
5262,0.16321673890010815
5263,0.1647842258850487
5264,0.16016020006026951
5265,0.16511535477409978
5266,0.1639180495608935
5267,0.16049493813917537
5268,0.15848754290850425
5269,0.1639572054729148
5270,0.16415911202386663
5271,0.16460374242883644
5272,0.16521425575871304
5273,0.16508512941920805
5274,0.1638002961812339
5275,0.16041683130474332
5276,0.1620970170438445
5277,0.16458281882457926
5278,0.1664589146869253
5279,0.1591882774779176
5280,0.16096009701100567
5281,0.16447387526348112
5282,0.16294824206191402
5283,0.16326807332513374
5284,0.1617467073243759
5285,0.16802966900820018
5286,0.16126103231769817
5287,0.15639940264572405
5288,0.1636191035987915
5289,0.16486424610354483
5290,0.16162557209808592
5291,0.16056292451288165
5292,0.1613279907378768
5293,0.1648440025704103
5294,0.1642519474392355
5295,0.1636309794042438
5296,0.16436180164013867
5297,0.15785946883161922
5298,0.16379787991799635
5299,0.16860882515885073
5300,0.16226042750760053
5301,0.16276972817182128
5302,0.16066969372837037
5303,0.16530536251610134
5304,0.1667040894881562
5305,0.16528728143892077
5306,0.1682079409077506
5307,0.16913177585672956
5308,0.1662498490382746
5309,0.16490928814959338
5310,0.1549034727065428
5311,0.1609563061847793
5312,0.1613574204848602
5313,0.15972251797021647
5314,0.1582116862003884
5315,0.16416206249145904
5316,0.16529920212149507
5317,0.16150978381732004
5318,0.16507747960340055
5319,0.16451397776509974
5320,0.1654690021394662
5321,0.15836187642046567
5322,0.16342226965297707
5323,0.16354346420948243
5324,0.164397357445093
5325,0.15842274840170054
5326,0.1675539122641253
5327,0.16174412370527866
5328,0.16386431694327133
5329,0.16486686158826755
5330,0.16511698830144383
5331,0.15906170209912304
5332,0.16322896558676678
5333,0.16451375007546362
5334,0.16615070780760696
5335,0.16337356083759552
5336,0.1659831545024111
5337,0.1617957758156586
5338,0.16576937042508863
5339,0.16112152066294444
5340,0.16129818926314665
5341,0.16266059445756248
5342,0.15724136199777067
5343,0.16192310310083233
5344,0.1635773079057662
5345,0.16418520624492014
5346,0.1666286898943009
5347,0.16601104685582324
5348,0.16083644744359832
5349,0.1658794951417141
5350,0.16683513806784667
5351,0.15807425245505843
5352,0.16476457443309175
5353,0.164073914228204
5354,0.16378114461063842
5355,0.15844395832869515
5356,0.1637204443875719
5357,0.16429551223491526
5358,0.15850984704479315
5359,0.1638974972131641
5360,0.16363545909223698
5361,0.16024423682565792
5362,0.16321418882095118
5363,0.16728264422459066
5364,0.16284343867400417
5365,0.15820812401887296
5366,0.161924472031649
5367,0.16676042051195175
5368,0.15994780400888853
5369,0.16432859909365916
5370,0.1628305395439631
5371,0.16846346518538194
5372,0.1661277049497061
5373,0.16059753018755274
5374,0.16399709493635936
5375,0.16531562543333284
5376,0.1575221075644483
5377,0.1592346694071736
5378,0.1615795768108743
5379,0.1631935818326489
5380,0.16184118109892992
5381,0.1653370752932491
5382,0.15616552451968124
5383,0.16528118507703582
5384,0.16597278883929348
5385,0.1629933410874432
5386,0.1617340804621959
5387,0.16810845058920532
5388,0.16064628689983873
5389,0.16196400121045443
5390,0.1628446351806317
5391,0.1599140376655303
5392,0.16261828234351466
5393,0.16285688691963324
5394,0.16083884426551134
5395,0.1659154884437822
5396,0.1679290063273497
5397,0.1647433336715535
5398,0.16268752121282587
5399,0.16292636651773496
5400,0.1633885457830665
5401,0.1597968678901751
5402,0.1658203722045113
5403,0.16119250765203944
5404,0.16444026005588636
5405,0.1669333437531765
5406,0.16495166922546703
5407,0.1656072189096655
5408,0.16474398809650662
5409,0.15911607499748667
5410,0.16683524139063718
5411,0.16697858735759497
5412,0.1623038816136084
5413,0.1596935667516803
5414,0.16777662059286652
5415,0.16321809533513207
5416,0.15927529189001083
5417,0.16395133968887335
5418,0.15877166291589592
5419,0.16131956815695328
5420,0.16304859281549333
5421,0.16094462918162647
5422,0.16496166848457908
5423,0.16420162118967702
5424,0.15938075954975317
5425,0.16194480802999703
5426,0.1594724699046723
5427,0.16200205155663153
5428,0.1632262224882199
5429,0.16147986701247716
5430,0.16585962266746268
5431,0.16338018715145333
5432,0.16065960216190994
5433,0.16069089282525933
5434,0.16200610388699133
5435,0.16772037941197177
5436,0.15770808937150302
5437,0.16137268178906705
5438,0.1620023279314599
5439,0.16188331017189345
5440,0.16281730659440008
5441,0.16402118306817065
5442,0.16647042641765528
5443,0.1592885157395029
5444,0.16972930236372116
5445,0.16572684878028746
5446,0.16756234361126696
5447,0.16115219309265216
5448,0.16595153808198337
5449,0.1604369921440087
5450,0.16162145816448525
5451,0.16301033189540087
5452,0.16529505223210067
5453,0.16126061881611464
5454,0.15905112231398918
5455,0.1581816883977123
5456,0.16857161266220091
5457,0.15853892119958737
5458,0.1654089414101852
5459,0.16363369135183617
5460,0.15988233114577022
5461,0.16567446301963298
5462,0.16343844482720324
5463,0.16358032768700978
5464,0.162991030986764
5465,0.16634162813454975
5466,0.16384695190993526
5467,0.16413232399327335
5468,0.1650298073496411
5469,0.161904299538343
5470,0.161124768748438
5471,0.15738266728728684
5472,0.1603227922381091
5473,0.1708002071032559
5474,0.16122043257517904
5475,0.16395069992145428
5476,0.16165665847253766
5477,0.16123664782198058
5478,0.16140285462150442
5479,0.16439382978392428
5480,0.16175444657897423
5481,0.16399139841456714
5482,0.15936890021837744
5483,0.15995353858555517
5484,0.16199077953573765
5485,0.15973142906085086
5486,0.161340524808043
5487,0.16343071577195614
5488,0.16591076243096653
5489,0.1643787263501846
5490,0.16029657256587418
5491,0.16135942392156227
5492,0.1649240322263831
5493,0.16714794091143856
5494,0.16377229872276197
5495,0.16282810761149788
5496,0.16643938336670883
5497,0.16082154935766713
5498,0.16236073087307804
5499,0.16379099625397464
5500,0.16821617085200752
5501,0.15850973737749335
5502,0.1621071477407943
5503,0.16090343906678445
5504,0.162446608090094
5505,0.16380832648225432
5506,0.16511454835511233
5507,0.16517519679531675
5508,0.16415471260091904
5509,0.1651044213063435
5510,0.1659807675213176
5511,0.16048007468960462
5512,0.1621930708662634
5513,0.1678051648355869
5514,0.16669569401074924
5515,0.1668217669306479
5516,0.1583965862889842
5517,0.16486877606954967
5518,0.16170416499046833
5519,0.15883749743640893
5520,0.16021195936559257
5521,0.15919614212286418
5522,0.1673032596568809
5523,0.16434183099784588
5524,0.16363850620322956
5525,0.16702891647625906
5526,0.16431489629031001
5527,0.1597783054846136
5528,0.15879708146837276
5529,0.16485398680922606
5530,0.16234738098496146
5531,0.16666018861623222
5532,0.16772865816795474
5533,0.16638138676178016
5534,0.16512315084316603
5535,0.16585200046807194
5536,0.1601835172128572
5537,0.16403641036300257
5538,0.160110442570323
5539,0.1577489323766742
5540,0.16382049033447504
5541,0.16339209497696738
5542,0.164090707430292
5543,0.15764479660938474
5544,0.1616889420335056
5545,0.161582116542712
5546,0.16274866788275946
5547,0.15900818785620363
5548,0.16113163953925566
5549,0.16332576033421464
5550,0.16026650229883843
5551,0.16301829371942697
5552,0.16343442787457205
5553,0.16476006036937943
5554,0.16106731839581775
5555,0.15861175102595085
5556,0.15984245479163822
5557,0.1676982853760728
5558,0.1639041389760098
5559,0.16168454197568613
5560,0.16110161521200086
5561,0.1580343852489213
5562,0.16351677935589873
5563,0.16485902735484534
5564,0.16195721690333764
5565,0.16110609179001625
5566,0.15686711080579385
5567,0.16126380987328195
5568,0.16140306457732212
5569,0.15851920938006672
5570,0.16162727980155447
5571,0.16382471226160872
5572,0.16177780595740945
5573,0.165425860757472
5574,0.16566931253616268
5575,0.15918923763968962
5576,0.16195881851421948
5577,0.1630125247641705
5578,0.16201125761886181
5579,0.1618029364975841
5580,0.1629198328546393
5581,0.16348968724399865
5582,0.16404706460972587
5583,0.1625613842346295
5584,0.16564884931674734
5585,0.16516683908955623
5586,0.1602418113502975
5587,0.16299224738217258
5588,0.16111226836490636
5589,0.1604812054643689
5590,0.16161861734631558
5591,0.16592055182495874
5592,0.16332897268379504
5593,0.16100251170785854
5594,0.15877297923646166
5595,0.16232312587494382
5596,0.15898208477840972
5597,0.16668267595298397
5598,0.16279664792044932
5599,0.15811727333008865
5600,0.1635546439887875
5601,0.16481092588264792
5602,0.16274945557716405
5603,0.1630432878595708
5604,0.16591291657587895
5605,0.15682573871821662
5606,0.16313023937966412
5607,0.1647056947090483
5608,0.15892884070342425
5609,0.16081236860891732
5610,0.16115387979700388
5611,0.16003448049438168
5612,0.15978599320774245
5613,0.1632568762065451
5614,0.1640991360247904
5615,0.15774352326181726
5616,0.15555884039006873
5617,0.16455297259296575
5618,0.1617050041917656
5619,0.16651028201497287
5620,0.16688328539576366
5621,0.16880086051847248
5622,0.16235918231598434
5623,0.16198373138068936
5624,0.16196555129232937
5625,0.15833314117912814
5626,0.1656511018067536
5627,0.15874712459738277
5628,0.1641851128339176
5629,0.16521411371409317
5630,0.1625258672611989
5631,0.15933827458342786
5632,0.16375583645080646
5633,0.16622579075316557
5634,0.16329425200511255
5635,0.1624910417213761
5636,0.16222689396392243
5637,0.1680238443573579
5638,0.15775679488569813
5639,0.16723248417585534
5640,0.1632023232753111
5641,0.16654571353899886
5642,0.15620168611911994
5643,0.16567079028170087
5644,0.16802718119413146
5645,0.16424330911459184
5646,0.16095791435629564
5647,0.161318511406221
5648,0.16131859027695072
5649,0.16105652933649903
5650,0.15979602501105386
5651,0.16611553459299255
5652,0.16068253722829345
5653,0.16369011579670847
5654,0.1648538164687303
5655,0.16153546718257925
5656,0.16248114687345291
5657,0.16573907120333572
5658,0.16241795873341738
5659,0.16379412686942804
5660,0.16243054224826387
5661,0.1619309490339652
5662,0.161065713384535
5663,0.16220248661997713
5664,0.16305421038073786
5665,0.16170850041529922
5666,0.1626641204931594
5667,0.15894633127339258
5668,0.16382446400844225
5669,0.16478570627701253
5670,0.1635436443391488
5671,0.1665590472673946
5672,0.15926055545920073
5673,0.16262149190810696
5674,0.16467314671303276
5675,0.1623831409809882
5676,0.16237362054056476
5677,0.1622474638115189
5678,0.16757106964044763
5679,0.16293637941334438
5680,0.1616326018215463
5681,0.16069064440428305
5682,0.1580806903204987
5683,0.16312484171721414
5684,0.1573101853113822
5685,0.16178274739056858
5686,0.16276453253248743
5687,0.16633197415898607
5688,0.16233780205526982
5689,0.16017713254629165
5690,0.16401430452072444
5691,0.1644094000509085
5692,0.1614149096508209
5693,0.16027111228701726
5694,0.16160712988065967
5695,0.16455306099048708
5696,0.16036429290430418
5697,0.16291203892326334
5698,0.1616262630545058
5699,0.1630715145329438
5700,0.16478061282469403
5701,0.16315100360317164
5702,0.16091798793400924
5703,0.16394829506133476
5704,0.16366307146334041
5705,0.16439692011301948
5706,0.1612955615657343
5707,0.15975924081333776
5708,0.161104521286176
5709,0.1603099649529689
5710,0.1662627854712504
5711,0.16241867672864568
5712,0.16734698787618862
5713,0.1619208030399353
5714,0.1631413332808543
5715,0.1613534785451783
5716,0.16318940446866975
5717,0.1661031450208598
5718,0.15973761428590363
5719,0.15808362712726814
5720,0.16487447777526396
5721,0.16230645731937202
5722,0.16228908575232653
5723,0.1597273924447781
5724,0.1603837269302633
5725,0.1676638823275638
5726,0.15790933996497877
5727,0.16074685024872296
5728,0.16093426936372235
5729,0.160321981064115
5730,0.16311895174473495
5731,0.15682920426112432
5732,0.1631388697958297
5733,0.15945365106422496
5734,0.1605597054342274
5735,0.1649694455120787
5736,0.16407039165679532
5737,0.16421967150102518
5738,0.16516596046916804
5739,0.16240487035394205
5740,0.16424378424481176
5741,0.16389994546214054
5742,0.15904624946358145
5743,0.16041236407437845
5744,0.16391150363403229
5745,0.161135078470073
5746,0.1644309802799329
5747,0.1626888993305859
5748,0.16477619869432403
5749,0.1603642244739696
5750,0.15775528097586555
5751,0.16236645816268291
5752,0.1633339501048918
5753,0.16461033105738732
5754,0.16084284969962923
5755,0.16086690174986695
5756,0.16152852606169482
5757,0.1618519372727555
5758,0.15923185657627376
5759,0.1650382217628862
5760,0.16450945879849063
5761,0.16166045986453334
5762,0.1609151417816974
5763,0.16236914442795258
5764,0.16438429368135418
5765,0.16597641907822444
5766,0.16423045832531757
5767,0.1623655449723809
5768,0.16330656483913614
5769,0.16092752832948212
5770,0.15971283301742295
5771,0.16163700019583674
5772,0.16106035405846866
5773,0.1642572668993991
5774,0.16048525754326343
5775,0.1601864398594808
5776,0.16354269164800272
5777,0.16071091293330084
5778,0.1697241083972418
5779,0.16009360045042048
5780,0.16026059386879069
5781,0.16346054315944256
5782,0.163999443768019
5783,0.16209999701348993
5784,0.16552948394144956
5785,0.16253113612491213
5786,0.16561726809695654
5787,0.1614255645750984
5788,0.15776002749517765
5789,0.16708897873525788
5790,0.16667671691742209
5791,0.15959122334457024
5792,0.16369362260435244
5793,0.16258257937033074
5794,0.16317943976546115
5795,0.1577273144591393
5796,0.16573088372474246
5797,0.1627345306276543
5798,0.1631223024884607
5799,0.15867773522082856
5800,0.15908593815628289
5801,0.1630667957034003
5802,0.16006243444177157
5803,0.16334544704722276
5804,0.16298158282580982
5805,0.16811895900980203
5806,0.16146473540795028
5807,0.1696457018936005
5808,0.15843657609352216
5809,0.1588234926168327
5810,0.1649545321683477
5811,0.16485129081338382
5812,0.1618927025315981
5813,0.16229060249246732
5814,0.16037328114926327
5815,0.16493651459965278
5816,0.1617625047231298
5817,0.15518717106660673
5818,0.1665000518300145
5819,0.15996929124412512
5820,0.15561537701106584
5821,0.1639131654752001
5822,0.16230600133799775
5823,0.16390720153593813
5824,0.16592314534199276
5825,0.16459571414095434
5826,0.15630700347298446
5827,0.16632820214853897
5828,0.1602241162633729
5829,0.161140316312228
5830,0.16687692825572073
5831,0.1666971871465953
5832,0.16380901776395496
5833,0.1693374749087601
5834,0.16135526603206182
5835,0.16395171430335378
5836,0.16225610496973025
5837,0.15946730291917136
5838,0.15920484745003685
5839,0.16162070700190678
5840,0.16538289544848483
5841,0.1613915255111867
5842,0.16177770399132077
5843,0.16336522902948383
5844,0.15814675170009945
5845,0.1616132887943935
5846,0.16151879644224015
5847,0.16095032405529214
5848,0.1637641173480542
5849,0.16092634461628091
5850,0.16496992754323042
5851,0.16509534145447854
5852,0.16143016513844943
5853,0.16158610593686237
5854,0.16315656306705828
5855,0.16095695592576517
5856,0.15998645983136145
5857,0.16660692823873072
5858,0.1624086438829529
5859,0.16429122091051804
5860,0.15851628218421035
5861,0.1584220364026385
5862,0.16809860260305237
5863,0.15756487063685717
5864,0.163033827340624
5865,0.1574354176509813
5866,0.16442106629390352
5867,0.1663986773056303
5868,0.1644559617580324
5869,0.16576095791572334
5870,0.16079336427512086
5871,0.16332663104864562
5872,0.16338832187668315
5873,0.16622182713380904
5874,0.161508896099404
5875,0.16191396603494784
5876,0.1583936107897114
5877,0.15736412880263753
5878,0.16510126223661875
5879,0.16395196837583717
5880,0.16478480735805207
5881,0.1628178220228034
5882,0.16504263726373236
5883,0.1650262734194325
5884,0.16469814079098238
5885,0.16220035559483847
5886,0.1635872106691157
5887,0.1632832459901007
5888,0.1653723667875745
5889,0.15928912245217253
5890,0.16445441481036646
5891,0.16658976503702522
5892,0.16757491234888724
5893,0.16001377097769606
5894,0.16129538017220027
5895,0.1603206392765366
5896,0.15900029638650498
5897,0.16118820727009908
5898,0.16031957985383388
5899,0.16211771943654013
5900,0.16611206975327658
5901,0.16766181213092277
5902,0.16069808698668667
5903,0.16431704799834132
5904,0.16130480166492148
5905,0.16140917891345297
5906,0.1605526990500979
5907,0.16422085260682556
5908,0.15938202747460772
5909,0.16080897315199086
5910,0.1658540446569935
5911,0.16103893939015998
5912,0.15964400290465872
5913,0.16007106297648205
5914,0.16504874744206743
5915,0.15876712040117727
5916,0.16159603134724226
5917,0.1653965715848778
5918,0.16027148782867728
5919,0.16137061724507948
5920,0.16554054465316195
5921,0.16677455112258102
5922,0.1643998349292145
5923,0.16074367162074554
5924,0.15917993729800117
5925,0.1604241676639958
5926,0.16580024062042667
5927,0.16389948324831446
5928,0.16509226311241862
5929,0.16206748196475063
5930,0.16022327970098924
5931,0.1614520291918998
5932,0.161446992840732
5933,0.16450042743393092
5934,0.1663434683213321
5935,0.16493579777645198
5936,0.16192553352095695
5937,0.16311582672177752
5938,0.15819482013538044
5939,0.15987224874023423
5940,0.15929254370062026
5941,0.16176481373202728
5942,0.16611053341874005
5943,0.1618465740250244
5944,0.16070785897943415
5945,0.1591112989125461
5946,0.16348508183717964
5947,0.1628095460719386
5948,0.16619539859764815
5949,0.1621579634097896
5950,0.1680329535021438
5951,0.15960083138303696
5952,0.16375296946994453
5953,0.1626400643900412
5954,0.15490257071767216
5955,0.16796420350520208
5956,0.16634031803547059
5957,0.16167236463803555
5958,0.16879738494013474
5959,0.1568895558569335
5960,0.15927993507424063
5961,0.16324313876667748
5962,0.1638086258452115
5963,0.15951232126254533
5964,0.1653212797403439
5965,0.15933933393279426
5966,0.16168587534595477
5967,0.16573596721382008
5968,0.15864044047257422
5969,0.1602052247202747
5970,0.16302515059936348
5971,0.16843904566866022
5972,0.16644954376415452
5973,0.16595177947049142
5974,0.1631814260128187
5975,0.1649655868233277
5976,0.1620456258686665
5977,0.16206473052288511
5978,0.16347453270214773
5979,0.16703912655749817
5980,0.16185955572168492
5981,0.1653699134665107
5982,0.16231737383382402
5983,0.16243742132024766
5984,0.16569824645086803
5985,0.16030340959182562
5986,0.1669595644250178
5987,0.1661505685670845
5988,0.16149599937205839
5989,0.15957834359056458
5990,0.16203736793452053
5991,0.16643841954695612
5992,0.16511026668552342
5993,0.16439416608087812
5994,0.16536823649657129
5995,0.16520099249513504
5996,0.16423100144256728
5997,0.16220719186583735
5998,0.16280522394610128
5999,0.16105415842446308
6000,0.1661037537564017
6001,0.16154019675836492
6002,0.15822003796795325
6003,0.16371844599249377
6004,0.1624877392193661
6005,0.16308385114004414
6006,0.16113130140597803
6007,0.17033325957259454
6008,0.15673135882373834
6009,0.1642851588784313
6010,0.15808601369031416
6011,0.1601944974136025
6012,0.15930712703570238
6013,0.16392550939059367
6014,0.16191740594060916
6015,0.16242612306636633
6016,0.16094719721953474
6017,0.1674664882284899
6018,0.16343493111735075
6019,0.15857324353130026
6020,0.1598771815966918
6021,0.16469197513235986
6022,0.1698167756261983
6023,0.16284890430002694
6024,0.15992372576912806
6025,0.16185269051786147
6026,0.1572570836345257
6027,0.160052098993254
6028,0.16522492368573888
6029,0.16509908729071732
6030,0.1568030997174297
6031,0.16529341213760934
6032,0.16356762575756986
6033,0.16039009289424683
6034,0.16339594762183482
6035,0.1648258470053093
6036,0.1603109947477323
6037,0.16569162785692826
6038,0.16669892116630927
6039,0.16310724720866673
6040,0.16382579631081232
6041,0.16713278711192855
6042,0.1600875101171921
6043,0.15796930867397957
6044,0.16386945453820767
6045,0.16269305717892857
6046,0.16269033858343768
6047,0.1564777773341826
6048,0.1620514065900234
6049,0.16685877030378485
6050,0.1668575071537067
6051,0.16405918918824405
6052,0.160843552941265
6053,0.1665721949265893
6054,0.1681425055575894
6055,0.159356807176596
6056,0.16252804842664526
6057,0.1631724790818096
6058,0.15889621451877306
6059,0.16315970897120105
6060,0.16439176893197385
6061,0.159921045570514
6062,0.15882383251532556
6063,0.16339438265158027
6064,0.16113907563607152
6065,0.15829722938501176
6066,0.1578339872918457
6067,0.1680501741412252
6068,0.16397576460905094
6069,0.1621735438212805
6070,0.1589878370237316
6071,0.16578693639641967
6072,0.16314227205912513
6073,0.15791772348740057
6074,0.1616656040371268
6075,0.16193711444894454
6076,0.16443628807535185
6077,0.1593108725253614
6078,0.16417195089952138
6079,0.16349224236138718
6080,0.16249308688401554
6081,0.16504876751699665
6082,0.1604518586677917
6083,0.16209681299150333
6084,0.16503050722112422
6085,0.16466746747453742
6086,0.162502786855944
6087,0.15614137012536622
6088,0.16417613985563576
6089,0.15700454902509897
6090,0.16683392579776893
6091,0.16181615593405219
6092,0.1610906682009175
6093,0.16392343397607928
6094,0.1589890024536481
6095,0.1688795588404145
6096,0.16010648994496005
6097,0.15802227264326835
6098,0.16879161082092228
6099,0.1605374107133117
6100,0.15988468744152087
6101,0.16147653776330856
6102,0.161248981946289
6103,0.15951955637902532
6104,0.1645569966146879
6105,0.16715646075986
6106,0.16258050051288545
6107,0.15991637854756438
6108,0.1664584711795603
6109,0.16265627384483525
6110,0.160815370080788
6111,0.16554832991557572
6112,0.16465433675897018
6113,0.159856964188656
6114,0.16759035892537316
6115,0.1642814387739162
6116,0.16918750032246543
6117,0.16413645936184895
6118,0.16327770967216343
6119,0.15749336912247877
6120,0.16353273134343455
6121,0.16421814281231867
6122,0.1615858060031384
6123,0.15818930777306917
6124,0.15931094973032445
6125,0.16550875858902778
6126,0.16408807745345744
6127,0.16308907761651656
6128,0.16321697542259192
6129,0.16120129264997266
6130,0.1606696217525612
6131,0.1667080400379132
6132,0.16238383521235666
6133,0.1643211144668439
6134,0.16106339277674495
6135,0.1599820198028751
6136,0.16239550761856256
6137,0.16505414068274762
6138,0.15886862412220798
6139,0.16282694708886905
6140,0.1681765713970771
6141,0.16353898566138947
6142,0.1622561381417654
6143,0.16316987401208619
6144,0.16393328159783174
6145,0.16786707252523014
6146,0.16128234253708362
6147,0.16504433018432327
6148,0.16193381050388858
6149,0.16594417714279608
6150,0.16275785218713643
6151,0.16508712774634016
6152,0.1647340010055369
6153,0.16232306011713551
6154,0.16187024909654774
6155,0.16520163288128534
6156,0.16471025837933614
6157,0.16366852777846264
6158,0.16184144875888543
6159,0.16201530515686624
6160,0.165202619481446
6161,0.16124500148215587
6162,0.1621002123426114
6163,0.1593574833601575
6164,0.16363474687626253
6165,0.16211107223084018
6166,0.16216802108376005
6167,0.15601641241342748
6168,0.1671443839566558
6169,0.16388691220604917
6170,0.1571634828129983
6171,0.16153245613412023
6172,0.16191066607608423
6173,0.16282172451578988
6174,0.16472015359238018
6175,0.15886170960049412
6176,0.1658619457747211
6177,0.16257948696048374
6178,0.15970051796723167
6179,0.15934726748700664
6180,0.16061167903842924
6181,0.16390394310018155
6182,0.1582870405731691
6183,0.1659842945341408
6184,0.16413566602722596
6185,0.1627913331162484
6186,0.16220714089139213
6187,0.16203158729896233
6188,0.16699494021552466
6189,0.16038522375282716
6190,0.15744286542516656
6191,0.16153662252193438
6192,0.16381119233525948
6193,0.16469065888685083
6194,0.16389149934713823
6195,0.15896249487611153
6196,0.1589725473987481
6197,0.16652802337786635
6198,0.15941704959476957
6199,0.16346495572389316
6200,0.16188600261514366
6201,0.16035591575478705
6202,0.16144223867923554
6203,0.16727169079514734
6204,0.16306556772908615
6205,0.16123022394729045
6206,0.16350570249339236
6207,0.1594610838756588
6208,0.1628051016914225
6209,0.1652109114848532
6210,0.1608848116883065
6211,0.16124823767988963
6212,0.16406745070683854
6213,0.1616174015017393
6214,0.15951839351093297
6215,0.16060816476342468
6216,0.16111204977914745
6217,0.16379522234615118
6218,0.16379597261487627
6219,0.1657547952375009
6220,0.1635724533782172
6221,0.1570116015782372
6222,0.16467708158804922
6223,0.16100787783360596
6224,0.16520681686215144
6225,0.16458416620775945
6226,0.16350974089844722
6227,0.15954121363764415
6228,0.16284457691043572
6229,0.1578993957340817
6230,0.16812874094582334
6231,0.16211534637794245
6232,0.16101366833587627
6233,0.16446545747201183
6234,0.1609421439856211
6235,0.16141624893885959
6236,0.1596510523047035
6237,0.16227683674214882
6238,0.16333836666495252
6239,0.1564946785560823
6240,0.15997705127107417
6241,0.16461566524463597
6242,0.164024818989056
6243,0.16197238843582903
6244,0.16555278301717077
6245,0.1674379359335815
6246,0.1646887280003343
6247,0.16112659519415207
6248,0.16373423657911995
6249,0.1633131449073115
6250,0.16051592403712145
6251,0.16246778038477094
6252,0.1582652578089951
6253,0.16325257844015775
6254,0.16268673236811765
6255,0.16126952126934324
6256,0.15862013439141864
6257,0.16649186512236538
6258,0.16080011150422918
6259,0.16270068428788126
6260,0.15749395440481723
6261,0.16180357103653684
6262,0.1654059638295075
6263,0.16356663589883985
6264,0.16749799903115206
6265,0.1645048093460454
6266,0.1670864843749181
6267,0.16165127476026106
6268,0.16465441009663567
6269,0.15938527139983583
6270,0.16781740634676848
6271,0.16552658548977436
6272,0.16262273961182627
6273,0.1649701055364632
6274,0.161818031067409
6275,0.16442900889046302
6276,0.16571648836439698
6277,0.1651251634479158
6278,0.17133463650104555
6279,0.16527804422368328
6280,0.16169140909511448
6281,0.1628214542444232
6282,0.16771663983302332
6283,0.1667954319106086
6284,0.1632724764256588
6285,0.16199496302874059
6286,0.16697597075734893
6287,0.1590413194665701
6288,0.1662549022613474
6289,0.16561720486050605
6290,0.1562408346288686
6291,0.16368874978388012
6292,0.16349629341103053
6293,0.16458179851130628
6294,0.16481039409801032
6295,0.16452017081223322
6296,0.15993104565905372
6297,0.16093319591498514
6298,0.15840945580242755
6299,0.16410057064004913
6300,0.1632137128099966
6301,0.16461933344079116
6302,0.16320647754741138
6303,0.15919759212138954
6304,0.16616565908680136
6305,0.16255136249595709
6306,0.16471177056016784
6307,0.1648826906406618
6308,0.16007590734675348
6309,0.16347543529893982
6310,0.16175137371957002
6311,0.16009616362710888
6312,0.1671233532312339
6313,0.16286818370494355
6314,0.16353103924917503
6315,0.16170224449759454
6316,0.15992396436869918
6317,0.16693495459997726
6318,0.15820923887036256
6319,0.16115197637028203
6320,0.16211290563332822
6321,0.16240156464155117
6322,0.16531497707007262
6323,0.16424115707912737
6324,0.16462100996629025
6325,0.1641832069817632
6326,0.16135910235884598
6327,0.16143832143789455
6328,0.16375664179987123
6329,0.15896925634028083
6330,0.16533602712965792
6331,0.16016051357729275
6332,0.16576757904072065
6333,0.1634416728039347
6334,0.16055789682516275
6335,0.16178678320565523
6336,0.16601847408994544
6337,0.16343584756699794
6338,0.16298082169913067
6339,0.16740937925693183
6340,0.16207315498649963
6341,0.16173561703680703
6342,0.16580461724794776
6343,0.1640388637430952
6344,0.16071904251613248
6345,0.16364700541791982
6346,0.16514046235170637
6347,0.16512252121741602
6348,0.15907318878214183
6349,0.16118171661912553
6350,0.16777309755752493
6351,0.15966092364484671
6352,0.16484529778962115
6353,0.16088265857589154
6354,0.16505776967500527
6355,0.16500354503135325
6356,0.16547737686962666
6357,0.160844764576464
6358,0.16268450811653887
6359,0.15965609044808157
6360,0.15889418426726093
6361,0.16156684350805703
6362,0.16505315501633597
6363,0.16319938220383923
6364,0.15780709260449943
6365,0.16326075069661874
6366,0.1630470878349103
6367,0.1613980563338693
6368,0.1619666695860044
6369,0.15894190230749916
6370,0.16117949203973975
6371,0.16540050008771667
6372,0.1643981931347537
6373,0.16155530681133348
6374,0.16219500965492858
6375,0.16435421593858854
6376,0.15606958052405598
6377,0.1677583986664979
6378,0.16152338699511226
6379,0.1622730901060605
6380,0.1645035722781693
6381,0.1648764649620702
6382,0.16396729832607795
6383,0.16240818595416304
6384,0.16932821010970991
6385,0.16855700698085085
6386,0.1622494423331086
6387,0.16110058077701936
6388,0.1612613995674509
6389,0.16077155804404758
6390,0.16393851481077865
6391,0.16324490270220995
6392,0.1609378952944038
6393,0.16689051148759515
6394,0.157380077810777
6395,0.16052244952922234
6396,0.16536892117599114
6397,0.1603871567343619
6398,0.16108703408704694
6399,0.1651222962529612
6400,0.16524268434267791
6401,0.16246801168540123
6402,0.16353560204005552
6403,0.16173662845778428
6404,0.1689121527550288
6405,0.1581012178071942
6406,0.16569605571979334
6407,0.160388829224541
6408,0.16691549184668253
6409,0.1616360080161002
6410,0.16585405322438207
6411,0.16174998720058636
6412,0.16197720718250175
6413,0.15921125866067665
6414,0.16408161393151593
6415,0.1613491316553859
6416,0.1635820579192079
6417,0.163107939759381
6418,0.16324640416811897
6419,0.16351480305979446
6420,0.15939487428019947
6421,0.16253697819698545
6422,0.16470489468426708
6423,0.1614009368543646
6424,0.16480302860168802
6425,0.1621532542958309
6426,0.15993752270125736
6427,0.1611521260882294
6428,0.16544096676291958
6429,0.16408118148533707
6430,0.16075497215740261
6431,0.1645973006624612
6432,0.15919013642331753
6433,0.1564223857670051
6434,0.15893070508424417
6435,0.16452209886846275
6436,0.16133083372579013
6437,0.15992230768893176
6438,0.16215621906973302
6439,0.1697504405497841
6440,0.16567090350458236
6441,0.15620800488867553
6442,0.1657706919506642
6443,0.16379751078821922
6444,0.15979947082903379
6445,0.16622288144863462
6446,0.16268585710322808
6447,0.16635821986084326
6448,0.16102288690957342
6449,0.16065904221768704
6450,0.16545107674001813
6451,0.16433940171865968
6452,0.16359468342672534
6453,0.16039716184924435
6454,0.15645091105216646
6455,0.162560170764981
6456,0.16006355937469363
6457,0.1607775149343765
6458,0.16838644280316736
6459,0.1598178816147757
6460,0.1615670474673952
6461,0.1644047163291023
6462,0.1632467657782983
6463,0.15950106538466033
6464,0.1568719287808417
6465,0.16193871067745688
6466,0.1627594059265308
6467,0.1583824119745247
6468,0.1585468616932796
6469,0.1576371261029696
6470,0.16589252536934054
6471,0.1631178057531999
6472,0.16294495306662343
6473,0.16099428999759682
6474,0.15912906117900696
6475,0.161424716256982
6476,0.164216617015723
6477,0.16330990982667246
6478,0.1632914681608011
6479,0.1595177616694667
6480,0.16248117505712975
6481,0.16553526186707548
6482,0.16309027812868865
6483,0.16585984312113053
6484,0.1635450562753917
6485,0.16566749002697287
6486,0.15843100649975064
6487,0.16576560562188444
6488,0.16372710094668183
6489,0.15949700982348253
6490,0.16566557024813294
6491,0.16439073301202467
6492,0.15255491633236024
6493,0.16647673840385044
6494,0.15707067439373773
6495,0.16066403656379152
6496,0.1628491133604601
6497,0.163928137579748
6498,0.1597431014563978
6499,0.15838085682916161
6500,0.16349761026549794
6501,0.16068030057484167
6502,0.1568341508449539
6503,0.1589746954918597
6504,0.1620963702789505
6505,0.1624154224330584
6506,0.16030580573394343
6507,0.16089910044221709
6508,0.16455518794787907
6509,0.16367334715690926
6510,0.15874055713502006
6511,0.16541483970594395
6512,0.16667326420314546
6513,0.15897932611182924
6514,0.16084674597948861
6515,0.1639209510168609
6516,0.16565460825591413
6517,0.1658045842301663
6518,0.16400088773343244
6519,0.16448316234056726
6520,0.1638198979898712
6521,0.1664166294428231
6522,0.15934966037411455
6523,0.169507365300841
6524,0.16216578628231224
6525,0.16048547290231488
6526,0.16270007960234956
6527,0.16363624240827407
6528,0.16424917172583783
6529,0.16923014734226405
6530,0.16305247163069078
6531,0.16432660036277932
6532,0.1614335091018442
6533,0.16348184077090708
6534,0.1654558230601259
6535,0.15662565878998927
6536,0.15947417838418032
6537,0.15872571762015097
6538,0.1628931435866822
6539,0.16380137416835502
6540,0.16389893154716334
6541,0.15403902706493391
6542,0.1562109882555217
6543,0.16438757348463284
6544,0.15929297576501522
6545,0.15994912908016937
6546,0.1629768137976679
6547,0.16395962075212708
6548,0.15356561293042167
6549,0.16166044074612412
6550,0.1604597840693165
6551,0.1639460099598014
6552,0.1635415667836459
6553,0.1602259112551467
6554,0.16227049740429614
6555,0.15876203958438911
6556,0.16149690098505823
6557,0.16063360511164393
6558,0.15848187835124528
6559,0.1608461537000873
6560,0.1601462254630432
6561,0.16485131605277994
6562,0.16642738536727708
6563,0.1633677412381521
6564,0.1661225791015988
6565,0.1571901266096185
6566,0.1666716529178509
6567,0.15818628537983156
6568,0.16504718084145245
6569,0.1607153591538625
6570,0.16039854115703786
6571,0.160990025920519
6572,0.15995208119374116
6573,0.16564403146184456
6574,0.15669164671020777
6575,0.16283642116802077
6576,0.16520100301143548
6577,0.15767718680082596
6578,0.15841329489748457
6579,0.1596765330010237
6580,0.16503933247127897
6581,0.15858511676635043
6582,0.16174107990463235
6583,0.1659154195832847
6584,0.16212482568584588
6585,0.165578846376453
6586,0.16355957331952375
6587,0.16611501783994947
6588,0.15921003636874934
6589,0.16396551168253043
6590,0.1666474223503149
6591,0.16593913432273952
6592,0.1629323759386157
6593,0.16661883247247736
6594,0.16134724816865162
6595,0.1588151853004678
6596,0.1656053669370321
6597,0.16533651472855002
6598,0.16271495092153065
6599,0.1622950204736054
6600,0.16134941724723206
6601,0.16523254008090407
6602,0.16563403281072775
6603,0.1607890982208221
6604,0.16229820836598163
6605,0.16838044745983607
6606,0.158009224952977
6607,0.15632650751835456
6608,0.16862088275826626
6609,0.1587201613541095
6610,0.16040084010733957
6611,0.16556917049004022
6612,0.1652359154595819
6613,0.160105980386905
6614,0.1628335067235985
6615,0.16255451634305562
6616,0.16379017161298962
6617,0.16251456570487613
6618,0.1618521607349295
6619,0.15792685679158258
6620,0.1648141828130851
6621,0.16195268583920538
6622,0.16102864479230278
6623,0.16762510990266782
6624,0.16103960002281084
6625,0.16181335894088603
6626,0.1598422074019849
6627,0.16133761407747904
6628,0.162627465120713
6629,0.16159128616432825
6630,0.161221568566914
6631,0.16814168963201653
6632,0.16045190820383815
6633,0.16149008842193116
6634,0.15657869474906683
6635,0.1667024840609617
6636,0.1593363000161315
6637,0.16130478799925738
6638,0.1649868503181529
6639,0.15605312144750408
6640,0.16392946496449784
6641,0.16351162529480295
6642,0.15822673879759927
6643,0.1619176560618025
6644,0.16047087055118817
6645,0.16171618914915642
6646,0.16032948442613726
6647,0.1625495303148239
6648,0.16746262374914803
6649,0.16374375064826255
6650,0.16127644896133536
6651,0.16379419122610417
6652,0.154135045414054
6653,0.15809047814630842
6654,0.1614071932490555
6655,0.16197753670208428
6656,0.16335345263819787
6657,0.1606441875349502
6658,0.1609419016159058
6659,0.16238666656491957
6660,0.1633567610461153
6661,0.15882015085944973
6662,0.15929111400967527
6663,0.16478739507735662
6664,0.16392734754305294
6665,0.16436462510489336
6666,0.1603778029430349
6667,0.15729550578338972
6668,0.16443902012775216
6669,0.1624016317475974
6670,0.16364895371526447
6671,0.16414218971868924
6672,0.16023513637358314
6673,0.16680327582943485
6674,0.1640614369660937
6675,0.16374171956673422
6676,0.16655914462553076
6677,0.16392094262864237
6678,0.16316059287111315
6679,0.16385964236382805
6680,0.15771648459723916
6681,0.15788450100537402
6682,0.15944758984205737
6683,0.16101759562085602
6684,0.16164249645553308
6685,0.16663396220186658
6686,0.16116652005924836
6687,0.15824935404869156
6688,0.1621892372457735
6689,0.16003028850307294
6690,0.16560885743183892
6691,0.1610839089967461
6692,0.16075523261809851
6693,0.16426569989849488
6694,0.16287704722350238
6695,0.16293117713893834
6696,0.15848893942157893
6697,0.16269795396771494
6698,0.15987874573409055
6699,0.16153844271516699
6700,0.16256099910067087
6701,0.16220916026481097
6702,0.16365255861338626
6703,0.1630563186308165
6704,0.15798187801502608
6705,0.1597308949524572
6706,0.15948124717652182
6707,0.1616319810210977
6708,0.16564273557858555
6709,0.15785015436028924
6710,0.16312428227416786
6711,0.16363172024371858
6712,0.1620406785642926
6713,0.1614566981967136
6714,0.16478788525950877
6715,0.1660070189827417
6716,0.1597394048252149
6717,0.15983035946069946
6718,0.15749860315426242
6719,0.1682784658937528
6720,0.15936025920783656
6721,0.16524859430411978
6722,0.1618867678850895
6723,0.1638607557541982
6724,0.1646179808950966
6725,0.16101808683919724
6726,0.16225077673789295
6727,0.15792867173625152
6728,0.16346790080092494
6729,0.16042920961121349
6730,0.1657317940162494
6731,0.16215668195943683
6732,0.1663867663322052
6733,0.1632475462061589
6734,0.1626294309020134
6735,0.1624409822601932
6736,0.159264526727231
6737,0.16122480739120912
6738,0.16132868990969929
6739,0.16533195882280147
6740,0.16164617371756201
6741,0.16482100905167207
6742,0.16073392075084916
6743,0.16171271061166687
6744,0.16467624077835608
6745,0.15858258885594667
6746,0.16959478237727982
6747,0.16146265168975285
6748,0.1680177206242767
6749,0.16428867046584597
6750,0.16642103781072468
6751,0.1591853180448077
6752,0.16689754745984722
6753,0.1643586326535793
6754,0.16314280940548154
6755,0.16161901522877103
6756,0.1662025934515031
6757,0.16565479033353234
6758,0.16553713606102272
6759,0.16430458159332612
6760,0.15770870608261997
6761,0.1604834852926583
6762,0.16313451188394987
6763,0.1689850497539198
6764,0.16243092749128568
6765,0.16717665829647108
6766,0.16163544430109886
6767,0.16155444520707957
6768,0.1672696751294266
6769,0.16183748605417123
6770,0.16199281489060804
6771,0.16827066904516058
6772,0.1608001682648132
6773,0.16204481234264284
6774,0.16797074015175312
6775,0.16351120821834778
6776,0.16275964573306242
6777,0.16223402425466743
6778,0.16090332863357068
6779,0.16350914046610152
6780,0.16150983945686845
6781,0.1603240096173377
6782,0.1569526573248625
6783,0.16167394548385391
6784,0.1610660175933828
6785,0.1660436909185484
6786,0.1618778445142465
6787,0.16142006243074827
6788,0.16241321655015944
6789,0.16614651163042987
6790,0.16298230831862145
6791,0.16306458031776724
6792,0.15975725024483386
6793,0.16359935959416358
6794,0.1623123119272032
6795,0.1639184345266776
6796,0.1656908450053173
6797,0.1657207160887931
6798,0.16092407819876411
6799,0.16126449115106598
6800,0.15724941641005438
6801,0.16243472958033028
6802,0.16182169299034754
6803,0.1620652327176617
6804,0.16392949936933868
6805,0.16491630924934889
6806,0.1604838562325616
6807,0.16196845368070514
6808,0.15749745871577311
6809,0.1659622007582113
6810,0.15963502173439756
6811,0.16386140242354275
6812,0.1602262153172979
6813,0.16019917028496555
6814,0.16252931958223124
6815,0.16396930726699002
6816,0.1620659901566424
6817,0.16125518261132324
6818,0.16403122961014463
6819,0.16406610133296595
6820,0.16053895914756589
6821,0.1648366723477285
6822,0.16566798915983647
6823,0.16024795470350606
6824,0.16089694665819806
6825,0.16079014585799545
6826,0.15857556741943143
6827,0.15845856363252028
6828,0.16140791862407827
6829,0.15973810503284322
6830,0.16571468097938064
6831,0.16003179903565415
6832,0.16482710933329572
6833,0.1655026239027196
6834,0.16634354117276728
6835,0.16219307674326458
6836,0.15685888955625998
6837,0.1605399491534597
6838,0.16456915384556164
6839,0.1616925741983281
6840,0.16179114582220822
6841,0.1678622046721908
6842,0.16396201797528107
6843,0.1568164034110516
6844,0.16684746669759437
6845,0.16021963046568913
6846,0.16321193399615952
6847,0.1630534475456001
6848,0.16338835192935527
6849,0.16222503141976308
6850,0.16097950268643188
6851,0.15913127344238262
6852,0.16135421996780108
6853,0.16285516329763566
6854,0.16315409882811038
6855,0.16144082080244412
6856,0.15957525825063545
6857,0.16169451867948703
6858,0.16046184474403244
6859,0.16630939994594213
6860,0.16207925968495643
6861,0.16440585085887333
6862,0.16239332393937328
6863,0.16223640540160422
6864,0.16335541379106702
6865,0.16086119605442561
6866,0.16602479085326938
6867,0.16955605676450397
6868,0.16376622559945808
6869,0.1648610875896944
6870,0.16283024926396528
6871,0.16357090221855464
6872,0.16479921393037872
6873,0.156682021714867
6874,0.16209725701632757
6875,0.16284707510629204
6876,0.16413575671350825
6877,0.16008809396507703
6878,0.16103470524516883
6879,0.1603496125366411
6880,0.164782419114742
6881,0.1683129454266454
6882,0.16323773544649334
6883,0.16702219438427585
6884,0.1634667833618641
6885,0.16898186495340178
6886,0.1692164499817607
6887,0.16010016608356153
6888,0.16268001557070405
6889,0.16501862287126387
6890,0.16042119861724374
6891,0.16048122130465758
6892,0.16127940772383356
6893,0.16134935266903014
6894,0.16168111011601818
6895,0.16100944269264905
6896,0.16378519910900555
6897,0.16115618177129817
6898,0.16143717371283375
6899,0.16065387808174175
6900,0.1607791360458935
6901,0.1581002965536311
6902,0.16169800506762494
6903,0.16403899523727936
6904,0.16478328471815615
6905,0.16472455197203328
6906,0.1617860274560525
6907,0.16169607799972058
6908,0.16233823813113296
6909,0.16536265068867168
6910,0.16113846175454347
6911,0.16210230362255446
6912,0.16054362056539634
6913,0.16393573905030207
6914,0.16287999899669395
6915,0.16211313212268014
6916,0.15830325247398028
6917,0.16097329961109316
6918,0.1618250584085918
6919,0.16182481375567426
6920,0.1656123543635335
6921,0.15957639283584601
6922,0.1605888821359995
6923,0.1575384896520566
6924,0.1574127897329356
6925,0.1670951397892589
6926,0.1595532848039869
6927,0.1635532340378223
6928,0.16703909704297382
6929,0.16314576065391467
6930,0.16274090396394636
6931,0.16254284959441925
6932,0.15956332598737144
6933,0.16404530743498952
6934,0.16522753406640373
6935,0.15626935092591845
6936,0.16133159189713045
6937,0.16530224612410016
6938,0.16012600989467046
6939,0.15674576167908424
6940,0.16170355714682016
6941,0.16286218279947592
6942,0.15860986359525633
6943,0.1661042993143515
6944,0.16590863358426708
6945,0.15860395466312818
6946,0.160197125042234
6947,0.16507412954077386
6948,0.16574417499987223
6949,0.1652232296670991
6950,0.16048147090559411
6951,0.16595992346860222
6952,0.16162742824811177
6953,0.16594041902164558
6954,0.16508981866564515
6955,0.16201081267556652
6956,0.16012765968107004
6957,0.16046089439506414
6958,0.15652135123035327
6959,0.16096945110787186
6960,0.16125826700294635
6961,0.16423683817187493
6962,0.16098716774408459
6963,0.16261851803436067
6964,0.16296266786845187
6965,0.16054248626429332
6966,0.1599342965161891
6967,0.1627167586710584
6968,0.15994959020172753
6969,0.17047228802564096
6970,0.16212322393663622
6971,0.1635189541120175
6972,0.15784762366950505
6973,0.16798727576117428
6974,0.16212575560437245
6975,0.1597475250715339
6976,0.1568869243241874
6977,0.16598367270971265
6978,0.16188179122126578
6979,0.1635267110475686
6980,0.16224599497256156
6981,0.16243397669767723
6982,0.1587028928764936
6983,0.1637840431629813
6984,0.16306263457263698
6985,0.16442850614147525
6986,0.15866016368226832
6987,0.1665875897313129
6988,0.16616856146048148
6989,0.1623141872968882
6990,0.1645075164036387
6991,0.16662828180961317
6992,0.16376156722797458
6993,0.16087388446599798
6994,0.16412226593273654
6995,0.1638625972207882
6996,0.16428388261482027
6997,0.16293241460434651
6998,0.15714031049300026
6999,0.15944685853771126
7000,0.161306856573426
7001,0.16216506903204753
7002,0.1636551959619522
7003,0.16217544222505054
7004,0.1645364596783371
7005,0.15961106864365462
7006,0.1627681640371424
7007,0.16640896963400081
7008,0.16261827397146525
7009,0.16434416149716854
7010,0.16503957347943266
7011,0.15747224432436105
7012,0.1587039608880115
7013,0.1581638428282529
7014,0.16310778510977939
7015,0.16615993636642198
7016,0.16343493513702753
7017,0.15976484069493962
7018,0.16606782874507575
7019,0.16254705263939556
7020,0.1643686341421333
7021,0.16075121790249192
7022,0.16382858891768695
7023,0.16531723765994766
7024,0.16513216620909332
7025,0.16471940422374418
7026,0.162305364862992
7027,0.16251616089956697
7028,0.16263593094966225
7029,0.16754630530491024
7030,0.16602015190100652
7031,0.1584605710102306
7032,0.16685492311180997
7033,0.1631470696810093
7034,0.159609476739639
7035,0.15853075463669375
7036,0.16639112013670013
7037,0.16315118665231376
7038,0.16505508520790918
7039,0.16023817439995588
7040,0.1665573402090355
7041,0.16644791612958357
7042,0.1641189001185592
7043,0.15910033293646358
7044,0.16051491905081913
7045,0.16341453576178283
7046,0.1670003281474071
7047,0.16739422199556245
7048,0.16472462552081912
7049,0.16814965336873847
7050,0.1653527127561
7051,0.16151236161693058
7052,0.16399088078939209
7053,0.16491832478332216
7054,0.16559969210490852
7055,0.1622249409466826
7056,0.1620119351042721
7057,0.16353201130871328
7058,0.15994981500080702
7059,0.1622839125354985
7060,0.16560412666132568
7061,0.16162180394678313
7062,0.1644664801170617
7063,0.16376411907395613
7064,0.16114726424134654
7065,0.1594907957457413
7066,0.16845950408255425
7067,0.16202463446707513
7068,0.1582472016817769
7069,0.15938263835136626
7070,0.16579315335598957
7071,0.16014756924825105
7072,0.16474388616956326
7073,0.16626648950582548
7074,0.16645092950649976
7075,0.1634848066284709
7076,0.1603357503526287
7077,0.16178371097157848
7078,0.16523486636975748
7079,0.16060058876667765
7080,0.16123306353463526
7081,0.16421703535115512
7082,0.1619535324129091
7083,0.16482089762579105
7084,0.16380615814966595
7085,0.16047195656969587
7086,0.16243198452465776
7087,0.1649240320814516
7088,0.16553396758471364
7089,0.16131042902126227
7090,0.15849011121573015
7091,0.16480174218326388
7092,0.16232535550904503
7093,0.16015165242362578
7094,0.16961527437698753
7095,0.16653280243833873
7096,0.15931627256335668
7097,0.1628334307930466
7098,0.16029374359804394
7099,0.16716888074532812
7100,0.16220251954002907
7101,0.1631174339218229
7102,0.16618909664548479
7103,0.16665205863803143
7104,0.16881637686556025
7105,0.16086632719378174
7106,0.1614477963687866
7107,0.16120770035347703
7108,0.16524640202302096
7109,0.16611616697949716
7110,0.16454622071359107
7111,0.16164425326232096
7112,0.16176748748687095
7113,0.16748353993640544
7114,0.1638775051721172
7115,0.16460576197142465
7116,0.159100546614325
7117,0.16582941637633325
7118,0.165418608653655
7119,0.15919266996258716
7120,0.16852622154637892
7121,0.15875038629446345
7122,0.167040988406681
7123,0.15874368376405248
7124,0.15973325303208658
7125,0.1633195636182313
7126,0.16390755686105526
7127,0.162215871371952
7128,0.15935302245419972
7129,0.16760644582807377
7130,0.1630859168016093
7131,0.16346579243872159
7132,0.16278032220497596
7133,0.1583747754115171
7134,0.16342006029940467
7135,0.16416844121005586
7136,0.16451106288825307
7137,0.1646870477952995
7138,0.16211690382211796
7139,0.16148626132905639
7140,0.16162870677660168
7141,0.16051304062528451
7142,0.1635114870039777
7143,0.160998992872245
7144,0.16341361446327937
7145,0.16040331273851693
7146,0.16393882618564345
7147,0.16019439069215416
7148,0.15979826894646917
7149,0.1562003283768725
7150,0.16132118224016545
7151,0.16241568711985552
7152,0.16508729402345065
7153,0.1622619572124158
7154,0.16615818447500222
7155,0.15879539198027715
7156,0.1627349866057022
7157,0.15972492092133725
7158,0.16660773797968187
7159,0.15974115735820588
7160,0.16701876551364112
7161,0.16322376860570634
7162,0.16392306137240623
7163,0.1680073742985086
7164,0.16670348475370841
7165,0.16334810132952335
7166,0.16052267009297344
7167,0.16255404286247857
7168,0.16735636691886516
7169,0.16034673972752908
7170,0.16206228341315532
7171,0.15793813594264555
7172,0.16403794493738003
7173,0.1684063118823443
7174,0.1593121438484714
7175,0.1628556408455023
7176,0.16408639864759117
7177,0.1628723135257938
7178,0.15646639196972562
7179,0.1603522944959888
7180,0.15618317518976735
7181,0.166946735856636
7182,0.16594188808525054
7183,0.15701388132647126
7184,0.1673628146257321
7185,0.1594193469186734
7186,0.15830621515897841
7187,0.1615811840760056
7188,0.16206099574526378
7189,0.1675572397144706
7190,0.16147129761856543
7191,0.15884960423710234
7192,0.16282241948595916
7193,0.15992383971936547
7194,0.16251963634571048
7195,0.16176750826433406
7196,0.162494295542593
7197,0.16111796204259432
7198,0.16687234036960574
7199,0.15764315976914015
7200,0.16160597796419135
7201,0.1611862073045201
7202,0.1632540808403639
7203,0.16282217482366138
7204,0.16749568462236256
7205,0.16475234847586545
7206,0.1620751652375409
7207,0.16198932662831927
7208,0.1634743444544931
7209,0.15500386864598434
7210,0.16031505829280313
7211,0.16020298838461106
7212,0.15913901432218555
7213,0.16192697773625453
7214,0.161713938657122
7215,0.16624889477339402
7216,0.16348535273513393
7217,0.1587591938926524
7218,0.15767191483214493
7219,0.1623347487494896
7220,0.16277327188940877
7221,0.16753685716554237
7222,0.16504983012571875
7223,0.16405455041428516
7224,0.16292936567802294
7225,0.1619337644711796
7226,0.16526269739909014
7227,0.16262617635082788
7228,0.16987827736139316
7229,0.16355901768615122
7230,0.16374288398660428
7231,0.1652388756995861
7232,0.16300126548123486
7233,0.16172419183947576
7234,0.16025816470388177
7235,0.16032087951010573
7236,0.15834566940644362
7237,0.16359179288617817
7238,0.16330577353347395
7239,0.15978855530491234
7240,0.16511400680865448
7241,0.1633724632989522
7242,0.15850550563625262
7243,0.1660426208117988
7244,0.16395730486056914
7245,0.1629654242378355
7246,0.16153078608435636
7247,0.16297259074214546
7248,0.16511044816236126
7249,0.16512988472614712
7250,0.16431567250800402
7251,0.16163080435369137
7252,0.1610209566674226
7253,0.16508679187309053
7254,0.1607751735418129
7255,0.16152349631491156
7256,0.16140680787404765
7257,0.15963267243099413
7258,0.1623593473743582
7259,0.16505292188946336
7260,0.16513387922548295
7261,0.16455967058620374
7262,0.16331105825385867
7263,0.16042180229937117
7264,0.15759673663793208
7265,0.1621517353606923
7266,0.16821203579462973
7267,0.16302059221638915
7268,0.16136701086426386
7269,0.16712670766747917
7270,0.15822680039619783
7271,0.16658931833509377
7272,0.1622607120422635
7273,0.1651301867344704
7274,0.16166385445664577
7275,0.1647894341225727
7276,0.16489400047480932
7277,0.16381853291380308
7278,0.16273022719151395
7279,0.16162266595188657
7280,0.1556923103247673
7281,0.16102389229140784
7282,0.16044844698886246
7283,0.16271730953809138
7284,0.16201121450677544
7285,0.16370701264604373
7286,0.15495181637300368
7287,0.16026821693281515
7288,0.1626962885613593
7289,0.16524779552695196
7290,0.15807553470287733
7291,0.16172534938693137
7292,0.16083377438526236
7293,0.1622447757807896
7294,0.16230113689188938
7295,0.1625402847921938
7296,0.1669961057183779
7297,0.16232975108271602
7298,0.1664302597452175
7299,0.16372128862427787
7300,0.1655809423812973
7301,0.1638571704341061
7302,0.16387208455529936
7303,0.1618082025717271
7304,0.1665354543794892
7305,0.162982812916868
7306,0.15672430776185986
7307,0.16633572670427607
7308,0.16742663758401918
7309,0.16667468279039888
7310,0.16528123748785586
7311,0.16622726361420329
7312,0.16348172926793594
7313,0.16618112996516163
7314,0.16422621731531958
7315,0.16360854223743157
7316,0.157801371557423
7317,0.16147407708671913
7318,0.16161755039884
7319,0.16497793421912765
7320,0.1589467438962719
7321,0.16588104215799362
7322,0.16936653055079223
7323,0.1671226713950683
7324,0.1661942232161676
7325,0.16493954332257352
7326,0.16518877282031003
7327,0.16462249065825793
7328,0.16530001722280416
7329,0.16530291464474828
7330,0.164265349460096
7331,0.16062326524934603
7332,0.15914501862504543
7333,0.16088456831179956
7334,0.16371509630571915
7335,0.16518106322715875
7336,0.16377286242521927
7337,0.16331147452950653
7338,0.16031256241196687
7339,0.16274571412168923
7340,0.16464842640917124
7341,0.15541552492967936
7342,0.16337950796801828
7343,0.1605404020933355
7344,0.16581180383023023
7345,0.16402648391045674
7346,0.15910704119868588
7347,0.16511199299321758
7348,0.16599854278159887
7349,0.15915486812258234
7350,0.16148340387385476
7351,0.1673255982235154
7352,0.16180876474955894
7353,0.1619875135079328
7354,0.16428335933332
7355,0.16645522769476534
7356,0.16160567879164764
7357,0.16423839244666585
7358,0.16163080712082964
7359,0.15942088753226852
7360,0.1656007159246781
7361,0.1625776917290279
7362,0.1651982451724189
7363,0.15963889085801028
7364,0.16635923674223493
7365,0.1608834590349353
7366,0.16203038618961071
7367,0.16299112874616328
7368,0.1636130035637979
7369,0.16193045818577065
7370,0.15734947150940415
7371,0.16383349145320505
7372,0.16618782281315575
7373,0.16297010867152553
7374,0.16044729822458684
7375,0.16195239785319548
7376,0.1619814977575473
7377,0.16035221939330063
7378,0.16472211981398502
7379,0.15957626387472093
7380,0.15940899532487557
7381,0.167348842635367
7382,0.16321701655789503
7383,0.1622806473696848
7384,0.1645363426407965
7385,0.16001600674724092
7386,0.16048674807734817
7387,0.15926893967508934
7388,0.1664982071236821
7389,0.1614503388264787
7390,0.16457037273494166
7391,0.1659835982777275
7392,0.16385089154182747
7393,0.16240601038247576
7394,0.16283192134504718
7395,0.16006448528165088
7396,0.16223838558151135
7397,0.16294455443857303
7398,0.16835574718974333
7399,0.16517096488023883
7400,0.16367386157220323
7401,0.15833990850206214
7402,0.16504546820590302
7403,0.16017917595971523
7404,0.16292571977951342
7405,0.16183638367024433
7406,0.1635902067060531
7407,0.16519459509323026
7408,0.16205590365305308
7409,0.16238265378814196
7410,0.1579113817556471
7411,0.16320103580205528
7412,0.1627594924009695
7413,0.16566754871702732
7414,0.16564682446986226
7415,0.16247605321746172
7416,0.16341294095981104
7417,0.16347835300441393
7418,0.15567346606737956
7419,0.16566117230634167
7420,0.1614311309653629
7421,0.160393475677866
7422,0.15616765689554282
7423,0.16421622493441854
7424,0.16608719140202888
7425,0.16144241906459134
7426,0.1654293747177439
7427,0.16287567830362853
7428,0.16466077232260098
7429,0.15665136945250105
7430,0.1612784551968563
7431,0.16089959792744488
7432,0.15884142742419236
7433,0.1653847622714696
7434,0.1646354155220382
7435,0.16356444413482987
7436,0.1614931250574217
7437,0.16470801530854476
7438,0.16392147430831475
7439,0.16173260284622687
7440,0.16250885399027684
7441,0.16236411019089597
7442,0.16289946995936844
7443,0.16554042299239288
7444,0.1633848426914875
7445,0.1612699127111699
7446,0.1660125483417563
7447,0.16247439782521295
7448,0.16095210809228305
7449,0.1654518640350986
7450,0.1577563540570066
7451,0.1600946632186122
7452,0.15855594263582484
7453,0.1593232107161231
7454,0.16639860792588393
7455,0.1621261300983961
7456,0.1616721632036055
7457,0.1642788943895607
7458,0.16313668139391502
7459,0.1606491552111722
7460,0.159827915817133
7461,0.1674302353103311
7462,0.15984950021977526
7463,0.161894004976106
7464,0.15941450161736626
7465,0.1639312865542892
7466,0.16440382940951329
7467,0.15761874614083138
7468,0.1639170570279478
7469,0.15880388888616123
7470,0.16026227464426163
7471,0.16042793729423954
7472,0.16643101586242537
7473,0.1632233914682646
7474,0.16409382890402177
7475,0.1668333741301318
7476,0.16527250979213443
7477,0.16840370671905058
7478,0.16393887849847447
7479,0.16690105315430798
7480,0.16069383747891405
7481,0.16193621072750664
7482,0.16377389498808673
7483,0.16424201588091925
7484,0.16050468180662125
7485,0.1678367085716714
7486,0.1640484533643092
7487,0.1609131988916211
7488,0.16236169184489382
7489,0.16231919945320553
7490,0.16419520703109297
7491,0.16477898026703117
7492,0.1608442284130379
7493,0.16533571759885998
7494,0.16498166048822527
7495,0.16797467431524002
7496,0.16328962628634655
7497,0.16472071664352475
7498,0.16110348092099333
7499,0.1597463854000327
7500,0.16315654833043786
7501,0.15548646819355477
7502,0.1604905874218586
7503,0.16256550385844426
7504,0.16716040581562888
7505,0.16337044401885423
7506,0.1640600892650541
7507,0.1564397303819447
7508,0.16192284405821186
7509,0.16445191848631657
7510,0.16191738407983364
7511,0.15812558896277173
7512,0.1593892242744791
7513,0.16251198064869646
7514,0.16695073268801416
7515,0.16623920993512825
7516,0.15735447125840285
7517,0.16629183030951605
7518,0.16100777210428338
7519,0.16693264654449383
7520,0.16311973941051727
7521,0.1598666561008084
7522,0.15779901452419048
7523,0.16684224259686592
7524,0.16312888887989666
7525,0.16167886585969324
7526,0.16234646645536072
7527,0.1644396847991813
7528,0.15861107290422824
7529,0.1589909056822739
7530,0.16394739262416827
7531,0.1592644220271848
7532,0.16257169237185126
7533,0.16316300105064996
7534,0.1652126874971724
7535,0.1615524007196912
7536,0.1612237765024545
7537,0.1585843160881268
7538,0.168014396981172
7539,0.16001731019646623
7540,0.1614278338822429
7541,0.1647333825817312
7542,0.1598130471899034
7543,0.16427793376158534
7544,0.1653708585027404
7545,0.16238143825929874
7546,0.16086754104009415
7547,0.16161528608099934
7548,0.1640281385354075
7549,0.16488851375426647
7550,0.1591833288735806
7551,0.16606163469606042
7552,0.16220058115946734
7553,0.16477412221070373
7554,0.16267978946268244
7555,0.16633980855613736
7556,0.16050585941885032
7557,0.16406252053430573
7558,0.16494940365580368
7559,0.16431273225454726
7560,0.16134112677237153
7561,0.16091706591790692
7562,0.16835424825842565
7563,0.1643134413372927
7564,0.16391222599853436
7565,0.1585791395712904
7566,0.1656265996364025
7567,0.16225080254323104
7568,0.16482073663242808
7569,0.16731209499086322
7570,0.16370445750166204
7571,0.16282329932440456
7572,0.16479504607687664
7573,0.15952924203206942
7574,0.16308315531853226
7575,0.16117092839546399
7576,0.15799918466577123
7577,0.16127240073825957
7578,0.1675162945888304
7579,0.16438174514079765
7580,0.16564585765694387
7581,0.16142406477857973
7582,0.16763985169301263
7583,0.16577790497093844
7584,0.16047374891816688
7585,0.1641811981634801
7586,0.16055681773813077
7587,0.15837917238150526
7588,0.15492255399722848
7589,0.1600932980322265
7590,0.16546783109609864
7591,0.1680357369615947
7592,0.1587414091491022
7593,0.16411293137212446
7594,0.1648331457832361
7595,0.16176613325595574
7596,0.1578854981941581
7597,0.15905107772443872
7598,0.1608280856090166
7599,0.15899249627019285
7600,0.15721856329863954
7601,0.16042111115370356
7602,0.16344855797715865
7603,0.16304339765538972
7604,0.16002654769983743
7605,0.16253865340256907
7606,0.16441075445475575
7607,0.16726507103752628
7608,0.1667754536037884
7609,0.1633516496592467
7610,0.16223495157355047
7611,0.1660657267639338
7612,0.1639086315419193
7613,0.16375032155713348
7614,0.16189156284455994
7615,0.15843076293237407
7616,0.16560733611566994
7617,0.16173801980882582
7618,0.16042712412623467
7619,0.16149551476821822
7620,0.1608272125140313
7621,0.16817603747146898
7622,0.16076343953900782
7623,0.16046464528424279
7624,0.16059096359977273
7625,0.15936002372098448
7626,0.1623004589680224
7627,0.1570669129017193
7628,0.1652112086987513
7629,0.16238262999540465
7630,0.16388044996668072
7631,0.15992806530651493
7632,0.15629320390362508
7633,0.16351057523195542
7634,0.16001910917383963
7635,0.1627802563741826
7636,0.16433971711843023
7637,0.163616252385124
7638,0.16233004286786368
7639,0.16700948338018812
7640,0.16000283714987934
7641,0.16317810672992594
7642,0.1609155296920208
7643,0.15877698006083005
7644,0.16147699603468646
7645,0.16620058832750279
7646,0.16136147048217683
7647,0.16868897490757956
7648,0.16370329728848523
7649,0.1613749102753703
7650,0.1620371667817994
7651,0.1639239735663845
7652,0.15931801219179018
7653,0.15938179864435
7654,0.1630185668230958
7655,0.1662662916141574
7656,0.165420674496506
7657,0.16377996246792237
7658,0.1652458545941213
7659,0.1646309716888038
7660,0.16157940245214403
7661,0.16257624224558304
7662,0.16176159137784876
7663,0.16533207334892028
7664,0.1620803691816526
7665,0.16475087371092806
7666,0.1619587715719501
7667,0.1568889372526965
7668,0.15966205138147413
7669,0.16156844893974637
7670,0.1639654424682004
7671,0.16553521615238245
7672,0.16023286000784162
7673,0.16167706890168076
7674,0.1646953755868799
7675,0.1613062246994204
7676,0.16279056672965492
7677,0.16320781154372366
7678,0.16400253739057122
7679,0.15890199335617453
7680,0.15990605628866153
7681,0.16423837848189124
7682,0.16076110607179908
7683,0.16545361139170905
7684,0.16336114083744951
7685,0.1672376054067057
7686,0.16453864105986657
7687,0.16352963183829344
7688,0.16047533219779073
7689,0.16170411422464723
7690,0.15697323511792102
7691,0.15710956294364314
7692,0.1617165558913042
7693,0.16926410543678955
7694,0.1654404189509153
7695,0.16437233131144874
7696,0.16137292777405496
7697,0.16411631052561482
7698,0.16018970772072552
7699,0.16236893310191877
7700,0.1705955086774492
7701,0.16188414085065103
7702,0.15990527455279974
7703,0.16215898900722597
7704,0.16386074804543954
7705,0.15723734968824007
7706,0.16175396347861928
7707,0.15923324946995174
7708,0.16148853951076084
7709,0.1634704400949221
7710,0.16042086109609058
7711,0.16219306227501729
7712,0.16446311519375184
7713,0.1582522839313412
7714,0.16287029939822
7715,0.1664739297756595
7716,0.16613479639990025
7717,0.161888142518333
7718,0.16371336295124334
7719,0.15935430599639716
7720,0.16497710206148433
7721,0.16899977487509016
7722,0.16272703024483887
7723,0.1640733988112164
7724,0.16333691424063418
7725,0.162678984413574
7726,0.16117004312483704
7727,0.16318260852351107
7728,0.15902093152423172
7729,0.16721110450468304
7730,0.15386349609629144
7731,0.1652401780058527
7732,0.16053078142462304
7733,0.16203511362195902
7734,0.16447278482619798
7735,0.17015572409629864
7736,0.1592148140410843
7737,0.16411737917605893
7738,0.15916607145617662
7739,0.16433861082327195
7740,0.16372179695685365
7741,0.1608047830006835
7742,0.16673823363723808
7743,0.16449879925991903
7744,0.1661347919493463
7745,0.16429480562861679
7746,0.16011068189943833
7747,0.15706314947267933
7748,0.16431381022313668
7749,0.16596042241902348
7750,0.1585171259449788
7751,0.1646073795962414
7752,0.15455140569255235
7753,0.16601008322473165
7754,0.16563687429751422
7755,0.16248630580552914
7756,0.15970665872508932
7757,0.16030874872543305
7758,0.16574298386751235
7759,0.16797515307276803
7760,0.15818705577960235
7761,0.1650479808064948
7762,0.16607390836331865
7763,0.16295693033345995
7764,0.15846515351176113
7765,0.1592595321030323
7766,0.16361618439283804
7767,0.15574276923887503
7768,0.16017088793056655
7769,0.1607002837845059
7770,0.1600056991486066
7771,0.1601067547107173
7772,0.16328035415030737
7773,0.16431549784754998
7774,0.1631727634590863
7775,0.16668169958297424
7776,0.16427001939598748
7777,0.16491421810324464
7778,0.16674262057676897
7779,0.15359270521675403
7780,0.1667206312036228
7781,0.1608937803589406
7782,0.16710443108091635
7783,0.16169294226513506
7784,0.16237829709822788
7785,0.16211919858075913
7786,0.16353064778122206
7787,0.16226012418949148
7788,0.16614224943679654
7789,0.165174319076405
7790,0.1658305327843626
7791,0.16684466501201098
7792,0.1594582444908282
7793,0.16482414583529068
7794,0.15664868618115077
7795,0.1622293948593191
7796,0.16811399397382124
7797,0.15761757775327595
7798,0.16554023544761684
7799,0.1624248077357254
7800,0.16163990564445832
7801,0.16276815183582788
7802,0.16061890407481108
7803,0.16229144074752716
7804,0.16360193147008897
7805,0.16227279144874263
7806,0.16476497010238558
7807,0.15633240405277066
7808,0.16482712588098355
7809,0.1629986427048994
7810,0.1575290392555853
7811,0.16071740667288892
7812,0.16343828618133124
7813,0.16353889386676274
7814,0.16168276839110904
7815,0.16000943284191227
7816,0.16556895569964353
7817,0.16508095492756428
7818,0.16393845136270083
7819,0.16446553979907774
7820,0.16126012014626118
7821,0.16184041104968608
7822,0.16357683976624204
7823,0.16260724773138213
7824,0.16027984202873696
7825,0.1608851635638551
7826,0.16299570124158608
7827,0.16521792809956456
7828,0.15146271787642387
7829,0.16428345804937594
7830,0.16111513847387374
7831,0.16135936848877758
7832,0.1614891066275983
7833,0.16240304870389025
7834,0.16102415581968765
7835,0.16545212195453335
7836,0.16217730397320357
7837,0.1639835627326487
7838,0.16151398420343505
7839,0.16145408157536204
7840,0.16527786195228797
7841,0.1616199300857936
7842,0.16727226786987606
7843,0.15708121519076496
7844,0.1581227654721859
7845,0.1568798981610508
7846,0.16604265499805312
7847,0.16209035788045068
7848,0.1576814260665126
7849,0.16216259934331506
7850,0.161384653733251
7851,0.16121448746109268
7852,0.16075162727616885
7853,0.15772596390473823
7854,0.1647098235746504
7855,0.16279448200127394
7856,0.165067025066095
7857,0.16617257067372065
7858,0.16610016695283789
7859,0.16300661092189705
7860,0.16539834068259954
7861,0.16119247046543242
7862,0.16408706057407418
7863,0.16445863799244537
7864,0.16302894807538143
7865,0.163530757267932
7866,0.16104533992025769
7867,0.1635963013758371
7868,0.16588336422844932
7869,0.16897014143469138
7870,0.15666846341032695
7871,0.16391390516352658
7872,0.16243736260941907
7873,0.16064717534118275
7874,0.16529410988467658
7875,0.16488735921155057
7876,0.1639618633384249
7877,0.1593392861650347
7878,0.16868792252896536
7879,0.16435338183400572
7880,0.16064714831570892
7881,0.16199664664566474
7882,0.16444095679794424
7883,0.15860240971058506
7884,0.16489653619076095
7885,0.16099239974901713
7886,0.1647246898179283
7887,0.16339445729236357
7888,0.16087769980387637
7889,0.16073547601682925
7890,0.15905561287583297
7891,0.16437906731187377
7892,0.15960214530043734
7893,0.16140875713533032
7894,0.16227899550967528
7895,0.16599562351498431
7896,0.15981812513389465
7897,0.16218329318074012
7898,0.15902733799886806
7899,0.16550747898557555
7900,0.16538602665130553
7901,0.16601570088574602
7902,0.16870096898370618
7903,0.15943869446403225
7904,0.1649549520006813
7905,0.16358870534739353
7906,0.16703238078870722
7907,0.16477510536750903
7908,0.1676913750059362
7909,0.16014168338379275
7910,0.16317952456334367
7911,0.15724576879099053
7912,0.16763156521502112
7913,0.1633493020372718
7914,0.1671423843502258
7915,0.15991834740500713
7916,0.16415290662844365
7917,0.1645554497572648
7918,0.16137785143503983
7919,0.16514098618977832
7920,0.1633170610116949
7921,0.16111274286346158
7922,0.16033976641394046
7923,0.15963253724409346
7924,0.16636108562899687
7925,0.16584075565165032
7926,0.1660670748841674
7927,0.16274895840016798
7928,0.16443543998183172
7929,0.16151769848313371
7930,0.16372424695026688
7931,0.16210530644954618
7932,0.15794974091922742
7933,0.16485615736133963
7934,0.16580709950436154
7935,0.15632477737003242
7936,0.16543312533123355
7937,0.16514128148676716
7938,0.163764903296186
7939,0.1633201686116165
7940,0.16421344014514505
7941,0.16614708035759662
7942,0.1613275672526186
7943,0.15641450653679795
7944,0.1618920181667339
7945,0.1660416947107126
7946,0.16000532307037751
7947,0.16298270493039996
7948,0.16355853928684938
7949,0.1645790772727712
7950,0.1622771475935785
7951,0.15939616985938682
7952,0.16373747806512604
7953,0.16830575825556549
7954,0.16748550391549852
7955,0.15872846210133212
7956,0.1677686473196605
7957,0.15935169515394337
7958,0.15997992647757237
7959,0.16895198545777676
7960,0.15734914876786224
7961,0.15854385081365985
7962,0.16197340382040754
7963,0.1612832867390043
7964,0.1621300970595431
7965,0.15968729229022444
7966,0.16379446871929332
7967,0.16288006307773972
7968,0.16182200121855095
7969,0.1619505435295603
7970,0.1647066050305335
7971,0.16442655188105954
7972,0.1661055907362551
7973,0.1587667928850484
7974,0.1679664724512465
7975,0.16345591802376555
7976,0.16142232528403666
7977,0.16617608916229792
7978,0.16295229235796915
7979,0.16338368322724714
7980,0.16700113476401973
7981,0.1657365450960822
7982,0.16386211440149234
7983,0.16755351728897394
7984,0.16774406363541564
7985,0.1592705626838738
7986,0.1616320970728872
7987,0.16519822939281376
7988,0.16422728071004666
7989,0.16019273393409178
7990,0.16219230214948835
7991,0.1585735139798507
7992,0.1597797788358289
7993,0.16310865996925858
7994,0.16223498276879533
7995,0.16233047143957305
7996,0.1595105930450135
7997,0.15995431276431202
7998,0.1656078347068316
7999,0.15755695051500368
8000,0.16187771378218582
8001,0.1625144926952272
8002,0.15983416475793524
8003,0.16315780838825708
8004,0.1625213962734846
8005,0.1615988339753042
8006,0.16793901969472147
8007,0.1627014970987473
8008,0.1608434038016633
8009,0.16297599396317416
8010,0.15817629650659568
8011,0.163856806653968
8012,0.16301102844148063
8013,0.16419945862511617
8014,0.15737529638246459
8015,0.158015271160982
8016,0.16108559014659685
8017,0.160313613915891
8018,0.16541344856876014
8019,0.16102137672534175
8020,0.16405776930109214
8021,0.1624027138556558
8022,0.16617634791247896
8023,0.16237205601675755
8024,0.16145742126924728
8025,0.16571661831003276
8026,0.16483574883416452
8027,0.16019470242797154
8028,0.1640870857435305
8029,0.16532301062996313
8030,0.1587160469676224
8031,0.165177167529928
8032,0.1630822274896525
8033,0.16270133060226208
8034,0.16196504228690012
8035,0.1576369411219304
8036,0.1631755178811303
8037,0.1675725763418969
8038,0.16012118216542184
8039,0.15923310404074073
8040,0.15803725161249987
8041,0.16310848577364848
8042,0.15941382265053464
8043,0.1662770574293099
8044,0.1642319549023687
8045,0.16423703797084555
8046,0.15932453438842295
8047,0.16107018427363015
8048,0.15888151428922972
8049,0.16492790709688243
8050,0.1612347382660067
8051,0.1602451956128172
8052,0.161014346567187
8053,0.1613955671039817
8054,0.16511673671631505
8055,0.16338429580270197
8056,0.1679121185033144
8057,0.16162809353713062
8058,0.1619523708929198
8059,0.16217784888615597
8060,0.15955324844842675
8061,0.16703153973191698
8062,0.15919299368358336
8063,0.15468024769501112
8064,0.16575820047585374
8065,0.16539026171100818
8066,0.16407691931199114
8067,0.1601445429031086
8068,0.16507841497559378
8069,0.16527103504023463
8070,0.16294062006127055
8071,0.15887945405823908
8072,0.15936436866780065
8073,0.16213123286869646
8074,0.16054594177032924
8075,0.16329527640876174
8076,0.16259635485545823
8077,0.16286526415329244
8078,0.16346547803525224
8079,0.15880862633574355
8080,0.16397950270868
8081,0.16654498064493237
8082,0.16485040519460825
8083,0.16311766722977986
8084,0.15943244983395718
8085,0.1572831082699268
8086,0.16694714378189143
8087,0.16232183468396996
8088,0.16225089581416233
8089,0.16193992288434145
8090,0.16007826011806978
8091,0.16396410873117326
8092,0.157362065403538
8093,0.16385608401475155
8094,0.1673295638684693
8095,0.16444438850024637
8096,0.16004759295624674
8097,0.16417520716306222
8098,0.16790939798961355
8099,0.15864993705968378
8100,0.1679108847044192
8101,0.16262333620080818
8102,0.15908832749437993
8103,0.16477332416950863
8104,0.1639394433570723
8105,0.16243846750083685
8106,0.16349040866723846
8107,0.16380772921940184
8108,0.16286688934597068
8109,0.16280613839649602
8110,0.16899821103345916
8111,0.16117337782229857
8112,0.1604291726980421
8113,0.16748163889313558
8114,0.15726545818140905
8115,0.1589210808421432
8116,0.16899563162431602
8117,0.16100643946943755
8118,0.16435588535216278
8119,0.16089140953841785
8120,0.16126126335995014
8121,0.1585441942385844
8122,0.15860324904730164
8123,0.1619558693570719
8124,0.16192203623464724
8125,0.16303660426782174
8126,0.1643086336133776
8127,0.15841673505691342
8128,0.1613605558593936
8129,0.16205602725350363
8130,0.16169305119515626
8131,0.16487562465530103
8132,0.1602545034667662
8133,0.16071923721729905
8134,0.1656233207605392
8135,0.1622257995228423
8136,0.16078136467588056
8137,0.16494280342653608
8138,0.16040112484182698
8139,0.16213691174501108
8140,0.1633593954159898
8141,0.1655175869998799
8142,0.16354212223697023
8143,0.16530691329737418
8144,0.16301563270752842
8145,0.16609818026987333
8146,0.1606439337207591
8147,0.15813190450596262
8148,0.1601336146396764
8149,0.16214130285084735
8150,0.16159716438775684
8151,0.15894251936834985
8152,0.16110570130251106
8153,0.15817858710464297
8154,0.1612389570572145
8155,0.16581922743421418
8156,0.159048167936334
8157,0.16258539718441406
8158,0.16398299402775693
8159,0.16513467671323387
8160,0.16778071671774297
8161,0.16115581269142076
8162,0.16478811957562234
8163,0.1582790553400633
8164,0.16195078736009752
8165,0.16255626699718742
8166,0.1640883524384588
8167,0.16498001226437764
8168,0.1630701628125985
8169,0.16469658953826793
8170,0.16206051165740443
8171,0.16312953597716048
8172,0.16357874457573165
8173,0.1611038531390421
8174,0.16753847147766557
8175,0.16024476984516056
8176,0.1613599843147995
8177,0.16365938748080536
8178,0.1629139039281412
8179,0.16107997230078946
8180,0.16531260252615854
8181,0.16615242079031872
8182,0.16358076147113979
8183,0.16237238437539936
8184,0.16677326822005034
8185,0.16232473534342198
8186,0.15784224621161735
8187,0.1669860007851164
8188,0.1579361119519709
8189,0.16547637655756456
8190,0.1623713630214526
8191,0.16330586587891152
8192,0.1595426237943883
8193,0.16245564944886165
8194,0.15882440252164692
8195,0.1693878244923661
8196,0.15952839369495206
8197,0.16255058949118922
8198,0.16072887827086504
8199,0.16072176267363558
8200,0.16301682045530783
8201,0.1598607207560344
8202,0.1668392271519833
8203,0.16079446486686574
8204,0.16531082961100385
8205,0.1636207356172696
8206,0.15911149486290274
8207,0.15913563912826373
8208,0.1629366492952025
8209,0.16512559222640927
8210,0.1636928043668251
8211,0.1674382330170514
8212,0.1604141765241079
8213,0.1607780384732953
8214,0.16530836232631885
8215,0.162721383774755
8216,0.16081094926358702
8217,0.16421896440734376
8218,0.16332398688539923
8219,0.15835556583328414
8220,0.1629569821384951
8221,0.15956413101396988
8222,0.16585273841893938
8223,0.1613895398586279
8224,0.16336073889840186
8225,0.16177366585963565
8226,0.15984238893767452
8227,0.15894247521277693
8228,0.1645266536508409
8229,0.1599353696405042
8230,0.16624982043098202
8231,0.16620273473107128
8232,0.15902484994719762
8233,0.15886330074114804
8234,0.1626264679102566
8235,0.16568638937662075
8236,0.15592008080606723
8237,0.16191649638172795
8238,0.16200107238481726
8239,0.16239311563114814
8240,0.16251735191242403
8241,0.16280696870967837
8242,0.16001941791305524
8243,0.16497690842147236
8244,0.16378663087934778
8245,0.16052384248081036
8246,0.16558285610314377
8247,0.1679772899153299
8248,0.16226525173087225
8249,0.16285408449361408
8250,0.1661459452912863
8251,0.16538929222541823
8252,0.16692787817343568
8253,0.16063412800222565
8254,0.16461685835216255
8255,0.16625855643616286
8256,0.1613998427700869
8257,0.1630411618152322
8258,0.16322193601603135
8259,0.16548008432010436
8260,0.1632306438106145
8261,0.1573463022259727
8262,0.16259646912400028
8263,0.16313537504836054
8264,0.16544600632353348
8265,0.1597952499760811
8266,0.16439700717405875
8267,0.16197923035743778
8268,0.1631501861266139
8269,0.16129006126153772
8270,0.15911250727266735
8271,0.1596021365353939
8272,0.16265780706333433
8273,0.1630544801480612
8274,0.1678205188425876
8275,0.1629191516952915
8276,0.16163176893955744
8277,0.16017621193247936
8278,0.1632462612880738
8279,0.1653169290186537
8280,0.16200699791814288
8281,0.16160855311742203
8282,0.16349901065428543
8283,0.16227948435793038
8284,0.1646812622452491
8285,0.1596852509631735
8286,0.15613420096195665
8287,0.15889445497072124
8288,0.16255502433510194
8289,0.15906487006591818
8290,0.15662167932043328
8291,0.16414069469032389
8292,0.1589920390243094
8293,0.1634733704331084
8294,0.1604734990038912
8295,0.16594403002141475
8296,0.162955317605434
8297,0.15822357538507098
8298,0.1624510498376467
8299,0.16027786904984953
8300,0.16188652879346055
8301,0.16430179037500545
8302,0.1626803292516326
8303,0.16551583990172003
8304,0.1577763007492004
8305,0.16574786983887732
8306,0.16483787982758585
8307,0.16869905771497573
8308,0.16321514731502948
8309,0.1655568292281651
8310,0.16339344660582875
8311,0.16482660334121776
8312,0.1694882644344125
8313,0.16694754425068745
8314,0.16309507007017462
8315,0.16048418732785405
8316,0.16616371626319698
8317,0.16522962517110304
8318,0.15920764538322418
8319,0.16187092657001836
8320,0.16636246399104554
8321,0.16488976177052944
8322,0.1682372583484076
8323,0.16107414773661624
8324,0.16230447394329428
8325,0.16584006402237012
8326,0.15955012341411515
8327,0.15858136507837622
8328,0.1690154680488059
8329,0.1591212901527039
8330,0.16171987269338564
8331,0.16588908651288706
8332,0.1604065369747875
8333,0.1648912029070616
8334,0.16435757678052107
8335,0.16433563166971174
8336,0.1598233060130538
8337,0.16182072900863514
8338,0.16747162837291146
8339,0.16167221393393308
8340,0.16469001693501212
8341,0.16400679564755488
8342,0.16288101554700232
8343,0.16149840414128644
8344,0.1676219837898384
8345,0.1622477614359133
8346,0.16083469050291074
8347,0.16575391201725181
8348,0.15800552884817332
8349,0.16335865001367988
8350,0.1599748846547946
8351,0.16019647564948064
8352,0.15767807617186483
8353,0.1581510625532562
8354,0.16400402231123826
8355,0.15803621771816012
8356,0.16435153063450275
8357,0.16207132577537958
8358,0.16353836368250874
8359,0.1599828062801261
8360,0.159680001538679
8361,0.1662319504773239
8362,0.15676227084417843
8363,0.16328698833683714
8364,0.1634205453291755
8365,0.16265182758698243
8366,0.16838446517819772
8367,0.15891546087799252
8368,0.16535348282163387
8369,0.1653102677692455
8370,0.16537593438161904
8371,0.1619500296018416
8372,0.16115242468517027
8373,0.16314804733507224
8374,0.16022367970759574
8375,0.1620382507053325
8376,0.161682777828318
8377,0.1650914668713799
8378,0.16221741357213695
8379,0.16145231604307392
8380,0.1604475074890764
8381,0.16376629604572335
8382,0.16140199138228925
8383,0.1641044030780287
8384,0.1666575721024136
8385,0.1619213772122709
8386,0.16149955499571086
8387,0.15876720221993756
8388,0.15770086798687816
8389,0.15803481676432166
8390,0.1647112487021491
8391,0.16764793001373118
8392,0.15940739703907558
8393,0.16399182555811703
8394,0.16244992971846792
8395,0.16199906359730754
8396,0.16480360609158737
8397,0.1605289453742948
8398,0.16177671266473043
8399,0.16132749138914665
8400,0.160838426139748
8401,0.16236819201847705
8402,0.16388488453683708
8403,0.16496015490432456
8404,0.1623238807399642
8405,0.16378276868469005
8406,0.15825278391526
8407,0.16663007539288693
8408,0.1636100657345
8409,0.16640227341991376
8410,0.1622144910464115
8411,0.15964958870872778
8412,0.16578800717879424
8413,0.16077183659087332
8414,0.1622918718499806
8415,0.1600117319062769
8416,0.16113482015349787
8417,0.16143580931587512
8418,0.16226899899018898
8419,0.16595995697177388
8420,0.16058743936357198
8421,0.16213296216007567
8422,0.15913497479221603
8423,0.1610917601828586
8424,0.16280661054850806
8425,0.16325784177076844
8426,0.16749018820167133
8427,0.15922571056374474
8428,0.1611500252089618
8429,0.15871631430346012
8430,0.16084144290843919
8431,0.16630764883793392
8432,0.16314428870205963
8433,0.1593759493547053
8434,0.16184537502329296
8435,0.1605042832435925
8436,0.1663763432337209
8437,0.1544177457507513
8438,0.15953582578064684
8439,0.16208647625046604
8440,0.165196734872394
8441,0.1617568920132976
8442,0.1661821377548888
8443,0.16568697837199475
8444,0.16104807224197107
8445,0.1630841001648021
8446,0.16128459816942378
8447,0.16352613079963577
8448,0.16056593035132688
8449,0.15956610175684613
8450,0.16331793675106684
8451,0.16072720033151688
8452,0.1578440596143326
8453,0.16304548547354203
8454,0.16162613438023635
8455,0.16200990383223562
8456,0.16096393058858488
8457,0.15611821370859813
8458,0.16224197765339335
8459,0.16473128715067678
8460,0.16149448891375617
8461,0.16546508004853736
8462,0.16386100070484114
8463,0.1644730448346499
8464,0.16655932474874444
8465,0.15833771665718707
8466,0.16191711588196248
8467,0.15998898163658534
8468,0.1642918844579844
8469,0.16134096549977803
8470,0.1598350171639936
8471,0.15853617488312197
8472,0.16081263762465486
8473,0.16509738929740136
8474,0.15534399148444636
8475,0.15999857287928765
8476,0.16539240658831064
8477,0.16636353081560798
8478,0.16374182385844896
8479,0.1640474337062663
8480,0.16046923461253274
8481,0.1654099645485145
8482,0.16645924451177932
8483,0.1583897811506548
8484,0.1642351897116571
8485,0.16085302658858555
8486,0.16270004529891086
8487,0.16143805804461045
8488,0.1592531331509761
8489,0.16121792905126509
8490,0.16386129044283254
8491,0.16388145628691347
8492,0.16786304816290953
8493,0.16188924861084272
8494,0.16637312695488587
8495,0.16087810461391602
8496,0.16125677606235655
8497,0.15662654938729978
8498,0.166994982364111
8499,0.16172781314597956
8500,0.15935712832348412
8501,0.16140608421521038
8502,0.1655274860752071
8503,0.15772035824481265
8504,0.16294809601129495
8505,0.16699727234086353
8506,0.16328076155697538
8507,0.16668833682473339
8508,0.16313398958736514
8509,0.16261006901604086
8510,0.15915057400328383
8511,0.16612854244616904
8512,0.1620938928974579
8513,0.1650173551666554
8514,0.16405812817620322
8515,0.1594193283359132
8516,0.15992313019672189
8517,0.16471732683256846
8518,0.16311754144990234
8519,0.16467997391655528
8520,0.16322547730932316
8521,0.16115500285028592
8522,0.1665135053008167
8523,0.16224831908113727
8524,0.16280246629301082
8525,0.1633482810661319
8526,0.16310248325045615
8527,0.1610555729814211
8528,0.1587152435944729
8529,0.16181824476691836
8530,0.1622906461594631
8531,0.15956287863587665
8532,0.16000591819942894
8533,0.16291973148343505
8534,0.1545515102812794
8535,0.16794253577428175
8536,0.15859895686599373
8537,0.1632349983399769
8538,0.15761440776804822
8539,0.16190635773930584
8540,0.1679682467339703
8541,0.165468088496003
8542,0.16000234613588263
8543,0.1588420723971302
8544,0.16162756150133856
8545,0.16052161088667452
8546,0.16234736424068372
8547,0.16391670639325384
8548,0.16364761843694745
8549,0.1614689360726311
8550,0.1617063147531296
8551,0.1583671320318693
8552,0.16898798511130445
8553,0.15993589239061484
8554,0.16142958420916403
8555,0.16681176937514738
8556,0.1626063652261836
8557,0.16876821845046572
8558,0.16124063399873095
8559,0.1593582767578733
8560,0.1662832170574861
8561,0.1632788007425052
8562,0.16164385805899245
8563,0.16362370588315978
8564,0.16035997783382272
8565,0.1606317120570119
8566,0.16399943328348637
8567,0.16158943667699463
8568,0.1631458035976903
8569,0.16021358245083583
8570,0.15869586064838873
8571,0.15762697455049396
8572,0.16339211137078613
8573,0.1596094493089845
8574,0.16484628468637122
8575,0.16066582716106984
8576,0.16504197195967943
8577,0.16332819909279522
8578,0.16258680082490157
8579,0.16332131060121158
8580,0.16116670102623187
8581,0.1612051492804859
8582,0.16336292818120543
8583,0.1608570467431987
8584,0.15886565567968888
8585,0.16200729691135282
8586,0.16016227476351652
8587,0.16575692560102384
8588,0.16053902411872875
8589,0.15933104264412623
8590,0.16165317780459154
8591,0.16570204171788167
8592,0.16651082608682977
8593,0.1618867098307473
8594,0.159217520611584
8595,0.16289524456248455
8596,0.1663644035905019
8597,0.1663176368257027
8598,0.15887188661911558
8599,0.16301453189822224
8600,0.15942763893384757
8601,0.15930296852002876
8602,0.15885958967169025
8603,0.1616631397754637
8604,0.1669019668108786
8605,0.1701423877862915
8606,0.16469120063437073
8607,0.16270417672702406
8608,0.16502852555900963
8609,0.16159323619613372
8610,0.1672470489259854
8611,0.1632262003112518
8612,0.1564168229939298
8613,0.16481147403090937
8614,0.16033896027155176
8615,0.1639951224487025
8616,0.16370647497177443
8617,0.16543647141181736
8618,0.16179089570856847
8619,0.1631435694919798
8620,0.1613759714800134
8621,0.1634437446482121
8622,0.16078062738839777
8623,0.165150223277489
8624,0.164174607443087
8625,0.16225132459010624
8626,0.1700623173313076
8627,0.16398662778454634
8628,0.159267766888539
8629,0.16003276088428095
8630,0.16613346473146526
8631,0.1633403510892054
8632,0.17089289111103442
8633,0.16123273266804172
8634,0.16380304970243764
8635,0.1649372297849573
8636,0.16443107005331767
8637,0.16419373971289458
8638,0.16256960351794913
8639,0.16511421180363525
8640,0.15646151400469932
8641,0.16425884361325518
8642,0.16152831763544465
8643,0.15970050766684996
8644,0.1642165507860353
8645,0.16596846709061405
8646,0.16894384517265656
8647,0.16745972453489938
8648,0.16108089078194412
8649,0.16742303363905447
8650,0.15802388352511668
8651,0.16375794790816103
8652,0.1612742341352253
8653,0.15634702319909513
8654,0.1604934455557066
8655,0.1616669030957672
8656,0.16442818431888057
8657,0.15777821766380629
8658,0.1640189369814149
8659,0.16718024508444496
8660,0.16098818989497893
8661,0.15981310577158256
8662,0.1610833289990099
8663,0.1624489069176354
8664,0.16185772798192946
8665,0.15776202997350652
8666,0.15967444413481835
8667,0.16160018598026857
8668,0.16273337574070593
8669,0.16417657636708455
8670,0.1641628081826213
8671,0.16570819891946198
8672,0.16076387967472122
8673,0.16519572588441195
8674,0.15457965864131537
8675,0.16135035519613677
8676,0.1633639147952887
8677,0.16316959879250392
8678,0.16037002176748794
8679,0.16292207597396005
8680,0.16101520664534064
8681,0.1679250869461718
8682,0.15917700602415247
8683,0.16722571728833607
8684,0.16191767138315852
8685,0.16028563718854588
8686,0.1586355628648039
8687,0.16477517352066937
8688,0.16408342925376435
8689,0.15740290843462273
8690,0.16189827274087307
8691,0.15984541846521064
8692,0.1635466829591061
8693,0.16133140704512156
8694,0.16112606227615292
8695,0.1671553267601256
8696,0.16131041777977642
8697,0.16271555981300634
8698,0.16007884619069576
8699,0.1618496944489221
8700,0.1647148218696696
8701,0.16362529069791293
8702,0.16192014684188996
8703,0.1611257710446627
8704,0.16092854332090506
8705,0.15501617718452645
8706,0.16222053428020827
8707,0.16259874520232448
8708,0.1637035713983135
8709,0.16024483705914827
8710,0.16110473939394557
8711,0.16506250693508093
8712,0.15976528124101172
8713,0.15836715538819432
8714,0.1624403560886345
8715,0.16136304149075412
8716,0.1636186369900093
8717,0.16475732549364713
8718,0.15988205033028774
8719,0.16500667901477611
8720,0.16286477504539593
8721,0.16442505932188187
8722,0.16191326675294243
8723,0.16630591971148542
8724,0.16050367097832186
8725,0.16077766988086015
8726,0.16234542143996195
8727,0.15927170480247854
8728,0.16743294432209602
8729,0.16149754023264298
8730,0.1609231533902827
8731,0.16762598030380665
8732,0.1625130711074436
8733,0.16330688940479696
8734,0.1598840158547035
8735,0.1601990693120293
8736,0.15950978895201584
8737,0.16393032961949713
8738,0.16140204785038398
8739,0.16696722396688468
8740,0.16739673398685306
8741,0.16316302074372346
8742,0.1597800151483816
8743,0.16027850024960286
8744,0.16249679296275543
8745,0.16425943494169643
8746,0.1625885134879636
8747,0.16320974319041687
8748,0.16459880837523497
8749,0.161302556725439
8750,0.16008124104259283
8751,0.16557262760409983
8752,0.16059400560196596
8753,0.16133997855512103
8754,0.1591915839218622
8755,0.16520750846558474
8756,0.16723733271097785
8757,0.16565721193292554
8758,0.16138276181454508
8759,0.1603232166392351
8760,0.1660112607295152
8761,0.16442011075188706
8762,0.15908502895693
8763,0.15753141977089022
8764,0.15978747864163817
8765,0.1667203913314964
8766,0.16319778084955705
8767,0.1606956733968435
8768,0.16548291778059213
8769,0.16184982522188235
8770,0.16672504128750867
8771,0.16565861128891274
8772,0.16530161405453314
8773,0.15588696934150856
8774,0.1641898358128271
8775,0.15908720155715883
8776,0.16172947434569457
8777,0.16393413630053244
8778,0.16043144622189826
8779,0.15697703951051303
8780,0.16615381159106532
8781,0.16440618735830237
8782,0.16485093610047682
8783,0.16782669416205753
8784,0.15997125660396905
8785,0.16115700115329734
8786,0.16316677713055447
8787,0.15429435126731147
8788,0.16531448358652076
8789,0.1609184620863481
8790,0.16086647133750684
8791,0.16571566773546367
8792,0.1615850734721654
8793,0.1669815143300571
8794,0.16115344433897538
8795,0.164372414457341
8796,0.15906161207969619
8797,0.16422160370822503
8798,0.1589430294843386
8799,0.15954755457883565
8800,0.16225454894339011
8801,0.16147352157201267
8802,0.16057894613407006
8803,0.16342021720496666
8804,0.16484047918626196
8805,0.16271956560209405
8806,0.16210120746755055
8807,0.16245718420280184
8808,0.1572783792410392
8809,0.16150455041920445
8810,0.16416827565708822
8811,0.1607127431936344
8812,0.16467681708056534
8813,0.16200126120795097
8814,0.16443023785937083
8815,0.15499753697970617
8816,0.16385919675315017
8817,0.1579089532795684
8818,0.16309245224878832
8819,0.1687178644761461
8820,0.16147967428474388
8821,0.16092491014044782
8822,0.16136010617674737
8823,0.15915085130272996
8824,0.16559680595523277
8825,0.1616357274084403
8826,0.16253866465007497
8827,0.1583802711235434
8828,0.16440819157682626
8829,0.15868728309572783
8830,0.15944255623060477
8831,0.16210506069977768
8832,0.16320658680944639
8833,0.16280267739293094
8834,0.15986941043847164
8835,0.16138631311842075
8836,0.16190022390957787
8837,0.16286405120105435
8838,0.16667345416365112
8839,0.16074180697464335
8840,0.1596873105990361
8841,0.16417403368455294
8842,0.15908603572996807
8843,0.1593900115158636
8844,0.1671042264008853
8845,0.1593852291930943
8846,0.16605025365457368
8847,0.1637818321971057
8848,0.16111233024568794
8849,0.16247764366109077
8850,0.16303508741703102
8851,0.1640992756434383
8852,0.16836412235735587
8853,0.16594676131669592
8854,0.15982069323671938
8855,0.16371697230552204
8856,0.16482763825544447
8857,0.16238649740182562
8858,0.1617296223852151
8859,0.15861783081933528
8860,0.1603370325959978
8861,0.16364015861158937
8862,0.16367312170629006
8863,0.16674353961850052
8864,0.16321663719210586
8865,0.1584156487997236
8866,0.16414030421245526
8867,0.16450647368073487
8868,0.1630505409905854
8869,0.16561803702164696
8870,0.16371552294722444
8871,0.15891939872110045
8872,0.16704994049441346
8873,0.16540209114107268
8874,0.16706585192620074
8875,0.16105537064194633
8876,0.1626575786409469
8877,0.16430160242218478
8878,0.16258842795953918
8879,0.16096498066781137
8880,0.16758088298016027
8881,0.16120390847949145
8882,0.16319568835311452
8883,0.16239252719432432
8884,0.15968529046792243
8885,0.15967449521561394
8886,0.16813280220317708
8887,0.16439828418104693
8888,0.16200345689710066
8889,0.16077898550826505
8890,0.16507587806439494
8891,0.1572346574390316
8892,0.16452097805998891
8893,0.16168058438981908
8894,0.15943950104312551
8895,0.1610032124492924
8896,0.15698269748579288
8897,0.16224133912989955
8898,0.16731533657939204
8899,0.15967213567077954
8900,0.16616327111623136
8901,0.16369804748878491
8902,0.16451028679148316
8903,0.16392306239637697
8904,0.1656921270107029
8905,0.16556490594882314
8906,0.16225914880822073
8907,0.1614723367874644
8908,0.15780343299840902
8909,0.16392502091389977
8910,0.16585983662399134
8911,0.16021471384140581
8912,0.1634137463355839
8913,0.16052254174713346
8914,0.16160237728263166
8915,0.1599441397560313
8916,0.16375649820281538
8917,0.1622274842778079
8918,0.16134326073198982
8919,0.16041498853548145
8920,0.16412191041337382
8921,0.1627113973819447
8922,0.16233344500737149
8923,0.16686120131571208
8924,0.16299369554479787
8925,0.16286550642018235
8926,0.1627945884474043
8927,0.15944911674679896
8928,0.16305143201898187
8929,0.1634058263267914
8930,0.16112531198754962
8931,0.16336237197869946
8932,0.16169265457097148
8933,0.1633850469333697
8934,0.16188785402746467
8935,0.1683053520158516
8936,0.16330472052797335
8937,0.16150504084567527
8938,0.16274264606687644
8939,0.16475432470885168
8940,0.16194494200394324
8941,0.15822362351183153
8942,0.15875431424791062
8943,0.16102429609543537
8944,0.16414113523675952
8945,0.16215430450565338
8946,0.1629672570970771
8947,0.16207927408280948
8948,0.15999995324741498
8949,0.1631003176641533
8950,0.16261626647150687
8951,0.16706998828120648
8952,0.1599575886459967
8953,0.1627999079597258
8954,0.15968359931370618
8955,0.1607205929649571
8956,0.1595898129188313
8957,0.15976632891161688
8958,0.15851687581829277
8959,0.16156386951217103
8960,0.15672662920546546
8961,0.16352070137397332
8962,0.1580416951244475
8963,0.16868987945984681
8964,0.16644146497051468
8965,0.1646791914027852
8966,0.1625859552351922
8967,0.15796093786634507
8968,0.16099820396580292
8969,0.1615634293186004
8970,0.16796604330109274
8971,0.15788242575352845
8972,0.16412372817528625
8973,0.16163788793191194
8974,0.1650682825806182
8975,0.16483655843392495
8976,0.16750599624549836
8977,0.16721405473378903
8978,0.1649848454746726
8979,0.1656813101168301
8980,0.15905926515315852
8981,0.1659578476133133
8982,0.1597489452651526
8983,0.1651825317259856
8984,0.16316552648707505
8985,0.16266209679289587
8986,0.16475236737160276
8987,0.16828988550497728
8988,0.16234677567281328
8989,0.1604833460320512
8990,0.16653607337440604
8991,0.16058862855405315
8992,0.16016431307367354
8993,0.15955210747724285
8994,0.16025961943781372
8995,0.1635217419464586
8996,0.1618610394920429
8997,0.16204641879109943
8998,0.1608245805883348
8999,0.16282867626301673
9000,0.16531856952080262
9001,0.15931735844556189
9002,0.16024396673028599
9003,0.1616350767825843
9004,0.1599947487093089
9005,0.16340439039184348
9006,0.1642128994058651
9007,0.16370943441918825
9008,0.16531524189343885
9009,0.16836571974986242
9010,0.16159899177259404
9011,0.16061795677941212
9012,0.1603138533562303
9013,0.16861352476331704
9014,0.1633467133247224
9015,0.1641303646796007
9016,0.16451106308577446
9017,0.15745948775404497
9018,0.1667356126139884
9019,0.16467965892410372
9020,0.1661405320432001
9021,0.16380491930050858
9022,0.16484154653208602
9023,0.1679669080915386
9024,0.16658570842187265
9025,0.16444101427478205
9026,0.1621598527768886
9027,0.1648436852994191
9028,0.1627810089789785
9029,0.16551870773410773
9030,0.16263787179050726
9031,0.16218157550636284
9032,0.16477868974586915
9033,0.16268759224204166
9034,0.1631778103835061
9035,0.16296724077564154
9036,0.16357058969327104
9037,0.15882819763144113
9038,0.15963062921375915
9039,0.16368541357263863
9040,0.16753714158716812
9041,0.1625876489643588
9042,0.16223709889272622
9043,0.15851720176393658
9044,0.16169727038993958
9045,0.16161637890690297
9046,0.1617711079686331
9047,0.1602265559678858
9048,0.16336964652361743
9049,0.16146499617596982
9050,0.16396104350148724
9051,0.16255189451355395
9052,0.16205929876169395
9053,0.16468826451072882
9054,0.1641374262341072
9055,0.15974268668030084
9056,0.16442914346433107
9057,0.16015233913830262
9058,0.16484362490463286
9059,0.1641134364761273
9060,0.16437938242679986
9061,0.16311035414092873
9062,0.16192818209113297
9063,0.1618200670376285
9064,0.1605101940250946
9065,0.16245286030395376
9066,0.16350988352379503
9067,0.16076192221193664
9068,0.16368746648451774
9069,0.16215043346846617
9070,0.16395521048791856
9071,0.15813173183625778
9072,0.15822926787351704
9073,0.16270562048729484
9074,0.16425877431850877
9075,0.16402061672827697
9076,0.16088479487841936
9077,0.16641353511882845
9078,0.16488015101397271
9079,0.15496709464946903
9080,0.16172080440933287
9081,0.1610944425277524
9082,0.16212464587496628
9083,0.16640211991716988
9084,0.16255265590202297
9085,0.16175252471989152
9086,0.16615703251074457
9087,0.16604419504220666
9088,0.16300590830081324
9089,0.16843011415374384
9090,0.15484278412154223
9091,0.16220386024703476
9092,0.15766143695174062
9093,0.1587627322390214
9094,0.1627360123377776
9095,0.1661084200333178
9096,0.16098243263103615
9097,0.16072043763469546
9098,0.15956405514748243
9099,0.17051184032385924
9100,0.16334805075366282
9101,0.16087021655814837
9102,0.16171838239764055
9103,0.15993429489389446
9104,0.16049065894460385
9105,0.15976264148999048
9106,0.1597955234351987
9107,0.16555284377272064
9108,0.16366394704802995
9109,0.16609178545588504
9110,0.16206830926476556
9111,0.16461517887828178
9112,0.17042731410528653
9113,0.161605794104891
9114,0.16552154952531326
9115,0.16108251068026055
9116,0.1637197734708885
9117,0.1685374937664621
9118,0.16017510509176242
9119,0.16110202907932758
9120,0.16030280812288572
9121,0.16171474742204178
9122,0.16737682194624517
9123,0.161402486162247
9124,0.1680706877620074
9125,0.16151514469886924
9126,0.1632102241509982
9127,0.16154057723794507
9128,0.16267784547309655
9129,0.16442806152335196
9130,0.1597364997563021
9131,0.160492798431996
9132,0.1644261493632474
9133,0.1643619063577889
9134,0.16680143316370127
9135,0.16331314384547593
9136,0.1661388437302129
9137,0.1678040507847078
9138,0.16362508021594058
9139,0.16190605366079988
9140,0.16952458344735155
9141,0.16092056389793918
9142,0.16377986655901683
9143,0.1604875628521227
9144,0.16227455930338783
9145,0.16131819687026655
9146,0.16368335768711018
9147,0.1658425214065683
9148,0.16062760411008975
9149,0.1640184001699967
9150,0.16487492691410796
9151,0.15693848586030432
9152,0.16225955962889563
9153,0.1592382073979882
9154,0.16780052471161985
9155,0.1605574387357947
9156,0.16588275998148666
9157,0.16178757189993692
9158,0.15754396974590076
9159,0.15937731606758734
9160,0.1569499993582418
9161,0.16249668921745242
9162,0.16238617517397613
9163,0.1615562252286259
9164,0.15961831587266492
9165,0.1657977239824959
9166,0.160668901382337
9167,0.160218592624932
9168,0.164262490472679
9169,0.1690401610766334
9170,0.15557919208046123
9171,0.15927132063571398
9172,0.16362345009382484
9173,0.16476804271396595
9174,0.16815986781362233
9175,0.16244771043747747
9176,0.16161294853556588
9177,0.1640784537497938
9178,0.16593487876131705
9179,0.1656811578085956
9180,0.16639534609687545
9181,0.16287626181042045
9182,0.16526460699825707
9183,0.16020096657143595
9184,0.16204758486659024
9185,0.16245966790437447
9186,0.1569378047642432
9187,0.16918994520269165
9188,0.16036654746703793
9189,0.16247896995162855
9190,0.1674833508102531
9191,0.16004892052419883
9192,0.1589219440971761
9193,0.1652522918712953
9194,0.15881786369724818
9195,0.16258005108147466
9196,0.16682075624529275
9197,0.16291215549245894
9198,0.16190128065593187
9199,0.16463413151492806
9200,0.15940266046743506
9201,0.16546774901503342
9202,0.15696484936221
9203,0.16400430767302096
9204,0.16243865474981223
9205,0.16619982275721154
9206,0.16022869654035687
9207,0.16716348678409426
9208,0.16095329845541897
9209,0.16288222878323974
9210,0.15922232691620689
9211,0.15872440608630914
9212,0.15827710153151156
9213,0.16063973931852316
9214,0.1622629406520251
9215,0.16011571663418664
9216,0.15674405162379737
9217,0.15499738727991433
9218,0.16557098325068417
9219,0.163215707173427
9220,0.16543018496297734
9221,0.16722773370427146
9222,0.1616453762778917
9223,0.1658564866079996
9224,0.15670985417701375
9225,0.1654803178326924
9226,0.16088713070812627
9227,0.15946522330570798
9228,0.16516089902281025
9229,0.16620817763027224
9230,0.16084634446047047
9231,0.15804575849362268
9232,0.15934427509255666
9233,0.16326923346941874
9234,0.166503110133425
9235,0.1641944686002967
9236,0.16695870783838354
9237,0.16199705926861177
9238,0.1589677886024936
9239,0.16384788079658316
9240,0.16723283365019495
9241,0.1643634128927545
9242,0.15726970575631868
9243,0.1706408104780521
9244,0.1608169525637729
9245,0.16749959089305286
9246,0.1650592945134062
9247,0.15683886034583297
9248,0.1626750747636454
9249,0.16059419408957104
9250,0.15715962557628163
9251,0.16199749659331705
9252,0.16598752313777784
9253,0.16314454705738418
9254,0.16889622999928683
9255,0.15983862476104596
9256,0.15861332156605532
9257,0.17013256419732764
9258,0.16178054616662416
9259,0.16510176055145925
9260,0.16250589731730955
9261,0.1617062803068844
9262,0.16589696861847955
9263,0.16335541614250376
9264,0.1650898372968439
9265,0.1572415621572847
9266,0.16252397449162734
9267,0.1620687224358976
9268,0.1663458903589604
9269,0.15911515122094122
9270,0.16753852441067524
9271,0.16196155399997894
9272,0.16145457063070598
9273,0.16080959989112312
9274,0.163460508209226
9275,0.16261708275458434
9276,0.1648514927624132
9277,0.15531005515144666
9278,0.16271321372451553
9279,0.16622151683981706
9280,0.1585350306276283
9281,0.16016074365881652
9282,0.16252900431127096
9283,0.16337690354951975
9284,0.16264942023018683
9285,0.1668840569139606
9286,0.15944764712141557
9287,0.16377581760737614
9288,0.16598124245491927
9289,0.1597364002986105
9290,0.1645932524068589
9291,0.16499011587468207
9292,0.1616517076886582
9293,0.16306197053106716
9294,0.16458105463953604
9295,0.16036311500771142
9296,0.16560149364614404
9297,0.16634018571693276
9298,0.161143090695225
9299,0.1591518123661369
9300,0.16360885593619948
9301,0.16262218358599204
9302,0.16269354414796125
9303,0.16314709929620777
9304,0.16479611463927646
9305,0.1618611189950405
9306,0.16193060348547478
9307,0.16313912903684197
9308,0.160935090304836
9309,0.15639293535893264
9310,0.1643613382564661
9311,0.1653606111588775
9312,0.16497810639375254
9313,0.16343069384558523
9314,0.1603111206190496
9315,0.1650365211642094
9316,0.16204501898196055
9317,0.16249164130898233
9318,0.16312940381186627
9319,0.1637617322057324
9320,0.1618127848266897
9321,0.16487811421550397
9322,0.16134365327044745
9323,0.16251394335922711
9324,0.16156789329748222
9325,0.16378124244339992
9326,0.1599664614065388
9327,0.16479546165261197
9328,0.1687831899519202
9329,0.1579939548526124
9330,0.15444508821485703
9331,0.16601374278408879
9332,0.1603143560019125
9333,0.1624256336775518
9334,0.16563548285687638
9335,0.15993796019269407
9336,0.16419666337908392
9337,0.15964720161266613
9338,0.16150710746874325
9339,0.16699793945566574
9340,0.1641859082620271
9341,0.16355030620507682
9342,0.16323040835310393
9343,0.16490323966097686
9344,0.16599999653043856
9345,0.1562988508078122
9346,0.16247360559285443
9347,0.16248955668694184
9348,0.15916456956196665
9349,0.16257365509723046
9350,0.1660718705460396
9351,0.1625813986746413
9352,0.1644507876741406
9353,0.16290404094882144
9354,0.16186278560594505
9355,0.16215034487743593
9356,0.16174121744295447
9357,0.16434317176614105
9358,0.16427426112028065
9359,0.16639231255597994
9360,0.16541053427125774
9361,0.16025402375975964
9362,0.16569386169052952
9363,0.16335117508181732
9364,0.1580407343575971
9365,0.1613890834665611
9366,0.16621289729648697
9367,0.16464896001367155
9368,0.16155207200425786
9369,0.16418083135421296
9370,0.1605518470087094
9371,0.16005679089179697
9372,0.16369132584924376
9373,0.16646135224324907
9374,0.1614241398525225
9375,0.15924264435128577
9376,0.16153635207162534
9377,0.16638542114344082
9378,0.16406060556710755
9379,0.16268480469733163
9380,0.16220084299163662
9381,0.1654847821808866
9382,0.16437735536790468
9383,0.16359503175807558
9384,0.16297128981572764
9385,0.16363286669004792
9386,0.1605073627687762
9387,0.1625410532889636
9388,0.1629596658428286
9389,0.1578193485324161
9390,0.16116451947807978
9391,0.16407868533024775
9392,0.15354524620767024
9393,0.16063487792280168
9394,0.1603894355868156
9395,0.16108500168325038
9396,0.1611734387500834
9397,0.15895303468649033
9398,0.16844322863363562
9399,0.15832288080514104
9400,0.165144674073472
9401,0.1626758434527898
9402,0.1618313379734599
9403,0.16525992776761744
9404,0.15931131173606
9405,0.16407592116115222
9406,0.16072841357504578
9407,0.16157769626697838
9408,0.1640272848870442
9409,0.16538004686206337
9410,0.1634384486257073
9411,0.1567575860221131
9412,0.1630507584614981
9413,0.1653995546769242
9414,0.16083628292202445
9415,0.16902184157219693
9416,0.1662759006556375
9417,0.16617497424307417
9418,0.16107091692250086
9419,0.16115133513578883
9420,0.16412136805552638
9421,0.16470451848973355
9422,0.1632148498246778
9423,0.16502824796072219
9424,0.16115279992082207
9425,0.1630996237504685
9426,0.1599582960012431
9427,0.1621756996142448
9428,0.1616367544818656
9429,0.16007143580064073
9430,0.16198492102000914
9431,0.1671892058644317
9432,0.1635249828195365
9433,0.16275938258811012
9434,0.16220321948087468
9435,0.16486146567624285
9436,0.16045583355179746
9437,0.16430972433904362
9438,0.1649121751834139
9439,0.1644650175612196
9440,0.16106200749806535
9441,0.1584746457160344
9442,0.16928602678233376
9443,0.16329021644686492
9444,0.16257804538559492
9445,0.16147189846117213
9446,0.16728745498077718
9447,0.16536248695855593
9448,0.16218435835423042
9449,0.16357398248382526
9450,0.15851674507821326
9451,0.16265181518725966
9452,0.16067912266366982
9453,0.16447381923356885
9454,0.16473401263949006
9455,0.16332644359441037
9456,0.15844914133624832
9457,0.16170831697111301
9458,0.16427521987205457
9459,0.16442953910522182
9460,0.16000889420266037
9461,0.16860003791407352
9462,0.16206327961604036
9463,0.16628899616082188
9464,0.16436928655743643
9465,0.16178553001714527
9466,0.16190601376772587
9467,0.16476679564257046
9468,0.16559239954888103
9469,0.16056233730397065
9470,0.15423525008902386
9471,0.16512686921564002
9472,0.16085051619671414
9473,0.15964572603904406
9474,0.16344516715314408
9475,0.15933395288713711
9476,0.16111488865844434
9477,0.16269179461507197
9478,0.16294131008928814
9479,0.1630286753438355
9480,0.1667882997856167
9481,0.16243371973228626
9482,0.15994112735810387
9483,0.16265172479671436
9484,0.15936294253107317
9485,0.16482384478635018
9486,0.1647236328225872
9487,0.1618029255788185
9488,0.16888202936672428
9489,0.16246520216275157
9490,0.16555766843122974
9491,0.16971690073332676
9492,0.1612798957189577
9493,0.1641545605506279
9494,0.16334862649552676
9495,0.16853594384960893
9496,0.1633874844214473
9497,0.1644903162602595
9498,0.1619477041889686
9499,0.16059831776478292
9500,0.16089036825036254
9501,0.16439892625475253
9502,0.164048156541806
9503,0.16072077312855784
9504,0.16214742334748317
9505,0.16622521775014049
9506,0.16183535940743074
9507,0.16242382125571372
9508,0.16637832803467995
9509,0.16006321719684236
9510,0.15910520948416929
9511,0.16653666964093078
9512,0.16221013432823456
9513,0.16284705427111282
9514,0.16253646938382943
9515,0.16210031647755896
9516,0.16798538660980755
9517,0.16387797131444282
9518,0.16306473645625674
9519,0.16238979800940553
9520,0.16366900020603609
9521,0.16471435721709318
9522,0.16215738530604412
9523,0.16945927624437632
9524,0.16267989725362514
9525,0.1589715215023315
9526,0.1681661242752216
9527,0.16146697450397127
9528,0.1609633978622729
9529,0.15638047609097278
9530,0.1614257101392219
9531,0.16038493409027532
9532,0.16498536183533916
9533,0.1606525648761124
9534,0.16722187822750273
9535,0.1633152234448753
9536,0.16076206693910164
9537,0.16537789763756894
9538,0.16372205485239122
9539,0.16605301700255226
9540,0.15763287376676727
9541,0.16361146708742572
9542,0.1586262671598558
9543,0.16287915165480482
9544,0.1607170956405188
9545,0.16462547094142055
9546,0.1646181889671685
9547,0.16181469403792018
9548,0.1631917356610423
9549,0.16598482002077708
9550,0.16443485610206918
9551,0.16168530943507242
9552,0.16376651976569007
9553,0.1635500811115005
9554,0.16176558808572103
9555,0.16409473090304091
9556,0.16614131461426912
9557,0.16303229314083492
9558,0.16506263080569464
9559,0.16242631825154547
9560,0.1590708716913263
9561,0.16462253290810738
9562,0.1635388600076451
9563,0.15676936270702463
9564,0.16200535150593998
9565,0.1650630527624286
9566,0.16181140957872478
9567,0.15801704823004348
9568,0.1615099110574053
9569,0.16144005213961168
9570,0.16179010831340768
9571,0.1608504738062017
9572,0.16637461625162733
9573,0.1658669971165022
9574,0.16285729828742698
9575,0.1646707718843585
9576,0.16213629344554856
9577,0.1635251060702239
9578,0.16197760765119695
9579,0.16152016298949662
9580,0.16663210471509987
9581,0.15542709021210163
9582,0.16167975163274048
9583,0.1657717313138199
9584,0.16368232237549965
9585,0.16328162636416885
9586,0.16266723833130176
9587,0.1621938428941481
9588,0.16389802398375125
9589,0.16596671283595657
9590,0.16188693312154945
9591,0.1651142763020077
9592,0.16010709026828307
9593,0.15849457890890775
9594,0.16192473719633127
9595,0.16388263975517128
9596,0.1613657013352818
9597,0.16057416208375497
9598,0.15887420490939724
9599,0.162256319394268
9600,0.1634999924842026
9601,0.16544204800285245
9602,0.15496436982990294
9603,0.16665348063628824
9604,0.16041616301379472
9605,0.1573107688455408
9606,0.16533539908839132
9607,0.1650704548495515
9608,0.16207877327951054
9609,0.16713693450681869
9610,0.1612156020049803
9611,0.16447678943967778
9612,0.16134754477805863
9613,0.16050833889657354
9614,0.16783445022462087
9615,0.16338276250377595
9616,0.16077089301007094
9617,0.1645205456766757
9618,0.16263897167033045
9619,0.16508514330401078
9620,0.1668489801890197
9621,0.16134915808238778
9622,0.16398171823656407
9623,0.16024397896564657
9624,0.16024566340431498
9625,0.16497977988897275
9626,0.15919510306564352
9627,0.1684832436310414
9628,0.16487308462961806
9629,0.16269759628399033
9630,0.16359619503825923
9631,0.1604141216384342
9632,0.16323629783398372
9633,0.16240386338112303
9634,0.1620457288129527
9635,0.16264119311699105
9636,0.16279095647524142
9637,0.16685538009090026
9638,0.1589195268380113
9639,0.16005256104523408
9640,0.16445682146640328
9641,0.16645643467040222
9642,0.16022785813262816
9643,0.16139867371727318
9644,0.16282061068649611
9645,0.1589585955088631
9646,0.15964501060475328
9647,0.16116004910002502
9648,0.1644052017591139
9649,0.1664260425133059
9650,0.15901704914436485
9651,0.15848811885365477
9652,0.16240650056444436
9653,0.16462956315752056
9654,0.1672438735022034
9655,0.16089457025509663
9656,0.15949216952050144
9657,0.16324916304069964
9658,0.16001626521980195
9659,0.15913855750294284
9660,0.164996004041734
9661,0.16706183483873907
9662,0.16176422611225297
9663,0.1646246898616404
9664,0.16476911840333439
9665,0.15907215208340286
9666,0.1623008899305159
9667,0.16220798596047145
9668,0.15939244965068528
9669,0.1630026239879561
9670,0.1654592608174563
9671,0.1611182483606021
9672,0.160862348619198
9673,0.16207744089244056
9674,0.16368872234443532
9675,0.155073752604699
9676,0.16390248227244797
9677,0.1617950940542674
9678,0.16120282306314868
9679,0.15818531855615903
9680,0.16081255011510484
9681,0.1573120978117822
9682,0.16387761270490267
9683,0.16331590521641431
9684,0.16623647832983465
9685,0.16083701766444158
9686,0.15966428236698274
9687,0.16418304925964836
9688,0.158301877924425
9689,0.16484386555577904
9690,0.1636226995851246
9691,0.16672491176457266
9692,0.16042213542202882
9693,0.1651118240538581
9694,0.16110816143728116
9695,0.16684620674922043
9696,0.16416977574955094
9697,0.16634059617943772
9698,0.16696933927255628
9699,0.16428129989287735
9700,0.16217030340602454
9701,0.16437072637105982
9702,0.16067161223100726
9703,0.16591494451261993
9704,0.16122310347074867
9705,0.16099156470483417
9706,0.1648799259366934
9707,0.1674836404393608
9708,0.1633511350007008
9709,0.16250233885890142
9710,0.16563204248874935
9711,0.16364928124128106
9712,0.16367836011164963
9713,0.16299195494648733
9714,0.16213352290658856
9715,0.15731587953770992
9716,0.17033982778835688
9717,0.16327885784585977
9718,0.1583828950566216
9719,0.1607720028347159
9720,0.16165667206246087
9721,0.16418982728500353
9722,0.16875319584516982
9723,0.1597988886432543
9724,0.1576683415780514
9725,0.16641110247065202
9726,0.16189392393981156
9727,0.16259068511633185
9728,0.16372132523893035
9729,0.1614601290977666
9730,0.16345705115760492
9731,0.16332115869417013
9732,0.1639196986123131
9733,0.16238315768350964
9734,0.1624503860264084
9735,0.16334181618179192
9736,0.15801611541482
9737,0.16160438903014768
9738,0.15880991172040038
9739,0.1615767015157528
9740,0.16278712896906544
9741,0.15998240813322245
9742,0.16658470055340055
9743,0.1609319511348995
9744,0.16294425174529928
9745,0.16394861694178534
9746,0.16752268579076687
9747,0.1562071297737044
9748,0.1651744146259369
9749,0.16263265014960362
9750,0.1628099639630383
9751,0.15984626722215928
9752,0.16236034860473345
9753,0.16417323780443097
9754,0.16359093356130855
9755,0.16345439566123857
9756,0.16066657807587265
9757,0.16445446350456347
9758,0.15508767264396167
9759,0.16229067618648516
9760,0.16486488988543857
9761,0.16223051299668326
9762,0.16400764021777212
9763,0.1635572109126587
9764,0.15637765942790055
9765,0.16346643959555024
9766,0.16065986409316302
9767,0.16136896284847196
9768,0.16594052752796074
9769,0.16603889218277237
9770,0.16517572330369829
9771,0.16374781231416197
9772,0.1646872856335768
9773,0.16274214288950137
9774,0.15569547215557877
9775,0.15953208131509555
9776,0.16507701089562363
9777,0.1666143264867132
9778,0.16549021497022012
9779,0.16393657321481206
9780,0.16819366304856825
9781,0.1572600838783761
9782,0.16055088514376464
9783,0.16771801118281
9784,0.1625066521781725
9785,0.16401493474007936
9786,0.16301722781908703
9787,0.16426607035045995
9788,0.158826127443861
9789,0.15823245681855935
9790,0.16723950892632056
9791,0.16153315384749148
9792,0.16216670901150015
9793,0.16265487079939944
9794,0.1672873722545697
9795,0.16172039226923476
9796,0.16060553106202427
9797,0.16220639849323099
9798,0.16217120738756396
9799,0.16826753934070626
9800,0.16642827657305262
9801,0.1637228023988593
9802,0.15938421833729957
9803,0.1682445169681436
9804,0.16462688037097783
9805,0.15744487510616564
9806,0.15955483050759917
9807,0.16116247692497246
9808,0.16310541393571687
9809,0.1650193671717169
9810,0.16410051541432774
9811,0.1607728170135402
9812,0.15943487035373252
9813,0.16625413400608316
9814,0.16220534101063938
9815,0.15949394369452297
9816,0.16432629118488387
9817,0.15459685970742354
9818,0.161633986184518
9819,0.16300097760825347
9820,0.16039968751501113
9821,0.1610321154694974
9822,0.16186605351475025
9823,0.16330718441251194
9824,0.16623213721083516
9825,0.16316055523284623
9826,0.16681419538049796
9827,0.16277711138539847
9828,0.16214000757384445
9829,0.16132758361698118
9830,0.16429840933241668
9831,0.16244032283152832
9832,0.16411175861599808
9833,0.16343855665423657
9834,0.16607239524661604
9835,0.1619594355239112
9836,0.16255776240164152
9837,0.16031946023363886
9838,0.1612958968586486
9839,0.1677817046109788
9840,0.1684993794264391
9841,0.16352639098656757
9842,0.1640435093407907
9843,0.1667886039484101
9844,0.16388740691972378
9845,0.16354875912786943
9846,0.15964030651641423
9847,0.1592063719970649
9848,0.15570456687461873
9849,0.16162503775925657
9850,0.15816932012156484
9851,0.16847945264815362
9852,0.16714244261583083
9853,0.16654015916043013
9854,0.16345963626071514
9855,0.16546504595383793
9856,0.1625463083235136
9857,0.16400894322426426
9858,0.16159181209548149
9859,0.16053161828609852
9860,0.1602569306524036
9861,0.1674231642587045
9862,0.15948240649494427
9863,0.16558135959274906
9864,0.16316210214316185
9865,0.1672382238767093
9866,0.16251023742088103
9867,0.15990054359403635
9868,0.16396858260214894
9869,0.16249645721921985
9870,0.16394947023902284
9871,0.16697755060787184
9872,0.16750027131647127
9873,0.16809368979902847
9874,0.16672276383281434
9875,0.1603205408995804
9876,0.15721068264608543
9877,0.1554586668400089
9878,0.16341074365375952
9879,0.16066656419007846
9880,0.16026624628456237
9881,0.16618578629215391
9882,0.16735313484288192
9883,0.16448640400318854
9884,0.16178084583361307
9885,0.16238566197047202
9886,0.16314367135963007
9887,0.16447034127146268
9888,0.1615720142717451
9889,0.16606865725308645
9890,0.15788000915756598
9891,0.16502820476132463
9892,0.1636244556244025
9893,0.16272528141491954
9894,0.16114936420346926
9895,0.16339995121575232
9896,0.1636176030954345
9897,0.16282330098071354
9898,0.1604575638087174
9899,0.1613716731853846
9900,0.1648758340626584
9901,0.15907996245278452
9902,0.1639962523674375
9903,0.1634771950123188
9904,0.16203078866886278
9905,0.15944393582988797
9906,0.16179021567111276
9907,0.1599877453759618
9908,0.16162120002652636
9909,0.1620835507992314
9910,0.1625872693291504
9911,0.16481260423876493
9912,0.16365268277763637
9913,0.16435719617073996
9914,0.16661004169068958
9915,0.162101380823957
9916,0.16498294330664706
9917,0.15917968489233003
9918,0.1636193932998914
9919,0.15473444532295844
9920,0.16498439726127057
9921,0.16441370392143345
9922,0.16400862821611367
9923,0.1611153478814677
9924,0.15785014632794292
9925,0.16031163396365516
9926,0.16289355893961074
9927,0.1678902297686361
9928,0.1618300262810706
9929,0.16025687544331965
9930,0.16590165239628737
9931,0.16732775398646574
9932,0.16407623822151857
9933,0.1580576859053808
9934,0.16230701213287868
9935,0.15634696119526487
9936,0.16629405001007622
9937,0.16571392760101492
9938,0.1630041807720308
9939,0.1672186613097412
9940,0.16411528464662553
9941,0.16785138893196921
9942,0.1604718017518506
9943,0.16301378157823074
9944,0.15909539378778467
9945,0.16213610724014815
9946,0.16124675741497946
9947,0.1632751934886339
9948,0.15836538894445204
9949,0.16502740766293172
9950,0.16146243510059086
9951,0.15805403817610356
9952,0.16179730506467557
9953,0.1594454421213229
9954,0.1644711458148801
9955,0.16342999270107864
9956,0.1635854142066098
9957,0.16046944043220054
9958,0.15850145370730576
9959,0.16266515205972742
9960,0.1594394883735645
9961,0.1629606587321882
9962,0.1646981155277433
9963,0.16220619426305244
9964,0.16203089965350229
9965,0.1597559453286488
9966,0.16023794071712322
9967,0.16340984265292424
9968,0.1615626085939463
9969,0.164857882121248
9970,0.1639538237497133
9971,0.15798362708525307
9972,0.16362080779264873
9973,0.15779025026964175
9974,0.16540257298277486
9975,0.16006549907357787
9976,0.1576630317788922
9977,0.16015749349341474
9978,0.1647350021454707
9979,0.16495201046973423
9980,0.16685715418951036
9981,0.16428544789483576
9982,0.15957598080296295
9983,0.16499959692329946
9984,0.16005961755478257
9985,0.1588279198623437
9986,0.16442403535247954
9987,0.16254671418043176
9988,0.15763885151981447
9989,0.16381114068096336
9990,0.15938176173519955
9991,0.16353646825310308
9992,0.16329778173993661
9993,0.16012400856373876
9994,0.16528259145768429
9995,0.16367538303162826
9996,0.16215103381705495
9997,0.16309138369298737
9998,0.16479932040889556
9999,0.1607972354915399
