seed,cso,lb_diff,size_diff
0,0.12924331239450845,-0.24598055675841302,0.008466453674121382
1,0.13434213740135562,-0.1911912847277617,0.03712183156173343
2,0.15999403681296165,0.006893006459977813,0.008466453674121382
3,0.14647575959426884,0.16025053822041335,0.09205807002561911
4,0.1465113832482166,0.036199275311367685,0.029082047116165716
5,0.1372110913364708,0.11436990526547697,0.16923076923076924
6,0.13081062957095901,-0.24635253905205584,0.056644518272425226
7,0.1465113832482166,0.036199275311367685,0.029082047116165716
8,0.14041183667278287,0.07811041539710628,0.11109185441941072
9,0.13618561512422656,-0.18841584318024274,0.034094616639477965
10,0.13828938213868913,0.014602949302764068,-0.007722616233254542
11,0.16004489534864197,0.004829935431389543,0.007501995211492418
12,0.1529870489842786,0.1888138619526295,0.015261044176706817
13,0.14754015896124137,0.014774363626768261,0.010399999999999993
14,0.15242493498788556,0.07503750563895972,-0.00015860428231562196
15,0.12377058612838995,0.03616896677042086,0.10206540447504303
16,0.14653834079406475,0.03439467673990304,0.028084415584415573
17,0.14540397550226777,0.08709812041860776,0.08003384094754651
18,0.14995944738352046,0.1365118128759788,0.04220032840722496
19,0.1325465507227807,0.03688121748267159,0.059783513738551175
20,0.15059533241551631,0.20562913623059031,0.05560165975103731
21,0.1514964620992078,0.07554953840905698,-0.003952569169960479
22,0.14077487542163572,0.11244041006314076,0.1306948109058927
23,0.12639267214808358,-0.24874392433716053,-0.024397824397824397
24,0.13877182104098018,0.054829935431389476,0.007501995211492418
25,0.14728298429823553,-0.013446114759554317,0.029082047116165716
26,0.14909474740197887,-0.014941457833979654,-0.0030063291139240667
27,0.15072747287788202,-0.09139487297054066,0.018196457326892096
28,0.14653834079406475,0.03439467673990304,0.028084415584415573
29,0.1456731055441732,0.10128520430045151,0.06716917922948074
30,0.1470426757588623,-0.021168456420660897,0.034094616639477965
31,0.13401776186615647,-0.16118613804737053,0.08438030560271648
32,0.16045513405725614,0.009637627739081833,-0.040613026819923376
33,0.1372110913364708,0.11436990526547697,0.16923076923076924
34,0.1514308228465402,0.05867608927754331,0.007501995211492418
35,0.1502656663192251,-0.01714808654663247,0.020161290322580627
36,0.14647575959426884,0.16025053822041335,0.09205807002561911
37,0.13556897807740573,0.0186537927335077,0.0953767123287671
38,0.14680025916704564,-0.033500334980792135,0.04016393442622951
39,0.1465113832482166,0.036199275311367685,0.029082047116165716
40,0.14041183667278287,0.07811041539710628,0.11109185441941072
41,0.14950292128953477,-0.051946621345167254,0.041181296144380625
42,0.14041183667278287,0.07811041539710628,0.11109185441941072
43,0.1470129294560047,0.0736429115926085,0.060833333333333295
44,0.14157575912420325,0.1475695487592381,0.12835820895522387
45,0.14922721203071398,0.15939054510035833,0.0714285714285714
46,0.12785372456246544,-0.23911593351447943,-0.03346183500385505
47,0.1296892535085113,-0.291725361123907,0.04424342105263157
48,0.14041183667278287,0.07811041539710628,0.11109185441941072
49,0.12629265013968266,0.0719923802373389,0.08003384094754651
50,0.13993883508248156,0.027000747075885345,0.15816876122082585
51,0.13468844592835572,0.036908495169523714,-0.016118935837245718
52,0.16045513405725614,0.009637627739081833,-0.040613026819923376
53,0.14167363645111128,0.0750833814073788,0.09648671808054843
54,0.154774409882752,0.2715523434581454,0.0231204527081649
55,0.12532679895363433,0.04616503711131881,0.09871244635193133
56,0.14610935100985262,-0.0009708211890392393,0.052483443708609245
57,0.1274114049330167,0.12918104444507517,0.07464195450716088
58,0.14498526738339873,0.06257930772082121,0.08656462585034014
59,0.14487707252831183,0.04329147389292798,0.06399331662489555
60,0.1465113832482166,0.036199275311367685,0.029082047116165716
61,0.13281992517777066,-0.1233751927737387,0.041181296144380625
62,0.1459230663337282,-0.042234841896545694,0.05144747725392884
63,0.15159122121281537,0.04140468144009779,0.012339743589743574
64,0.1372110913364708,0.11436990526547697,0.16923076923076924
65,0.12906321100327237,-0.21109449101935274,0.03208469055374591
66,0.13275078950292996,-0.11868035709298752,0.03108218063466231
67,0.14754015896124137,0.014774363626768261,0.010399999999999993
68,0.15490424007269857,0.21111154309708025,0.036111111111111094
69,0.1492244725937965,-0.051599037055977126,0.021146085552865207
70,0.14041183667278287,0.07811041539710628,0.11109185441941072
71,0.13376334434797052,-0.014848060990792944,0.09426860564585116
72,0.1302693493417042,-0.09338672679911353,0.036111111111111094
73,0.1326818328385311,-0.19947379941896914,0.05873544093178035
74,0.12938894171705106,-0.25236070002011546,-0.02073265783320344
75,0.1279534615602963,-0.2615865748875598,-0.005840568271507501
76,0.15782658614330616,0.3134527642155086,-0.003952569169960479
77,0.12971429216095084,-0.22205148639588068,0.024110032362459538
78,0.15011501248327708,0.12349625204992454,0.04016393442622951
79,0.14754015896124137,0.014774363626768261,0.010399999999999993
80,0.1465113832482166,0.036199275311367685,0.029082047116165716
81,0.15541968427006425,0.02521918473630147,-0.0030063291139240667
82,0.15429633587031322,0.03656501649382482,-0.027131782945736455
83,0.1254279794005099,0.07579921383100852,0.0714285714285714
84,0.1253689481091375,0.04900575960721365,0.10094582975064487
85,0.14353031419400003,0.13218036278181688,0.11222896790980053
86,0.12565974912199918,0.07911701906426749,0.06929530201342282
87,0.15072747287788202,-0.09139487297054066,0.018196457326892096
88,0.14041183667278287,0.07811041539710628,0.11109185441941072
89,0.13784540000683135,0.06395263091772141,-0.009598741148701823
90,0.1514964620992078,0.07554953840905698,-0.003952569169960479
91,0.13063576651120193,-0.08121445496082697,0.0007936507936507908
92,0.145087929243397,0.11119270846082918,0.07249789739276702
93,0.1258222733043756,0.044757749552752024,0.0909556313993174
94,0.12563604596103728,-0.24472695928679553,-0.032561728395061745
95,0.1372110913364708,0.11436990526547697,0.16923076923076924
96,0.14909474740197887,-0.014941457833979654,-0.0030063291139240667
97,0.1535517635804785,-0.013485082883628818,0.020161290322580627
98,0.1390942223813745,0.09912903734470457,0.1521000893655049
99,0.12322117103040243,-0.23953680893535484,-0.04942965779467681
100,0.1459230663337282,-0.042234841896545694,0.05144747725392884
101,0.1372110913364708,0.11436990526547697,0.16923076923076924
102,0.14933713962886852,0.11804230445771202,0.048349834983498347
103,0.14603189687876383,0.008407752962695414,0.048349834983498347
104,0.12924523328284873,-0.19180786385541637,0.049380677126341865
105,0.13617879026103727,0.02391162893168769,0.005577689243027872
106,0.12532679895363433,0.04616503711131881,0.09871244635193133
107,0.1330395249644861,-0.09017466156523934,-0.0011093502377179099
108,0.15541968427006425,0.02521918473630147,-0.0030063291139240667
109,0.14877560740106394,-0.025398621953717393,0.060833333333333295
110,0.1526062178532139,-0.2254160091002693,0.041181296144380625
111,0.14647575959426884,0.16025053822041335,0.09205807002561911
112,0.14498956913096606,0.11252224312369719,0.07356902356902356
113,0.123761311232816,0.11821502129353956,0.075716694772344
114,0.13296785954684476,-0.2328990022975482,-0.03883346124328474
115,0.14754015896124137,0.014774363626768261,0.010399999999999993
116,0.1465113832482166,0.036199275311367685,0.029082047116165716
117,0.1326933837058187,-0.11405118344972937,0.0330888345558272
118,0.14498956913096606,0.11252224312369719,0.07356902356902356
119,0.12683796057998095,-0.25499178790964716,-0.017968750000000006
120,0.13206770048272717,0.03696235996887737,0.06399331662489555
121,0.14633695191113572,-0.06902736668678217,0.0231204527081649
122,0.13094853617182153,-0.2540507187981019,0.048349834983498347
123,0.1529034991167714,0.059820399512762634,-0.009598741148701823
124,0.12740109666716146,-0.26168777921910524,-0.010534591194968551
125,0.14754015896124137,0.014774363626768261,0.010399999999999993
126,0.1468799124231496,0.11472004532149938,0.06293823038397328
127,0.1496716061282911,0.0732060038074579,-0.01704456606724003
128,0.13146257193439853,0.06945426459060244,0.09426860564585116
129,0.12158477860101474,0.08001463773473594,0.10543572044866262
130,0.14353031419400003,0.13218036278181688,0.11222896790980053
131,0.13301615119706378,-0.07327294328498613,0.07464195450716088
132,0.1465113832482166,0.036199275311367685,0.029082047116165716
133,0.14514561254419786,-0.020176018367133952,0.0714285714285714
134,0.14653834079406475,0.03439467673990304,0.028084415584415573
135,0.13677781099403957,0.06667677456107945,0.22199248120300752
136,0.14727976571231688,-0.01307216247070836,0.022132471728594505
137,0.1286097067652446,0.05290685850831256,0.059783513738551175
138,0.1465113832482166,0.036199275311367685,0.029082047116165716
139,0.1372110913364708,0.11436990526547697,0.16923076923076924
140,0.1390942223813745,0.09912903734470457,0.1521000893655049
141,0.1336803899093476,-0.0731468822714556,-0.030757341576506975
142,0.16045513405725614,0.009637627739081833,-0.040613026819923376
143,0.1281688820158235,-0.1529542598954679,0.04016393442622951
144,0.150934956751986,0.14329147389292796,0.03208469055374591
145,0.155157366523089,0.27589220649366053,0.020161290322580627
146,0.13236687270254202,-0.2408494952700676,-0.023483670295489895
147,0.13784540000683135,0.06395263091772141,-0.009598741148701823
148,0.1372110913364708,0.11436990526547697,0.16923076923076924
149,0.14754015896124137,0.014774363626768261,0.010399999999999993
150,0.15808910010301125,0.19713762773908183,-0.01704456606724003
151,0.1421425253315371,0.14329147389292796,0.11794425087108013
152,0.1252267211470969,-0.2585953185599022,-0.03704842428900845
153,0.15769128139049263,0.027162441634863477,0.02609400324149108
154,0.12565974912199918,0.07911701906426749,0.06929530201342282
155,0.14875511840702413,-0.02925754571491518,0.002702702702702703
156,0.14754015896124137,0.014774363626768261,0.010399999999999993
157,0.14479222698536703,0.16972825550212334,0.09871244635193133
158,0.15173461542276573,0.19756656682973095,0.01623794212218649
159,0.15401020988708283,0.0071698008891257214,0.010399999999999993
160,0.1442451214011716,0.12238751909066814,0.10543572044866262
161,0.1535517635804785,-0.013485082883628818,0.020161290322580627
162,0.15059533241551631,0.20562913623059031,0.05560165975103731
163,0.1490506573636489,0.004829935431389543,0.007501995211492418
164,0.16045513405725614,0.009637627739081833,-0.040613026819923376
165,0.12740109666716146,-0.26168777921910524,-0.010534591194968551
166,0.12840066780987056,0.09818761632616235,0.08656462585034014
167,0.14909474740197887,-0.014941457833979654,-0.0030063291139240667
168,0.12678929093587474,-0.2463910657896117,-0.00015860428231562196
169,0.12878344511357562,-0.2594766921970374,0.036111111111111094
170,0.14867342777002196,-0.03224809445239574,0.025101214574898778
171,0.13371926787796154,0.04844611306818569,0.0381342062193126
172,0.12921008745479745,-0.20089457261869992,0.048349834983498347
173,0.1465113832482166,0.036199275311367685,0.029082047116165716
174,0.14909474740197887,-0.014941457833979654,-0.0030063291139240667
175,0.12633682731282042,0.11094823956949562,0.050413223140495844
176,0.12568270628548933,-0.2489790575080382,-0.0415007656967841
177,0.145706956512421,-0.040041859440405336,0.08547153780798639
178,0.16045513405725614,0.009637627739081833,-0.040613026819923376
179,0.1304266438309073,-0.0776762680425559,-0.003952569169960479
180,0.12882705038056275,-0.268708526107072,-0.0020585906571654877
181,0.14487707252831183,0.04329147389292798,0.06399331662489555
182,0.1296736582357076,-0.09489948088094136,0.15695067264573992
183,0.14041183667278287,0.07811041539710628,0.11109185441941072
184,0.15541968427006425,0.02521918473630147,-0.0030063291139240667
185,0.14880363375070496,-0.060708526107072,-0.0020585906571654877
186,0.12656653021288183,-0.23395971094119525,-0.03794162826420891
187,0.14041183667278287,0.07811041539710628,0.11109185441941072
188,0.1459230663337282,-0.042234841896545694,0.05144747725392884
189,0.12060642640726339,0.05819662294441852,0.12255244755244754
190,0.14676406811711126,-0.08527995467850058,0.02708840227088402
191,0.14041183667278287,0.07811041539710628,0.11109185441941072
192,0.1496716061282911,0.0732060038074579,-0.01704456606724003
193,0.1298467099022421,-0.21670852610707203,0.04732069249793899
194,0.1581709144223856,0.31472004532149944,-0.006782334384858063
195,0.14703798294642575,-0.019645589044134937,0.0330888345558272
196,0.14647575959426884,0.16025053822041335,0.09205807002561911
197,0.14677434338339992,-0.03224809445239574,0.025101214574898778
198,0.16015148072376226,0.2345357135242644,-0.032561728395061745
199,0.14487707252831183,0.04329147389292798,0.06399331662489555
200,0.14897645729862358,-0.007889628469276766,0.0017474185861794944
201,0.14157575912420325,0.1475695487592381,0.12835820895522387
202,0.12744051973819592,-0.2608751927737387,-0.011468970934799705
203,0.14647575959426884,0.16025053822041335,0.09205807002561911
204,0.14624056947341627,0.01173001209890806,0.048349834983498347
205,0.15682045386896268,0.09167857066712148,-0.003952569169960479
206,0.15636630128458248,0.0150656674413151,-0.003952569169960479
207,0.14099507240642792,0.1369590200670705,0.13421516754850088
208,0.15463382148458807,0.16414455446164833,-0.03794162826420891
209,0.14157575912420325,0.1475695487592381,0.12835820895522387
210,0.1336354763166257,-0.13527995467850057,0.08547153780798639
211,0.1410075830465259,0.11548398726191189,0.12835820895522387
212,0.14213913381530732,0.04978498038643442,-0.019812792511700483
213,0.13316798645358408,-0.02192591741141986,-0.0415007656967841
214,0.12526251576525402,0.059611948670376,0.08656462585034014
215,0.14041183667278287,0.07811041539710628,0.11109185441941072
216,0.1506741694402251,-0.06434741499596092,0.03510204081632651
217,0.13375762864971766,0.007001151312282794,-0.003952569169960479
218,0.15396525151875584,0.18032851092996505,0.017216411906677387
219,0.14227368635403864,0.05923350287843521,0.0953767123287671
220,0.14512926252594888,0.04637789364601441,0.07249789739276702
221,0.15334875852538227,0.04756497816643224,-0.01704456606724003
222,0.1536329601117033,0.06665595987423634,0.06929530201342282
223,0.149236089801146,0.03881386195262948,0.08438030560271648
224,0.15428753617664265,0.24366600572813402,0.014285714285714263
225,0.16004489534864197,0.004829935431389543,0.007501995211492418
226,0.12936946846597205,-0.2615030466550172,0.039148239148239145
227,0.136183583700632,0.12460635278566157,0.036111111111111094
228,0.1465113832482166,0.036199275311367685,0.029082047116165716
229,0.1465113832482166,0.036199275311367685,0.029082047116165716
230,0.15976974518397094,0.10098378158523569,-0.040613026819923376
231,0.13073245395639146,-0.22006730473302621,0.009432454036770566
232,0.13254184993058904,0.11854231001332927,0.04629324546952224
233,0.15011501248327708,0.12349625204992454,0.04016393442622951
234,0.15863687872903023,0.06105797135485691,-0.05030395136778115
235,0.13138476124439707,0.02181908125489118,0.07464195450716088
236,0.1410075830465259,0.11548398726191189,0.12835820895522387
237,0.14887366907537367,0.09269858851743396,0.0007936507936507908
238,0.13397272057588305,-0.07512957873865095,0.05144747725392884
239,0.12526251576525402,0.059611948670376,0.08656462585034014
240,0.14653834079406475,0.03439467673990304,0.028084415584415573
241,0.1345094351393922,-0.10888243915055029,0.07036104114189756
242,0.14754015896124137,0.014774363626768261,0.010399999999999993
243,0.1449417207498557,-0.04630390182961536,0.09648671808054843
244,0.15922365662123805,0.24813728887090158,-0.023483670295489895
245,0.11759467244526066,0.02504329871044625,0.17295825771324863
246,0.15011501248327708,0.12349625204992454,0.04016393442622951
247,0.13012180891821223,0.0005405445248982121,0.01623794212218649
248,0.154774409882752,0.2715523434581454,0.0231204527081649
249,0.15666800113662765,0.05182389710111912,0.04016393442622951
250,0.1465113832482166,0.036199275311367685,0.029082047116165716
251,0.15747132091520497,-0.055324443062089335,0.036111111111111094
252,0.14157575912420325,0.1475695487592381,0.12835820895522387
253,0.12863858997072122,-0.2829496608588451,0.029082047116165716
254,0.14487707252831183,0.04329147389292798,0.06399331662489555
255,0.14485719284711202,0.19836393766104388,0.0953767123287671
256,0.1301142600936429,-0.2675193369178828,0.006539074960127594
257,0.1372110913364708,0.11436990526547697,0.16923076923076924
258,0.1321962422103397,-0.11757809132446334,0.0953767123287671
259,0.125165258316727,-0.256708526107072,-0.02531055900621118
260,0.14887366907537367,0.09269858851743396,0.0007936507936507908
261,0.16011688181421704,0.29970173030318437,-0.01704456606724003
262,0.1465113832482166,0.036199275311367685,0.029082047116165716
263,0.16045513405725614,0.009637627739081833,-0.040613026819923376
264,0.13337123779184262,-0.1551700645686105,0.07356902356902356
265,0.1514964620992078,0.07554953840905698,-0.003952569169960479
266,0.12475570445315963,0.06192501426559882,0.07036104114189756
267,0.13984929043769434,0.028291473892927965,0.15938903863432163
268,0.14754015896124137,0.014774363626768261,0.010399999999999993
269,0.12291532538039776,-0.24565324972516248,-0.048554033485540354
270,0.13644378287617018,0.020323276013069325,0.03008130081300811
271,0.13560354895295512,0.034873965475419544,0.04424342105263157
272,0.13292196507843826,0.023423924224053816,0.049380677126341865
273,0.13677781099403957,0.06667677456107945,0.22199248120300752
274,0.12384364420860448,0.020380422679989962,0.12486865148861648
275,0.1296445411022595,-0.259384111391353,0.04629324546952224
276,0.1372110913364708,0.11436990526547697,0.16923076923076924
277,0.1372110913364708,0.11436990526547697,0.16923076923076924
278,0.13109139068935685,-0.06326590315625236,0.1190932868352223
279,0.1465113832482166,0.036199275311367685,0.029082047116165716
280,0.15769128139049263,0.027162441634863477,0.02609400324149108
281,0.13353973792837628,-0.1233751927737387,0.029082047116165716
282,0.1465113832482166,0.036199275311367685,0.029082047116165716
283,0.14540397550226777,0.08709812041860776,0.08003384094754651
284,0.1589991283731112,0.183291473892928,-0.02531055900621118
285,0.15587017278607448,0.018374530371333297,0.048349834983498347
286,0.14629544802287575,-0.07232414172268764,0.08220338983050846
287,0.15334777135219502,-0.04606213827437239,0.010399999999999993
288,0.1416788550949272,0.07219320799697426,0.09648671808054843
289,0.15703320807330853,0.04089912939532031,-0.03972392638036812
290,0.1459230663337282,-0.042234841896545694,0.05144747725392884
291,0.12770419741719058,-0.26179327186978385,-0.015191855912294439
292,0.1490011346713563,0.029672796850126415,0.004617834394904458
293,0.1345956030261957,-0.1212452673211295,0.060833333333333295
294,0.13677781099403957,0.06667677456107945,0.22199248120300752
295,0.14514561254419786,-0.020176018367133952,0.0714285714285714
296,0.1465113832482166,0.036199275311367685,0.029082047116165716
297,0.1465113832482166,0.036199275311367685,0.029082047116165716
298,0.1487212000895707,-0.031005714862092082,-0.0030063291139240667
299,0.12774291274756555,-0.26168777921910524,-0.010534591194968551
300,0.12540049270220874,0.07177248655115587,0.06399331662489555
301,0.14157575912420325,0.1475695487592381,0.12835820895522387
302,0.1535517635804785,-0.013485082883628818,0.020161290322580627
303,0.14754015896124137,0.014774363626768261,0.010399999999999993
304,0.14960548841115304,-0.022319385835578798,-0.02894736842105264
305,0.1515937749243596,0.09927602987748396,0.006539074960127594
306,0.14514561254419786,-0.020176018367133952,0.0714285714285714
307,0.14041183667278287,0.07811041539710628,0.11109185441941072
308,0.12641769997879554,0.031740318777416454,0.050413223140495844
309,0.14653834079406475,0.03439467673990304,0.028084415584415573
310,0.14754015896124137,0.014774363626768261,0.010399999999999993
311,0.12969469105666398,-0.25502785383816445,-0.013333333333333336
312,0.13163124725064518,-0.2236004179989639,0.04322103533278554
313,0.14517130224874727,-0.02192591741141986,0.07036104114189756
314,0.1372110913364708,0.11436990526547697,0.16923076923076924
315,0.15086434976618573,0.04159655863869072,0.04220032840722496
316,0.15587791071829712,-0.0366172019061588,-0.030757341576506975
317,0.14498956913096606,0.11252224312369719,0.07356902356902356
318,0.12683703937616078,-0.2007843554909583,-0.03794162826420891
319,0.13010563771227365,-0.18201716808238066,0.07249789739276702
320,0.1306285103229806,-0.23485422147131044,0.049380677126341865
321,0.15474870300874924,0.0648964121645329,0.07249789739276702
322,0.1416788550949272,0.07219320799697426,0.09648671808054843
323,0.15541968427006425,0.02521918473630147,-0.0030063291139240667
324,0.14479222698536703,0.16972825550212334,0.09871244635193133
325,0.1535517635804785,-0.013485082883628818,0.020161290322580627
326,0.15999403681296165,0.006893006459977813,0.008466453674121382
327,0.15270719218816992,-0.04854526080094956,-0.006782334384858063
328,0.15059533241551631,0.20562913623059031,0.05560165975103731
329,0.12294176758808853,0.025285933726722998,0.11336805555555557
330,0.14594036639329105,-0.061104130502676435,0.020161290322580627
331,0.14041183667278287,0.07811041539710628,0.11109185441941072
332,0.14992348110834525,0.08122250837568656,0.03712183156173343
333,0.12638616237417194,-0.20000354526416014,0.008466453674121382
334,0.147540621938683,0.016776322377776487,0.011369095276220959
335,0.12864307334130767,-0.26425569591839276,0.012339743589743574
336,0.1307364786574658,0.056111986713440754,0.059783513738551175
337,0.15378852712954613,0.12630305690451094,0.006539074960127594
338,0.12869753477320336,0.056194699699379624,0.05768911055694098
339,0.12630915903322887,-0.2371963309851208,0.07679324894514766
340,0.16045513405725614,0.009637627739081833,-0.040613026819923376
341,0.154638639902635,0.21472004532149935,0.02708840227088402
342,0.13284599757707483,0.16593298332689022,0.06610878661087866
343,0.14754015896124137,0.014774363626768261,0.010399999999999993
344,0.14680025916704564,-0.033500334980792135,0.04016393442622951
345,0.13711820725959176,-0.2754219763994697,-0.07257824143070046
346,0.14041183667278287,0.07811041539710628,0.11109185441941072
347,0.14754015896124137,0.014774363626768261,0.010399999999999993
348,0.147540621938683,0.016776322377776487,0.011369095276220959
349,0.13317766636076456,-0.14074761405495478,0.05456053067993366
350,0.1270256927159458,-0.2763163692443269,0.002702702702702703
351,0.1503729238404841,-0.00688153648769485,0.036111111111111094
352,0.15541968427006425,0.02521918473630147,-0.0030063291139240667
353,0.12921911641056152,-0.2160305600053771,0.04220032840722496
354,0.16450275139704748,0.2812593883314306,-0.05897435897435899
355,0.1345256594426917,-0.09705940330005447,0.09205807002561911
356,0.14703798294642575,-0.019645589044134937,0.0330888345558272
357,0.15504338734271658,-0.018396837795383703,0.05560165975103731
358,0.15533863630439418,0.12488143205192381,-0.012401883830455263
359,0.12563604596103728,-0.24472695928679553,-0.032561728395061745
360,0.14514561254419786,-0.020176018367133952,0.0714285714285714
361,0.13214051776950164,0.020265158103454306,0.05144747725392884
362,0.14754015896124137,0.014774363626768261,0.010399999999999993
363,0.12702207887904846,-0.004134000361814549,0.12255244755244754
364,0.15541968427006425,0.02521918473630147,-0.0030063291139240667
365,0.14484121839911754,0.020903414191435432,0.08438030560271648
366,0.13381854417969044,-0.13203320143174735,0.05560165975103731
367,0.1495332212876035,0.12633034315087854,0.03008130081300811
368,0.14041183667278287,0.07811041539710628,0.11109185441941072
369,0.13474831017999664,-0.09167785126044625,0.07464195450716088
370,0.1547898909264378,-0.019733736191105633,-0.013333333333333336
371,0.1477084386872712,0.06021455081600491,0.07356902356902356
372,0.12517451910298322,0.0595156626834884,0.0887563884156729
373,0.13141292186813078,-0.19402195894289292,0.08438030560271648
374,0.15429510206447256,0.23282215981350562,0.024110032362459538
375,0.13293393096600603,0.04004472064617476,0.05560165975103731
376,0.1459230663337282,-0.042234841896545694,0.05144747725392884
377,0.1304215399844275,-0.19712150545810447,0.0887563884156729
378,0.120707255683135,0.0715933606853808,0.12486865148861648
379,0.1541392924135928,0.18773591833737246,-0.02531055900621118
380,0.14498956913096606,0.11252224312369719,0.07356902356902356
381,0.14348506208124281,0.07559916620062024,0.07356902356902356
382,0.15597637373992088,-0.009451142140827318,-0.014263322884012553
383,0.1459230663337282,-0.042234841896545694,0.05144747725392884
384,0.1503889337784306,0.06630402619418319,-0.012401883830455263
385,0.1267600598440718,-0.23393624887934925,-0.045919145690312746
386,0.13563905540227125,-0.014155334617710347,-0.016118935837245718
387,0.14671249459450764,0.03837344110604274,0.052483443708609245
388,0.1487212000895707,-0.031005714862092082,-0.0030063291139240667
389,0.13257813986007894,0.021552343458145384,0.07036104114189756
390,0.14976517142330936,0.0306332460448267,0.06399331662489555
391,0.1285039989970661,0.05103141197342331,0.0714285714285714
392,0.14691798146235407,-0.007022991515877042,0.06610878661087866
393,0.14814912276365585,-0.02072236693752183,0.036111111111111094
394,0.14041183667278287,0.07811041539710628,0.11109185441941072
395,0.13748342838459315,0.08641501701647114,0.19575645756457566
396,0.15059533241551631,0.20562913623059031,0.05560165975103731
397,0.14036655281165628,0.15806719948659553,0.13421516754850088
398,0.13134896783952318,-0.08452807497925247,0.013311948676824364
399,0.1297232590271281,-0.06984721223845886,0.021146085552865207
400,0.1561249965237574,0.11687637955330532,0.012339743589743574
401,0.12535510607262998,-0.00747775687630281,0.07356902356902356
402,0.12169349745403002,0.068291473892928,0.11222896790980053
403,0.14041183667278287,0.07811041539710628,0.11109185441941072
404,0.15982775932319143,0.09884702944848356,-0.0415007656967841
405,0.13225258992074235,0.16708568611157748,0.05873544093178035
406,0.1286433330988049,-0.24775330222647501,0.015261044176706817
407,0.15069040501059466,0.16666809726955134,0.05560165975103731
408,0.1242765731762834,0.025580302230802654,0.12024432809773122
409,0.14498956913096606,0.11252224312369719,0.07356902356902356
410,0.1372110913364708,0.11436990526547697,0.16923076923076924
411,0.15730463280883764,0.05206340371748941,-0.02256809338521401
412,0.14888158647349933,0.09091052151197565,-0.00015860428231562196
413,0.15017314765087972,0.12689803126997712,0.052483443708609245
414,0.13498539735546702,-0.17640549580404175,0.011369095276220959
415,0.15118484301970023,0.25509702944848356,0.03510204081632651
416,0.1280364212441431,-0.264708526107072,-0.0020585906571654877
417,0.14754015896124137,0.014774363626768261,0.010399999999999993
418,0.1522387613884127,-0.028556033438450312,0.0909556313993174
419,0.14841370201386156,-0.060041859440405354,0.04732069249793899
420,0.13883169142715365,0.06053285320327284,-0.018891491022638568
421,0.12744051973819592,-0.2608751927737387,-0.011468970934799705
422,0.14157575912420325,0.1475695487592381,0.12835820895522387
423,0.16004489534864197,0.004829935431389543,0.007501995211492418
424,0.1503889337784306,0.06630402619418319,-0.012401883830455263
425,0.13574046340985504,-0.00670852610707201,0.04732069249793899
426,0.14754015896124137,0.014774363626768261,0.010399999999999993
427,0.1253689481091375,0.04900575960721365,0.10094582975064487
428,0.1490116622931838,-0.11772547525961441,0.04220032840722496
429,0.15541968427006425,0.02521918473630147,-0.0030063291139240667
430,0.15772829968833557,0.3143758112423256,-0.0030063291139240667
431,0.1459230663337282,-0.042234841896545694,0.05144747725392884
432,0.16045513405725614,0.009637627739081833,-0.040613026819923376
433,0.13391256384840255,0.04154931361418235,0.034094616639477965
434,0.14633695191113572,-0.06902736668678217,0.0231204527081649
435,0.15905310116657081,0.021760373414459078,-0.03972392638036812
436,0.1264692109761559,-0.26847323198942497,0.002702702702702703
437,0.14754015896124137,0.014774363626768261,0.010399999999999993
438,0.1372110913364708,0.11436990526547697,0.16923076923076924
439,0.1372110913364708,0.11436990526547697,0.16923076923076924
440,0.1270256927159458,-0.2763163692443269,0.002702702702702703
441,0.1514964620992078,0.07554953840905698,-0.003952569169960479
442,0.1465113832482166,0.036199275311367685,0.029082047116165716
443,0.1465113832482166,0.036199275311367685,0.029082047116165716
444,0.13138927474932977,-0.0028078168872138765,0.029082047116165716
445,0.15157612860036468,0.18954997729428857,0.041181296144380625
446,0.14653834079406475,0.03439467673990304,0.028084415584415573
447,0.14683703163795053,-0.010167645603927356,0.06610878661087866
448,0.14348506208124281,0.07559916620062024,0.07356902356902356
449,0.14754015896124137,0.014774363626768261,0.010399999999999993
450,0.15699200543606678,-0.23795852610707202,-0.02622187742435997
451,0.14465592130705368,0.040146819804877665,0.06610878661087866
452,0.14041183667278287,0.07811041539710628,0.11109185441941072
453,0.15429510206447256,0.23282215981350562,0.024110032362459538
454,0.12558464769382202,-0.24353023153342862,0.005577689243027872
455,0.14984357504897297,-0.05957933950420119,-0.03972392638036812
456,0.12245615198244536,0.08460201520346933,0.10206540447504303
457,0.14754015896124137,0.014774363626768261,0.010399999999999993
458,0.1294151401963259,-0.2524532069581359,-0.016118935837245718
459,0.13290878469884437,0.031740318777416454,0.050413223140495844
460,0.1254594510550933,0.04329147389292798,0.09205807002561911
461,0.1372110913364708,0.11436990526547697,0.16923076923076924
462,0.13257971481517322,0.1960245928639891,0.05873544093178035
463,0.1339480701356274,-0.09244735772219231,0.0381342062193126
464,0.14754015896124137,0.014774363626768261,0.010399999999999993
465,0.12782973330223846,-0.2084326640381065,0.03712183156173343
466,0.14589153174851288,0.15823400262856013,0.09871244635193133
467,0.154774409882752,0.2715523434581454,0.0231204527081649
468,0.1372110913364708,0.11436990526547697,0.16923076923076924
469,0.13860023223900692,0.05942050615099248,0.20222428174235402
470,0.1410075830465259,0.11548398726191189,0.12835820895522387
471,0.1263959369347672,0.031927837529291625,0.10318690783807061
472,0.1465113832482166,0.036199275311367685,0.029082047116165716
473,0.14589153174851288,0.15823400262856013,0.09871244635193133
474,0.13787206208438327,0.12349625204992454,0.04016393442622951
475,0.1513733810793031,0.1131839470112076,0.02609400324149108
476,0.12720520188110093,-0.28198733651599395,0.01623794212218649
477,0.12973926078272394,-0.21736426381199006,0.052483443708609245
478,0.14803527841978045,0.0579973562458691,0.08985507246376812
479,0.15218772296008312,0.05420850446061354,-0.021651090342679147
480,0.1467556149907307,0.12168868643648201,0.034094616639477965
481,0.12786162854774236,-0.011971684001808869,0.1353927625772286
482,0.1314569620266273,-0.22337519277373868,0.04732069249793899
483,0.1600513451668914,0.32495086253921623,-0.021651090342679147
484,0.15059533241551631,0.20562913623059031,0.05560165975103731
485,0.13035646931349368,-0.2514105128620389,0.049380677126341865
486,0.15785367309905182,-0.04914550089698799,-0.013333333333333336
487,0.14969513192952572,0.07520636750994925,-0.016118935837245718
488,0.1584610098951322,0.32406070466215875,0.007501995211492418
489,0.1470426757588623,-0.021168456420660897,0.034094616639477965
490,0.1328857118192577,-0.18833791907831804,0.060833333333333295
491,0.14754015896124137,0.014774363626768261,0.010399999999999993
492,0.12830503230003232,-0.26565161553796635,-0.005840568271507501
493,0.14754015896124137,0.014774363626768261,0.010399999999999993
494,0.14514561254419786,-0.020176018367133952,0.0714285714285714
495,0.12458885559692559,0.05216721353789844,0.08765957446808509
496,0.13086785471543,-0.18643825583680174,0.08220338983050846
497,0.13179883505532422,-0.17997896635864435,0.06610878661087866
498,0.1535517635804785,-0.013485082883628818,0.020161290322580627
499,0.12740109666716146,-0.26168777921910524,-0.010534591194968551
500,0.1286097067652446,0.05290685850831256,0.059783513738551175
501,0.14515930877190245,-0.07946301712503612,0.08329092451229853
502,0.12780867454417927,0.11329147389292793,0.04732069249793899
503,0.1514268192247294,-0.00179049332018677,-0.007722616233254542
504,0.15541968427006425,0.02521918473630147,-0.0030063291139240667
505,0.1459230663337282,-0.042234841896545694,0.05144747725392884
506,0.13025265728376925,-0.2788659605094044,0.09316239316239316
507,0.1285279203551762,-0.20115297055151649,0.017216411906677387
508,0.1372110913364708,0.11436990526547697,0.16923076923076924
509,0.14817202324538278,-0.062443293132161626,0.02609400324149108
510,0.15541968427006425,0.02521918473630147,-0.0030063291139240667
511,0.15629019348821882,0.240261170862625,0.011369095276220959
512,0.1483320276294406,0.11373820928811695,0.0381342062193126
513,0.1314091182520401,-0.21757809132446332,0.0231204527081649
514,0.1270493542913635,0.09662480722626132,0.04732069249793899
515,0.1372110913364708,0.11436990526547697,0.16923076923076924
516,0.15448980054512287,0.2076982535539449,0.04220032840722496
517,0.1416788550949272,0.07219320799697426,0.09648671808054843
518,0.13320381231571043,0.03493026987955006,0.04629324546952224
519,0.14726231383050248,-0.07050162955534789,0.03712183156173343
520,0.13377867258912932,-0.12969430809759336,-0.03794162826420891
521,0.12526251576525402,0.059611948670376,0.08656462585034014
522,0.15115795966534618,0.11520928211210602,0.039148239148239145
523,0.1465113832482166,0.036199275311367685,0.029082047116165716
524,0.14498956913096606,0.11252224312369719,0.07356902356902356
525,0.16045513405725614,0.009637627739081833,-0.040613026819923376
526,0.1371139109045923,0.08837344110604273,-0.007722616233254542
527,0.14754015896124137,0.014774363626768261,0.010399999999999993
528,0.1470426757588623,-0.021168456420660897,0.034094616639477965
529,0.14758605471522465,-0.21290687321451005,-0.009598741148701823
530,0.14598402284198278,-0.06362676510078269,0.06610878661087866
531,0.14754015896124137,0.014774363626768261,0.010399999999999993
532,0.1459230663337282,-0.042234841896545694,0.05144747725392884
533,0.153838285392362,0.13951788898726758,0.012339743589743574
534,0.14867342777002196,-0.03224809445239574,0.025101214574898778
535,0.13216730311357552,0.22273398260372934,0.034094616639477965
536,0.13218943348018686,-0.1805180499165958,0.06293823038397328
537,0.1465113832482166,0.036199275311367685,0.029082047116165716
538,0.12136403228426403,0.08472793798132572,0.11450912250217199
539,0.12166455970053902,0.08460201520346933,0.10206540447504303
540,0.14261126520974043,0.07384702944848354,0.11222896790980053
541,0.12705997449688833,-0.25755598373419064,-0.015191855912294439
542,0.14754015896124137,0.014774363626768261,0.010399999999999993
543,0.11810057125746949,0.031096351941708456,0.171713508612874
544,0.13649544895339327,0.01697568441924374,0.03208469055374591
545,0.14754015896124137,0.014774363626768261,0.010399999999999993
546,0.13593088680163734,0.05408284079940284,0.025101214574898778
547,0.1476295666806978,0.0014732920747461686,0.022132471728594505
548,0.12268486685066463,0.09592305284029645,0.09205807002561911
549,0.147540621938683,0.016776322377776487,0.011369095276220959
550,0.15730297051091915,0.30707100145198307,0.0017474185861794944
551,0.1372110913364708,0.11436990526547697,0.16923076923076924
552,0.1459230663337282,-0.042234841896545694,0.05144747725392884
553,0.12860043388133233,0.041733841494174084,0.06929530201342282
554,0.1360719996939586,0.014922679566686858,0.029082047116165716
555,0.1345344762971947,-0.04140797965898457,-0.06240601503759399
556,0.14887366907537367,0.09269858851743396,0.0007936507936507908
557,0.14754015896124137,0.014774363626768261,0.010399999999999993
558,0.1465113832482166,0.036199275311367685,0.029082047116165716
559,0.1284926816787336,-0.19979153005964118,0.0007936507936507908
560,0.15011501248327708,0.12349625204992454,0.04016393442622951
561,0.1368523144809701,0.05912857796532622,-0.02894736842105264
562,0.14969513192952572,0.07520636750994925,-0.016118935837245718
563,0.13345229001070746,-0.12789496678503814,0.04220032840722496
564,0.15021950452243044,0.1220585971805992,0.039148239148239145
565,0.15011501248327708,0.12349625204992454,0.04016393442622951
566,0.15448980054512287,0.2076982535539449,0.04220032840722496
567,0.13265588388095317,-0.09733352610707202,0.06823134953897736
568,0.16004489534864197,0.004829935431389543,0.007501995211492418
569,0.14647575959426884,0.16025053822041335,0.09205807002561911
570,0.12432411015256914,-0.3413239107224566,-0.040613026819923376
571,0.14515930877190245,-0.07946301712503612,0.08329092451229853
572,0.15567745722911971,0.18927687535278204,0.021146085552865207
573,0.14728010779036455,-0.015427387317036412,0.028084415584415573
574,0.14754015896124137,0.014774363626768261,0.010399999999999993
575,0.14041183667278287,0.07811041539710628,0.11109185441941072
576,0.14680025916704564,-0.033500334980792135,0.04016393442622951
577,0.12531609609220457,0.04907182071373728,0.09648671808054843
578,0.14872520479621676,0.018576644995589586,0.010399999999999993
579,0.1398641310830712,0.09452822300953578,0.03008130081300811
580,0.14041183667278287,0.07811041539710628,0.11109185441941072
581,0.12750099911013105,0.060319337670017736,0.0714285714285714
582,0.15472320372993928,0.17263510323655729,0.006539074960127594
583,0.15772829968833557,0.3143758112423256,-0.0030063291139240667
584,0.12672189333370457,0.03467078423775555,0.09871244635193133
585,0.1496716061282911,0.0732060038074579,-0.01704456606724003
586,0.12699705798632185,0.1252312732240316,0.04629324546952224
587,0.12520613703521669,0.06093853271645744,0.08985507246376812
588,0.13552685177837506,0.05789001403891336,0.021146085552865207
589,0.1294876688641536,-0.2538099753824343,0.0231204527081649
590,0.1470105829060214,0.02692783752929162,0.022132471728594505
591,0.14754015896124137,0.014774363626768261,0.010399999999999993
592,0.14137504138036128,0.0405887711902253,0.1237095363079615
593,0.13394791949887302,0.028537375532272258,0.052483443708609245
594,0.1435471503211461,0.0741556714237922,0.07249789739276702
595,0.13088730339114701,0.01317099196521715,0.08111769686706183
596,0.14104609386196515,0.1136432326868978,0.15695067264573992
597,0.1252807019735188,0.0774529645761578,0.07036104114189756
598,0.1459230663337282,-0.042234841896545694,0.05144747725392884
599,0.13642372108029344,0.0648601013439084,0.002702702702702703
600,0.15978844290633354,0.04082841970573586,-0.04503816793893131
601,0.13733849055551456,0.05955163649455397,-0.005840568271507501
602,0.15481596024455888,-0.02210936998892854,-0.014263322884012553
603,0.1465113832482166,0.036199275311367685,0.029082047116165716
604,0.16259780676920496,0.007121261126970535,-0.016118935837245718
605,0.14754015896124137,0.014774363626768261,0.010399999999999993
606,0.1300405713913337,-0.20369647791430096,0.08111769686706183
607,0.14540397550226777,0.08709812041860776,0.08003384094754651
608,0.1476295666806978,0.0014732920747461686,0.022132471728594505
609,0.12646684185822987,0.0861486167500708,0.06293823038397328
610,0.1253689481091375,0.04900575960721365,0.10094582975064487
611,0.14740569666507955,-0.10174669404600334,0.009432454036770566
612,0.15418293588033563,0.26669572921207696,0.029082047116165716
613,0.15011501248327708,0.12349625204992454,0.04016393442622951
614,0.12921008745479745,-0.20089457261869992,0.048349834983498347
615,0.15541968427006425,0.02521918473630147,-0.0030063291139240667
616,0.15958684053586825,0.293291473892928,-0.011468970934799705
617,0.1273574632944108,-0.0027836114313041227,0.04016393442622951
618,0.14754015896124137,0.014774363626768261,0.010399999999999993
619,0.15730297051091915,0.30707100145198307,0.0017474185861794944
620,0.1465113832482166,0.036199275311367685,0.029082047116165716
621,0.129438888740483,-0.27760404849513176,0.015261044176706817
622,0.12761540283504622,-0.2388867439288542,0.050413223140495844
623,0.14555827797353696,-0.055324443062089335,0.036111111111111094
624,0.14711799437789239,0.022883310627621833,0.041181296144380625
625,0.13433255313360778,-0.2148784607475949,0.053521126760563364
626,0.13398017857048317,-0.09898494887129966,0.12255244755244754
627,0.1476295666806978,0.0014732920747461686,0.022132471728594505
628,0.15059533241551631,0.20562913623059031,0.05560165975103731
629,0.14647575959426884,0.16025053822041335,0.09205807002561911
630,0.1602801945834775,-0.20545224470003687,-0.048554033485540354
631,0.14518395897447664,0.1478112479042274,0.10543572044866262
632,0.125165258316727,-0.256708526107072,-0.02531055900621118
633,0.14754015896124137,0.014774363626768261,0.010399999999999993
634,0.12826539675992604,-0.1945362414628773,0.014285714285714263
635,0.15704741317097135,0.25982690696379407,0.0017474185861794944
636,0.15118484301970023,0.25509702944848356,0.03510204081632651
637,0.12530816415650928,-0.251101049471558,-0.03525789068514243
638,0.13989744786290842,0.04729147389292798,-0.0020585906571654877
639,0.14041183667278287,0.07811041539710628,0.11109185441941072
640,0.12754178710514835,0.07534275594421003,0.059783513738551175
641,0.12717219168344243,-0.2144939932350997,0.036111111111111094
642,0.12751389536800078,-0.2375850201309764,-0.0011093502377179099
643,0.14754015896124137,0.014774363626768261,0.010399999999999993
644,0.1372110913364708,0.11436990526547697,0.16923076923076924
645,0.1465113832482166,0.036199275311367685,0.029082047116165716
646,0.1261523347635096,0.09313070218874786,0.05873544093178035
647,0.1328790908847494,-0.19300989597008572,0.039148239148239145
648,0.12680802967444468,-0.2800167967837638,0.013311948676824364
649,0.16004489534864197,0.004829935431389543,0.007501995211492418
650,0.15011501248327708,0.12349625204992454,0.04016393442622951
651,0.13482476115101977,0.1506740242284984,0.045267489711934145
652,0.13020403437626868,0.030791473892927967,0.06823134953897736
653,0.14041183667278287,0.07811041539710628,0.11109185441941072
654,0.12560424878744386,0.09075982832330776,0.06399331662489555
655,0.14859239815578174,0.014989587100475155,0.012339743589743574
656,0.12740109666716146,-0.26168777921910524,-0.010534591194968551
657,0.1465113832482166,0.036199275311367685,0.029082047116165716
658,0.12940367997659677,-0.26348818712402117,0.04220032840722496
659,0.1465113832482166,0.036199275311367685,0.029082047116165716
660,0.12755872744496025,-0.29070062096873206,0.0007936507936507908
661,0.14719296357112416,0.003921395152770513,0.0017474185861794944
662,0.14869254613951685,0.13434578699196953,0.060833333333333295
663,0.13346959697584204,-0.24242281182135775,0.07036104114189756
664,0.1490701888886112,-0.11657247168530332,0.041181296144380625
665,0.147540621938683,0.016776322377776487,0.011369095276220959
666,0.14041183667278287,0.07811041539710628,0.11109185441941072
667,0.15541968427006425,0.02521918473630147,-0.0030063291139240667
668,0.1490116622931838,-0.11772547525961441,0.04220032840722496
669,0.14157575912420325,0.1475695487592381,0.12835820895522387
670,0.15079285144014196,-0.004971074369620299,0.006539074960127594
671,0.1251835702819395,0.03456329434180577,0.16061151079136687
672,0.13392959331455628,-0.06932113871968465,0.08220338983050846
673,0.15472320372993928,0.17263510323655729,0.006539074960127594
674,0.1465113832482166,0.036199275311367685,0.029082047116165716
675,0.1470841305613271,-0.06288613228467821,0.006539074960127594
676,0.14754015896124137,0.014774363626768261,0.010399999999999993
677,0.12796163555161305,0.09734552794698204,0.04322103533278554
678,0.14546378774808105,-0.032731917919937514,0.09205807002561911
679,0.12614809803050903,-0.01831311063429264,0.09982817869415805
680,0.12806351279695896,-0.24819788780919969,-0.016118935837245718
681,0.12744932245527182,0.06316914973390653,0.075716694772344
682,0.14754015896124137,0.014774363626768261,0.010399999999999993
683,0.14487707252831183,0.04329147389292798,0.06399331662489555
684,0.1465113832482166,0.036199275311367685,0.029082047116165716
685,0.15541968427006425,0.02521918473630147,-0.0030063291139240667
686,0.12551043241447185,0.0774529645761578,0.07036104114189756
687,0.1293545836264437,-0.25903410750242084,0.005577689243027872
688,0.15541968427006425,0.02521918473630147,-0.0030063291139240667
689,0.14514561254419786,-0.020176018367133952,0.0714285714285714
690,0.1298007572882722,-0.20850708725815115,0.025101214574898778
691,0.1372110913364708,0.11436990526547697,0.16923076923076924
692,0.14522474193489324,0.10021455081600494,0.07356902356902356
693,0.15027178602155497,-0.00179049332018677,-0.007722616233254542
694,0.12563604596103728,-0.24472695928679553,-0.032561728395061745
695,0.1330383345307261,-0.18459968256965703,0.041181296144380625
696,0.1530959016914753,0.09061657677358637,-0.008661417322834652
697,0.12826539675992604,-0.1945362414628773,0.014285714285714263
698,0.14041183667278287,0.07811041539710628,0.11109185441941072
699,0.1480239987923277,0.03445755163144387,0.03008130081300811
700,0.14754015896124137,0.014774363626768261,0.010399999999999993
701,0.14592603086813652,0.09207196169780607,0.07679324894514766
702,0.14540397550226777,0.08709812041860776,0.08003384094754651
703,0.1372110913364708,0.11436990526547697,0.16923076923076924
704,0.1495914904515128,0.07875246680072945,0.029082047116165716
705,0.14922015878914882,0.07825650885796298,0.0330888345558272
706,0.14754015896124137,0.014774363626768261,0.010399999999999993
707,0.15464305766091682,0.16593298332689022,-0.03704842428900845
708,0.13321306251026657,-0.1123861817847277,0.020161290322580627
709,0.14693597736350175,-0.035475649394743236,0.039148239148239145
710,0.1460754064367802,0.0023078673355509394,0.052483443708609245
711,0.13052482421285325,0.1735165542787801,0.05873544093178035
712,0.148007438312819,-0.09374556314410903,0.017216411906677387
713,0.1573933031789781,-0.03946714679672719,0.03712183156173343
714,0.12604330353733478,0.1021150033046927,0.053521126760563364
715,0.15744046407813686,0.08025645443767504,0.004617834394904458
716,0.1372110913364708,0.11436990526547697,0.16923076923076924
717,0.1300096586685205,-0.20097082118903925,0.052483443708609245
718,0.1372110913364708,0.11436990526547697,0.16923076923076924
719,0.13431761301452008,-0.14021020960875552,0.04424342105263157
720,0.12751389536800078,-0.2375850201309764,-0.0011093502377179099
721,0.14157575912420325,0.1475695487592381,0.12835820895522387
722,0.15378852712954613,0.12630305690451094,0.006539074960127594
723,0.14754015896124137,0.014774363626768261,0.010399999999999993
724,0.12411773086823627,0.044784011206360774,0.08438030560271648
725,0.16045513405725614,0.009637627739081833,-0.040613026819923376
726,0.14498956913096606,0.11252224312369719,0.07356902356902356
727,0.1567021558463202,0.2961872267886809,0.006539074960127594
728,0.14633043321122347,0.04180779436770543,0.08656462585034014
729,0.12720605203613206,-0.2584326640381065,-0.018891491022638568
730,0.1372110913364708,0.11436990526547697,0.16923076923076924
731,0.1372110913364708,0.11436990526547697,0.16923076923076924
732,0.1517818628051901,0.1459404805154445,0.049380677126341865
733,0.1372110913364708,0.11436990526547697,0.16923076923076924
734,0.12633730959476072,0.10538297716090184,0.053521126760563364
735,0.12634550458639957,0.10722590012243616,0.052483443708609245
736,0.12703956331194582,0.10850886519727576,0.0953767123287671
737,0.14969513192952572,0.07520636750994925,-0.016118935837245718
738,0.1484627555370425,-0.04794940201948078,0.021146085552865207
739,0.15218772296008312,0.05420850446061354,-0.021651090342679147
740,0.13446601954248233,0.07810160047520642,0.06399331662489555
741,0.147066152380588,0.0669507798866188,0.06505016722408025
742,0.14592304955037277,-0.04031508348412122,0.052483443708609245
743,0.16502095034416486,-0.05762595729973258,-0.03166023166023166
744,0.12532679895363433,0.04616503711131881,0.09871244635193133
745,0.15403118747290964,-0.0320509918604967,0.039148239148239145
746,0.12532679895363433,0.04616503711131881,0.09871244635193133
747,0.14421111605880563,0.03253878572088498,0.12602979842243645
748,0.1295923830888613,-0.1889119159375805,0.04220032840722496
749,0.14339415004375852,0.12510965571110977,0.07895181741335588
750,0.1544016429317455,0.23532045940017432,0.0231204527081649
751,0.15541968427006425,0.02521918473630147,-0.0030063291139240667
752,0.15758490998581937,0.08495814055959461,-0.03346183500385505
753,0.1465113832482166,0.036199275311367685,0.029082047116165716
754,0.13990583753432945,0.06503060432771057,0.12139737991266375
755,0.14041183667278287,0.07811041539710628,0.11109185441941072
756,0.15603794672703467,0.16425921582841185,-0.003952569169960479
757,0.14498956913096606,0.11252224312369719,0.07356902356902356
758,0.16045513405725614,0.009637627739081833,-0.040613026819923376
759,0.1267310050960352,-0.18579219144571746,-0.0011093502377179099
760,0.14659349851906214,-0.04359377200871134,0.052483443708609245
761,0.124715374141256,0.07216685383213772,0.07787162162162159
762,0.12998154832226466,-0.2112872806858266,0.020161290322580627
763,0.16045513405725614,0.009637627739081833,-0.040613026819923376
764,0.1372110913364708,0.11436990526547697,0.16923076923076924
765,0.14823338922119728,0.05231674465105074,0.024110032362459538
766,0.12783075183375658,0.02553999460298717,0.08765957446808509
767,0.13040842045227777,0.06975386943610351,0.11109185441941072
768,0.1285667873054082,-0.22369881736920794,0.056644518272425226
769,0.1372110913364708,0.11436990526547697,0.16923076923076924
770,0.14599820916710884,-0.011195705594251482,0.059783513738551175
771,0.15541968427006425,0.02521918473630147,-0.0030063291139240667
772,0.15782658614330616,0.3134527642155086,-0.003952569169960479
773,0.15508567979279636,-0.013269612079922721,-0.02894736842105264
774,0.15214694835574594,0.11662480722626134,0.04732069249793899
775,0.14648337362346364,0.17564441506939854,0.08985507246376812
776,0.13025199832714957,-0.26623233563088156,0.041181296144380625
777,0.14041183667278287,0.07811041539710628,0.11109185441941072
778,0.15541968427006425,0.02521918473630147,-0.0030063291139240667
779,0.1289976059111095,-0.3422047093131789,0.009432454036770566
780,0.12951304692973747,-0.20507453917896745,0.053521126760563364
781,0.14711799437789239,0.022883310627621833,0.041181296144380625
782,0.1476295666806978,0.0014732920747461686,0.022132471728594505
783,0.15111020269465966,0.04329147389292798,-0.02985305491105955
784,0.12626210686865408,0.0715933606853808,0.12486865148861648
785,0.1574549809230653,-0.09697255250971226,0.050413223140495844
786,0.1455708460057475,0.01786774507936867,0.10543572044866262
787,0.1425932052872266,0.021433550395660195,0.1190932868352223
788,0.13800681850713972,0.008407752962695414,0.005577689243027872
789,0.15541968427006425,0.02521918473630147,-0.0030063291139240667
790,0.13110453650329182,-0.23551036942504436,-0.032561728395061745
791,0.14353031419400003,0.13218036278181688,0.11222896790980053
792,0.13590720104098383,-0.1254983350242695,0.06188490408673891
793,0.15111020269465966,0.04329147389292798,-0.02985305491105955
794,0.14589153174851288,0.15823400262856013,0.09871244635193133
795,0.1315447783464812,0.09310697204790952,0.018196457326892096
796,0.14498956913096606,0.11252224312369719,0.07356902356902356
797,0.15104194116131076,0.1845958217190149,0.0231204527081649
798,0.15011501248327708,0.12349625204992454,0.04016393442622951
799,0.14589153174851288,0.15823400262856013,0.09871244635193133
800,0.1337642741656145,-0.08678982692008014,-0.005840568271507501
801,0.14754015896124137,0.014774363626768261,0.010399999999999993
802,0.14754015896124137,0.014774363626768261,0.010399999999999993
803,0.14969513192952572,0.07520636750994925,-0.016118935837245718
804,0.14041183667278287,0.07811041539710628,0.11109185441941072
805,0.15541968427006425,0.02521918473630147,-0.0030063291139240667
806,0.1511437055741006,0.14329147389292796,0.08985507246376812
807,0.14703802729192464,-0.01768413586316958,0.034094616639477965
808,0.15122399776035378,0.026807957409411498,0.020161290322580627
809,0.14348506208124281,0.07559916620062024,0.07356902356902356
810,0.12821812393712814,-0.2465917945895623,0.004617834394904458
811,0.14041183667278287,0.07811041539710628,0.11109185441941072
812,0.147066152380588,0.0669507798866188,0.06505016722408025
813,0.1290850580085006,-0.2088951150283548,0.09316239316239316
814,0.13618058326050816,-0.014020779071498901,0.0007936507936507908
815,0.14519694385944543,-0.05419280283663175,0.06610878661087866
816,0.1529751446438332,0.11851271283098108,-0.024397824397824397
817,0.14754015896124137,0.014774363626768261,0.010399999999999993
818,0.1358813739533904,0.0674550426661622,0.01623794212218649
819,0.14014985401258076,0.04720792297908982,0.13893805309734514
820,0.12725858688742311,-0.264551663361974,0.002702702702702703
821,0.1452442351177014,0.09942724412791493,0.13893805309734514
822,0.15541968427006425,0.02521918473630147,-0.0030063291139240667
823,0.15782658614330616,0.3134527642155086,-0.003952569169960479
824,0.1463077678672904,0.10739403799549208,0.059783513738551175
825,0.13566775011472512,0.021839328678406544,0.050413223140495844
826,0.1345684124807841,-0.11912890827267714,0.06188490408673891
827,0.14618455377540635,0.1277509333523874,0.04322103533278554
828,0.1292327205957838,-0.20337519277373867,0.04732069249793899
829,0.1311530856800012,0.020355694076414244,0.075716694772344
830,0.15499450116475566,0.09269858851743396,0.0007936507936507908
831,0.13075516139600324,-0.21532921576224442,0.06716917922948074
832,0.1494236604272301,0.21413786887725395,0.06716917922948074
833,0.14041183667278287,0.07811041539710628,0.11109185441941072
834,0.13471507541926545,0.071263501864956,0.0330888345558272
835,0.12660882310326999,0.03329147389292797,0.04732069249793899
836,0.14536091955004762,0.040086345687799785,0.059783513738551175
837,0.1483538690382075,0.039323219924674024,-0.00015860428231562196
838,0.14987637121900152,0.10655678001537694,-0.006782334384858063
839,0.13365220667368413,0.2045159636888464,-0.006782334384858063
840,0.13070537463539159,0.01962283483967353,0.08765957446808509
841,0.13498837113609105,0.06456806963760886,0.029082047116165716
842,0.11849725201516849,0.04455729667773811,0.15330948121645793
843,0.13677781099403957,0.06667677456107945,0.22199248120300752
844,0.14754015896124137,0.014774363626768261,0.010399999999999993
845,0.1372110913364708,0.11436990526547697,0.16923076923076924
846,0.1496716061282911,0.0732060038074579,-0.01704456606724003
847,0.13370968903526817,-0.11594419489688096,0.06188490408673891
848,0.14485719284711202,0.19836393766104388,0.0953767123287671
849,0.15837041400730728,0.002165932767386858,-0.019812792511700483
850,0.14691488243818118,-0.056708526107072,0.03208469055374591
851,0.14817202324538278,-0.062443293132161626,0.02609400324149108
852,0.1256655686811,0.0774529645761578,0.07036104114189756
853,0.1535517635804785,-0.013485082883628818,0.020161290322580627
854,0.1490116622931838,-0.11772547525961441,0.04220032840722496
855,0.14757356773758928,-0.025201676792003525,0.039148239148239145
856,0.14720814591289355,0.006036571932143686,0.002702702702702703
857,0.14041183667278287,0.07811041539710628,0.11109185441941072
858,0.1459230663337282,-0.042234841896545694,0.05144747725392884
859,0.1552230494935457,0.2184739556447528,0.021146085552865207
860,0.14041183667278287,0.07811041539710628,0.11109185441941072
861,0.14754015896124137,0.014774363626768261,0.010399999999999993
862,0.15747034673973737,-0.03065218807890302,0.03108218063466231
863,0.14059594830032893,0.09129147389292802,-0.0020585906571654877
864,0.14128941943044326,0.13121798307927968,0.13657243816254416
865,0.13402512396531888,-0.12226036557195497,0.04629324546952224
866,0.14041183667278287,0.07811041539710628,0.11109185441941072
867,0.14041183667278287,0.07811041539710628,0.11109185441941072
868,0.14754015896124137,0.014774363626768261,0.010399999999999993
869,0.16066104316161495,0.20227764900813539,-0.032561728395061745
870,0.15351873037477357,-0.0771464823114516,0.021146085552865207
871,0.13353185123006903,0.04841092781784262,0.04016393442622951
872,0.13611959777281207,0.03481689762174156,0.04220032840722496
873,0.13710464855294535,0.0012353991265728337,0.06929530201342282
874,0.1364825405229101,0.1871763659792589,0.025101214574898778
875,0.1372110913364708,0.11436990526547697,0.16923076923076924
876,0.1465113832482166,0.036199275311367685,0.029082047116165716
877,0.14157575912420325,0.1475695487592381,0.12835820895522387
878,0.14540397550226777,0.08709812041860776,0.08003384094754651
879,0.14589153174851288,0.15823400262856013,0.09871244635193133
880,0.14915733532790015,-0.05746898238083625,0.010399999999999993
881,0.1600513451668914,0.32495086253921623,-0.021651090342679147
882,0.1469770203613789,0.09313070218874786,0.05873544093178035
883,0.1465113832482166,0.036199275311367685,0.029082047116165716
884,0.14754015896124137,0.014774363626768261,0.010399999999999993
885,0.12527383277108528,0.07579921383100852,0.0714285714285714
886,0.12478371606080903,0.03348755232430051,0.10882352941176471
887,0.1457195145243441,-0.07138742518964081,0.075716694772344
888,0.1372110913364708,0.11436990526547697,0.16923076923076924
889,0.13088730339114701,0.01317099196521715,0.08111769686706183
890,0.1372110913364708,0.11436990526547697,0.16923076923076924
891,0.13345754177501262,-0.10656015815454978,0.08656462585034014
892,0.1330451773034171,-0.08984462078162825,0.08765957446808509
893,0.1325764990778136,0.04938903486853774,0.07679324894514766
894,0.1498339584647614,0.08122250837568656,0.03712183156173343
895,0.14754015896124137,0.014774363626768261,0.010399999999999993
896,0.12796163555161305,0.09734552794698204,0.04322103533278554
897,0.1459230663337282,-0.042234841896545694,0.05144747725392884
898,0.13249035108955398,0.0253761644466739,0.05456053067993366
899,0.12389170839834741,0.023184235287029842,0.12719298245614036
900,0.1465113832482166,0.036199275311367685,0.029082047116165716
901,0.14888298224547858,-0.019446168692623333,0.010399999999999993
902,0.1281560688763455,-0.2381038749442813,-0.03436055469953775
903,0.14887366907537367,0.09269858851743396,0.0007936507936507908
904,0.14041183667278287,0.07811041539710628,0.11109185441941072
905,0.1465113832482166,0.036199275311367685,0.029082047116165716
906,0.1465113832482166,0.036199275311367685,0.029082047116165716
907,0.14722762971839193,0.060183365784819864,0.04322103533278554
908,0.1416788550949272,0.07219320799697426,0.09648671808054843
909,0.14754015896124137,0.014774363626768261,0.010399999999999993
910,0.12522245910952706,0.04897329207474621,0.10318690783807061
911,0.14041183667278287,0.07811041539710628,0.11109185441941072
912,0.1515498936371022,-0.03246610186464777,0.011369095276220959
913,0.14565242109751728,-0.03131170071024664,0.06293823038397328
914,0.14887366907537367,0.09269858851743396,0.0007936507936507908
915,0.14961645763722728,0.12188679161868043,0.04629324546952224
916,0.15218772296008312,0.05420850446061354,-0.021651090342679147
917,0.14737519799975185,0.020903414191435432,0.015261044176706817
918,0.13468141580081613,0.04866781797894948,0.02609400324149108
919,0.14653834079406475,0.03439467673990304,0.028084415584415573
920,0.1314116670163551,0.10201033510289237,0.028084415584415573
921,0.1566966314391336,0.16578143373228538,-0.0030063291139240667
922,0.14540397550226777,0.08709812041860776,0.08003384094754651
923,0.15769128139049263,0.027162441634863477,0.02609400324149108
924,0.1292612893629799,-0.27625739828752316,0.013311948676824364
925,0.14041183667278287,0.07811041539710628,0.11109185441941072
926,0.15521387898978642,0.12047268194661931,0.045267489711934145
927,0.12860811410476322,-0.27355834295688886,0.020161290322580627
928,0.1465113832482166,0.036199275311367685,0.029082047116165716
929,0.12551043241447185,0.0774529645761578,0.07036104114189756
930,0.12473156408853824,0.12403681550783485,0.07036104114189756
931,0.14754015896124137,0.014774363626768261,0.010399999999999993
932,0.1576341919089162,0.20007113490987716,-0.015191855912294439
933,0.1459230663337282,-0.042234841896545694,0.05144747725392884
934,0.13316798645358408,-0.02192591741141986,-0.0415007656967841
935,0.147066152380588,0.0669507798866188,0.06505016722408025
936,0.14754015896124137,0.014774363626768261,0.010399999999999993
937,0.14498956913096606,0.11252224312369719,0.07356902356902356
938,0.14157575912420325,0.1475695487592381,0.12835820895522387
939,0.15289149400215293,0.18954997729428857,0.041181296144380625
940,0.1495422356962211,-0.023080207523001217,-0.024397824397824397
941,0.135048716656903,0.022118835456445884,0.05456053067993366
942,0.14512926252594888,0.04637789364601441,0.07249789739276702
943,0.15506579060766215,-0.02081109020963612,-0.01704456606724003
944,0.11954689350441755,0.05233540154150684,0.14369449378330373
945,0.14653834079406475,0.03439467673990304,0.028084415584415573
946,0.1327667856424007,-0.16695587593039357,0.03008130081300811
947,0.12532679895363433,0.04616503711131881,0.09871244635193133
948,0.1432013318756438,0.07846735328991294,0.15695067264573992
949,0.14041183667278287,0.07811041539710628,0.11109185441941072
950,0.15270719218816992,-0.04854526080094956,-0.006782334384858063
951,0.13352231722753774,-0.013358772412490727,-0.04503816793893131
952,0.16004489534864197,0.004829935431389543,0.007501995211492418
953,0.13269545287191215,-0.11643074832929423,0.03510204081632651
954,0.15270706170646792,-0.10636839005265025,0.041181296144380625
955,0.14487707252831183,0.04329147389292798,0.06399331662489555
956,0.14601729544258446,-0.04593411533266123,0.04424342105263157
957,0.1372110913364708,0.11436990526547697,0.16923076923076924
958,0.15504338734271658,-0.018396837795383703,0.05560165975103731
959,0.14041183667278287,0.07811041539710628,0.11109185441941072
960,0.12890649860218778,-0.24874392433716053,-0.024397824397824397
961,0.1465113832482166,0.036199275311367685,0.029082047116165716
962,0.15370254271155206,0.1233626482701522,0.028084415584415573
963,0.1367390025323574,0.10204447149484641,0.18047445255474454
964,0.14969513192952572,0.07520636750994925,-0.016118935837245718
965,0.14754015896124137,0.014774363626768261,0.010399999999999993
966,0.14647575959426884,0.16025053822041335,0.09205807002561911
967,0.13145636829633414,-0.08331796816715786,-0.017968750000000006
968,0.154774409882752,0.2715523434581454,0.0231204527081649
969,0.14955429188023292,0.053929771765268364,-0.016118935837245718
970,0.14754015896124137,0.014774363626768261,0.010399999999999993
971,0.14719452364134192,0.001203931805385916,0.04424342105263157
972,0.1464698838108235,-0.062386759545557835,0.06505016722408025
973,0.12168447057877699,0.06119780998108226,0.11565217391304344
974,0.1459230663337282,-0.042234841896545694,0.05144747725392884
975,0.1465113832482166,0.036199275311367685,0.029082047116165716
976,0.15187667839849903,0.10512892972331667,0.03008130081300811
977,0.12495279821721812,-0.2366128323271677,-0.03972392638036812
978,0.15541968427006425,0.02521918473630147,-0.0030063291139240667
979,0.1434429897602664,0.14553237025147137,0.10882352941176471
980,0.16547432022079797,-0.001012323575426466,-0.014263322884012553
981,0.13021268838478578,-0.22468238231622234,0.053521126760563364
982,0.15319350231926449,-0.021562082592427645,-0.012401883830455263
983,0.12887439214066176,-0.2522475595643211,0.01623794212218649
984,0.13067099055139927,-0.16804873229263906,0.0381342062193126
985,0.12740109666716146,-0.26168777921910524,-0.010534591194968551
986,0.14815260604371858,0.007710949548358714,0.014285714285714263
987,0.14041183667278287,0.07811041539710628,0.11109185441941072
988,0.13907015429031125,0.0408760149557299,0.17670609645131935
989,0.1338483295994352,-0.15640822580677172,0.08220338983050846
990,0.13909333864929005,0.08707027573624593,-0.032561728395061745
991,0.1372110913364708,0.11436990526547697,0.16923076923076924
992,0.1295703872337925,-0.2782698643970348,0.01623794212218649
993,0.1357781969763837,0.15711261210431005,-0.005840568271507501
994,0.14835714738502295,-0.08217669090107949,0.014285714285714263
995,0.13249035108955398,0.0253761644466739,0.05456053067993366
996,0.14680025916704564,-0.033500334980792135,0.04016393442622951
997,0.12639267214808358,-0.24874392433716053,-0.024397824397824397
998,0.1372110913364708,0.11436990526547697,0.16923076923076924
999,0.14754015896124137,0.014774363626768261,0.010399999999999993
1000,0.12779935494391925,-0.23536465258928546,0.0007936507936507908
1001,0.14157575912420325,0.1475695487592381,0.12835820895522387
1002,0.12527383277108528,0.07579921383100852,0.0714285714285714
1003,0.14540397550226777,0.08709812041860776,0.08003384094754651
1004,0.14498956913096606,0.11252224312369719,0.07356902356902356
1005,0.13157218513806368,-0.14174789618581218,0.0017474185861794944
1006,0.14540397550226777,0.08709812041860776,0.08003384094754651
1007,0.15541968427006425,0.02521918473630147,-0.0030063291139240667
1008,0.1465113832482166,0.036199275311367685,0.029082047116165716
1009,0.1528586860634839,0.05198712606684097,-0.02073265783320344
1010,0.12803110474013452,-0.2640855752873999,-0.007722616233254542
1011,0.12504288917515308,0.038840435317260336,0.08656462585034014
1012,0.12724222703243473,0.12690922133320104,0.04016393442622951
1013,0.1317767631262383,-0.05735787675642268,0.05560165975103731
1014,0.1476295666806978,0.0014732920747461686,0.022132471728594505
1015,0.1319035891744723,-0.14258748864309506,0.09759862778730705
1016,0.13082084589021753,-0.2209942403927863,0.02708840227088402
1017,0.13030243119932494,-0.20670852610707202,0.06399331662489555
1018,0.1512331478455942,0.1404646187692531,0.03008130081300811
1019,0.12526251576525402,0.059611948670376,0.08656462585034014
1020,0.16227366631075438,-0.011425507239147481,0.012339743589743574
1021,0.15340061542449077,0.0038723867559984915,-0.010534591194968551
1022,0.14476528486490503,0.04171418682668193,0.06505016722408025
1023,0.1551845025635594,0.16829147389292798,0.0036595067621320587
1024,0.14648721004457865,0.04490959687027429,0.056644518272425226
1025,0.12740109666716146,-0.26168777921910524,-0.010534591194968551
1026,0.14487707252831183,0.04329147389292798,0.06399331662489555
1027,0.1416788550949272,0.07219320799697426,0.09648671808054843
1028,0.13028059471486467,0.0654757742342249,0.04016393442622951
1029,0.15059533241551631,0.20562913623059031,0.05560165975103731
1030,0.14680025916704564,-0.033500334980792135,0.04016393442622951
1031,0.1250861472663362,-0.2638834139994487,-0.027131782945736455
1032,0.135795405007096,0.07314222016158467,0.015261044176706817
1033,0.13373117129981932,-0.002163071561617491,0.0330888345558272
1034,0.14589153174851288,0.15823400262856013,0.09871244635193133
1035,0.13745694944428702,0.07525494421256274,0.20744186046511626
1036,0.14512926252594888,0.04637789364601441,0.07249789739276702
1037,0.12567813774755765,-0.24374556314410906,-0.03346183500385505
1038,0.14902667483344553,0.08272365054907937,0.06505016722408025
1039,0.15813283071395393,0.2214523934331578,0.008466453674121382
1040,0.14683254336613458,-0.10576512988065695,0.012339743589743574
1041,0.1465391969757839,-0.10916754250051464,0.052483443708609245
1042,0.12060642640726339,0.05819662294441852,0.12255244755244754
1043,0.13027358954711382,-0.08633815573670167,0.017216411906677387
1044,0.14653834079406475,0.03439467673990304,0.028084415584415573
1045,0.15782658614330616,0.3134527642155086,-0.003952569169960479
1046,0.12473730195664819,-0.22662003053185079,-0.024397824397824397
1047,0.15782658614330616,0.3134527642155086,-0.003952569169960479
1048,0.1252267211470969,-0.2585953185599022,-0.03704842428900845
1049,0.14540397550226777,0.08709812041860776,0.08003384094754651
1050,0.15541968427006425,0.02521918473630147,-0.0030063291139240667
1051,0.14041183667278287,0.07811041539710628,0.11109185441941072
1052,0.1515637625398126,-0.054023962348682786,0.045267489711934145
1053,0.12751389536800078,-0.2375850201309764,-0.0011093502377179099
1054,0.13516005625423141,-0.07631636924432694,0.002702702702702703
1055,0.15011501248327708,0.12349625204992454,0.04016393442622951
1056,0.15059533241551631,0.20562913623059031,0.05560165975103731
1057,0.14653834079406475,0.03439467673990304,0.028084415584415573
1058,0.16045513405725614,0.009637627739081833,-0.040613026819923376
1059,0.1465113832482166,0.036199275311367685,0.029082047116165716
1060,0.1372110913364708,0.11436990526547697,0.16923076923076924
1061,0.15782658614330616,0.3134527642155086,-0.003952569169960479
1062,0.13110115667525296,-0.09013961115106028,0.0909556313993174
1063,0.14517130224874727,-0.02192591741141986,0.07036104114189756
1064,0.1465312448075249,0.0739037187908872,0.09316239316239316
1065,0.13111854508070186,-0.18635021991814693,0.05456053067993366
1066,0.16045513405725614,0.009637627739081833,-0.040613026819923376
1067,0.1337917797014119,-0.006159075557621463,-0.06326070623591287
1068,0.12822880283087948,-0.27249799979128253,-0.02256809338521401
1069,0.1465113832482166,0.036199275311367685,0.029082047116165716
1070,0.1372110913364708,0.11436990526547697,0.16923076923076924
1071,0.1301621369174184,-0.16908310804687138,0.04629324546952224
1072,0.1470426757588623,-0.021168456420660897,0.034094616639477965
1073,0.1369123598973753,0.05844298904444312,0.011369095276220959
1074,0.1326655779711872,-0.08331796816715786,-0.017968750000000006
1075,0.14498956913096606,0.11252224312369719,0.07356902356902356
1076,0.14041183667278287,0.07811041539710628,0.11109185441941072
1077,0.13589825602920982,0.06800630279026643,0.010399999999999993
1078,0.1268907761290322,0.07122443478678275,0.10995670995670992
1079,0.14552960533319315,-0.05331869559859742,0.04220032840722496
1080,0.12639267214808358,-0.24874392433716053,-0.024397824397824397
1081,0.14041183667278287,0.07811041539710628,0.11109185441941072
1082,0.12740109666716146,-0.26168777921910524,-0.010534591194968551
1083,0.1290636192957661,-0.2594296145424462,0.041181296144380625
1084,0.14680025916704564,-0.033500334980792135,0.04016393442622951
1085,0.14339415004375852,0.12510965571110977,0.07895181741335588
1086,0.1465113832482166,0.036199275311367685,0.029082047116165716
1087,0.13275474375145888,-0.11993876665690018,0.0381342062193126
1088,0.15769128139049263,0.027162441634863477,0.02609400324149108
1089,0.12740109666716146,-0.26168777921910524,-0.010534591194968551
1090,0.1280852869996542,-0.21280608708268178,0.034094616639477965
1091,0.13456545229003047,-0.11665088921946393,0.09759862778730705
1092,0.12827297600515863,0.1127359183373724,0.03510204081632651
1093,0.15044712081204048,0.1206110615217939,0.0381342062193126
1094,0.15101437739340018,0.20230786733555095,0.052483443708609245
1095,0.12683796057998095,-0.25499178790964716,-0.017968750000000006
1096,0.14157575912420325,0.1475695487592381,0.12835820895522387
1097,0.1465113832482166,0.036199275311367685,0.029082047116165716
1098,0.141199349232747,0.22575592886923135,-0.03794162826420891
1099,0.1368742342650382,0.08621490776763796,0.19833641404805913
1100,0.12664895360630538,-0.22310196873002283,-0.007722616233254542
1101,0.1491118931319633,-0.0027611576860193665,0.05144747725392884
1102,0.15077723580702457,0.08145941282422564,0.009432454036770566
1103,0.14498956913096606,0.11252224312369719,0.07356902356902356
1104,0.13336170774678674,0.1313313410025625,0.048349834983498347
1105,0.15666800113662765,0.05182389710111912,0.04016393442622951
1106,0.1459230663337282,-0.042234841896545694,0.05144747725392884
1107,0.1465113832482166,0.036199275311367685,0.029082047116165716
1108,0.13722564660732045,0.08650135043613782,-0.008661417322834652
1109,0.16045513405725614,0.009637627739081833,-0.040613026819923376
1110,0.1569186375349168,-0.024735736991425783,0.041181296144380625
1111,0.14754015896124137,0.014774363626768261,0.010399999999999993
1112,0.1314172779715232,-0.24775330222647501,0.015261044176706817
1113,0.12958521730342218,0.13387118403785547,0.0231204527081649
1114,0.14041183667278287,0.07811041539710628,0.11109185441941072
1115,0.15782658614330616,0.3134527642155086,-0.003952569169960479
1116,0.14992348110834525,0.08122250837568656,0.03712183156173343
1117,0.1576292415531643,0.08282635761385826,-0.03436055469953775
1118,0.1280364212441431,-0.264708526107072,-0.0020585906571654877
1119,0.14041183667278287,0.07811041539710628,0.11109185441941072
1120,0.129438888740483,-0.27760404849513176,0.015261044176706817
1121,0.14041183667278287,0.07811041539710628,0.11109185441941072
1122,0.12933584476931093,-0.17545852610707202,-0.02622187742435997
1123,0.1465113832482166,0.036199275311367685,0.029082047116165716
1124,0.14803527841978045,0.0579973562458691,0.08985507246376812
1125,0.16342830466667768,-0.007819637218183129,-0.02531055900621118
1126,0.13483590239209584,-0.05379590474784873,-0.04238714613618977
1127,0.14041183667278287,0.07811041539710628,0.11109185441941072
1128,0.1465113832482166,0.036199275311367685,0.029082047116165716
1129,0.1459230663337282,-0.042234841896545694,0.05144747725392884
1130,0.13325296289451674,0.03150696210841619,0.04424342105263157
1131,0.1465113832482166,0.036199275311367685,0.029082047116165716
1132,0.12458885559692559,0.05216721353789844,0.08765957446808509
1133,0.13674029732540247,-0.19065348023551237,-0.03166023166023166
1134,0.145566428900278,0.063291473892928,0.07356902356902356
1135,0.13886802271962242,0.02956598369684954,0.002702702702702703
1136,0.14589153174851288,0.15823400262856013,0.09871244635193133
1137,0.15904707087765865,0.03234256878343894,0.021146085552865207
1138,0.1306755171471359,0.0017632346902701768,0.048349834983498347
1139,0.15119777161746303,0.11723513586475898,0.03108218063466231
1140,0.12851771953551877,0.03864751104463077,0.0714285714285714
1141,0.15431264885435467,0.0410083688700969,-0.030757341576506975
1142,0.1510386925751352,0.049660900644520334,0.06188490408673891
1143,0.1459230663337282,-0.042234841896545694,0.05144747725392884
1144,0.1465113832482166,0.036199275311367685,0.029082047116165716
1145,0.1465113832482166,0.036199275311367685,0.029082047116165716
1146,0.15416239790300432,0.1697065682325506,0.012339743589743574
1147,0.1547754336724727,-0.2583614186690555,-0.009598741148701823
1148,0.155585995587096,0.03445755163144387,0.03008130081300811
1149,0.15744046407813686,0.08025645443767504,0.004617834394904458
1150,0.12740109666716146,-0.26168777921910524,-0.010534591194968551
1151,0.13705031591770211,0.09542417531472891,0.18680109990834098
1152,0.1465113832482166,0.036199275311367685,0.029082047116165716
1153,0.14514561254419786,-0.020176018367133952,0.0714285714285714
1154,0.1463077678672904,0.10739403799549208,0.059783513738551175
1155,0.14515930877190245,-0.07946301712503612,0.08329092451229853
1156,0.1535517635804785,-0.013485082883628818,0.020161290322580627
1157,0.14348506208124281,0.07559916620062024,0.07356902356902356
1158,0.1271710032542711,-0.25364339200745517,0.008466453674121382
1159,0.1465113832482166,0.036199275311367685,0.029082047116165716
1160,0.12532679895363433,0.04616503711131881,0.09871244635193133
1161,0.15268555039209986,-0.028564813532221733,0.08329092451229853
1162,0.13670407304184234,0.07042325683866446,0.005577689243027872
1163,0.15149243902310708,-0.019446168692623333,0.010399999999999993
1164,0.14649891107524848,0.03799112053603754,0.03008130081300811
1165,0.1535517635804785,-0.013485082883628818,0.020161290322580627
1166,0.15289149400215293,0.18954997729428857,0.041181296144380625
1167,0.1551967607525847,-0.022068003231255018,0.053521126760563364
1168,0.16069723773411346,-0.31097988289099165,-0.048554033485540354
1169,0.14540397550226777,0.08709812041860776,0.08003384094754651
1170,0.1492584564553419,0.1361253501144264,0.05456053067993366
1171,0.133284551702148,-0.09333643308381623,0.09426860564585116
1172,0.14754015896124137,0.014774363626768261,0.010399999999999993
1173,0.14515930877190245,-0.07946301712503612,0.08329092451229853
1174,0.12646900360420066,0.03744352067655371,0.09205807002561911
1175,0.13134896783952318,-0.08452807497925247,0.013311948676824364
1176,0.14552960533319315,-0.05331869559859742,0.04220032840722496
1177,0.14909474740197887,-0.014941457833979654,-0.0030063291139240667
1178,0.1535517635804785,-0.013485082883628818,0.020161290322580627
1179,0.1475550784675962,0.012757122747889815,0.009432454036770566
1180,0.1459230663337282,-0.042234841896545694,0.05144747725392884
1181,0.1465113832482166,0.036199275311367685,0.029082047116165716
1182,0.12423454036568339,0.0227435286874485,0.11794425087108013
1183,0.1265219487308759,-0.25056817522987906,-0.02256809338521401
1184,0.14691488243818118,-0.056708526107072,0.03208469055374591
1185,0.15969220888553806,0.30748361363091925,-0.021651090342679147
1186,0.14754015896124137,0.014774363626768261,0.010399999999999993
1187,0.12644748296346836,0.12021455081600485,0.059783513738551175
1188,0.1372110913364708,0.11436990526547697,0.16923076923076924
1189,0.1449147794333903,0.06515736310575593,0.09316239316239316
1190,0.15011501248327708,0.12349625204992454,0.04016393442622951
1191,0.13129712305754612,-0.08491365431220022,-0.01704456606724003
1192,0.14147947659810312,0.08175301235446641,0.10206540447504303
1193,0.1452234646656698,-0.0836198410917815,0.075716694772344
1194,0.14039771945461266,0.10203821018535619,0.13893805309734514
1195,0.12972812722616578,-0.2550624355720926,-0.008661417322834652
1196,0.15157049921277077,-0.034655294167908524,0.010399999999999993
1197,0.1465113832482166,0.036199275311367685,0.029082047116165716
1198,0.14909474740197887,-0.014941457833979654,-0.0030063291139240667
1199,0.15999403681296165,0.006893006459977813,0.008466453674121382
1200,0.15381177741332666,0.1858770252237265,0.010399999999999993
1201,0.1366607693804764,-0.14268413586316958,0.07679324894514766
1202,0.15673162108734542,0.21243645530556743,0.01623794212218649
1203,0.14969513192952572,0.07520636750994925,-0.016118935837245718
1204,0.12626210686865408,0.0715933606853808,0.12486865148861648
1205,0.14512926252594888,0.04637789364601441,0.07249789739276702
1206,0.14754015896124137,0.014774363626768261,0.010399999999999993
1207,0.1496716061282911,0.0732060038074579,-0.01704456606724003
1208,0.12177104283454275,0.10010965571110975,0.10318690783807061
1209,0.13757743621766744,0.01337694397839806,-0.01704456606724003
1210,0.12985999214222313,-0.24470852610707203,-0.0020585906571654877
1211,0.1372110913364708,0.11436990526547697,0.16923076923076924
1212,0.13337227086667877,-0.11136318076172669,0.08220338983050846
1213,0.12740109666716146,-0.26168777921910524,-0.010534591194968551
1214,0.12763945705527868,-0.2380850443256955,-0.004897314375987366
1215,0.15059533241551631,0.20562913623059031,0.05560165975103731
1216,0.14599820916710884,-0.011195705594251482,0.059783513738551175
1217,0.14592304955037277,-0.04031508348412122,0.052483443708609245
1218,0.12759649563084147,-0.26005580644180004,-0.012401883830455263
1219,0.1295514997067349,-0.2782698643970348,0.01623794212218649
1220,0.15657657128346597,-0.09670852610707203,-0.0020585906571654877
1221,0.12525809958755943,0.02106925167070578,0.11222896790980053
1222,0.1253478146239292,-0.2548305918347715,-0.036153846153846175
1223,0.14653834079406475,0.03439467673990304,0.028084415584415573
1224,0.15541968427006425,0.02521918473630147,-0.0030063291139240667
1225,0.14732098656897064,-0.031959362227473365,0.04629324546952224
1226,0.16045513405725614,0.009637627739081833,-0.040613026819923376
1227,0.124715374141256,0.07216685383213772,0.07787162162162159
1228,0.13088730339114701,0.01317099196521715,0.08111769686706183
1229,0.1535517635804785,-0.013485082883628818,0.020161290322580627
1230,0.14665246775863236,0.06316914973390653,0.075716694772344
1231,0.14754015896124137,0.014774363626768261,0.010399999999999993
1232,0.1535517635804785,-0.013485082883628818,0.020161290322580627
1233,0.13677781099403957,0.06667677456107945,0.22199248120300752
1234,0.14754015896124137,0.014774363626768261,0.010399999999999993
1235,0.13050890306535812,-0.2558888539759245,-0.007722616233254542
1236,0.13623836151019644,-0.004076947159703581,0.03208469055374591
1237,0.15541968427006425,0.02521918473630147,-0.0030063291139240667
1238,0.1286330972051853,-0.24994160881383895,0.013311948676824364
1239,0.12544907483266507,0.06011104575837145,0.075716694772344
1240,0.14675962786269406,-0.056708526107072,0.052483443708609245
1241,0.1282056969277741,-0.26666327723829375,-0.02894736842105264
1242,0.12252094838612755,0.08197342231699678,0.09982817869415805
1243,0.13784503909749013,0.2022953053105525,0.008466453674121382
1244,0.1575861849928857,0.30823171293675267,-0.0011093502377179099
1245,0.14815260604371858,0.007710949548358714,0.014285714285714263
1246,0.1339962894165906,-0.08547106791309211,0.04629324546952224
1247,0.14514561254419786,-0.020176018367133952,0.0714285714285714
1248,0.1459230663337282,-0.042234841896545694,0.05144747725392884
1249,0.13694968901360516,0.1404137760512013,0.025101214574898778
1250,0.1288355028047461,0.1239366351832506,0.0909556313993174
1251,0.12796163555161305,0.09734552794698204,0.04322103533278554
1252,0.14476528486490503,0.04171418682668193,0.06505016722408025
1253,0.1459230663337282,-0.042234841896545694,0.05144747725392884
1254,0.14805800816238768,0.0660796776462792,0.12719298245614036
1255,0.15037710513471236,0.05501022389292798,0.0036595067621320587
1256,0.147540621938683,0.016776322377776487,0.011369095276220959
1257,0.13105685554860408,0.1261317105793185,0.08765957446808509
1258,0.14556458534094766,0.15211500330469263,0.08985507246376812
1259,0.1372110913364708,0.11436990526547697,0.16923076923076924
1260,0.14498956913096606,0.11252224312369719,0.07356902356902356
1261,0.13510502607170563,-0.13996644465910824,-0.02894736842105264
1262,0.12971879662134173,-0.2380705332755308,0.02609400324149108
1263,0.16056887165055164,0.2520293379705979,-0.04238714613618977
1264,0.15813283071395393,0.2214523934331578,0.008466453674121382
1265,0.15232626983353886,0.017599774288184877,0.0007936507936507908
1266,0.1371745350592426,0.09100931621657948,-0.010534591194968551
1267,0.12902536717308835,-0.2752413446398906,0.006539074960127594
1268,0.1390942223813745,0.09912903734470457,0.1521000893655049
1269,0.1503889337784306,0.06630402619418319,-0.012401883830455263
1270,0.14754015896124137,0.014774363626768261,0.010399999999999993
1271,0.14014985401258076,0.04720792297908982,0.13893805309734514
1272,0.14754015896124137,0.014774363626768261,0.010399999999999993
1273,0.13343698154029185,-0.11442664691244114,0.045267489711934145
1274,0.146226199283534,0.008174417036740711,0.04629324546952224
1275,0.12740109666716146,-0.26168777921910524,-0.010534591194968551
1276,0.15076983296623706,-0.1855817655436917,0.03108218063466231
1277,0.14873194007298088,-0.02702102610707202,0.0036595067621320587
1278,0.14997232826336157,0.20252714268273686,0.06188490408673891
1279,0.12634898573004558,0.10908094757713849,0.05144747725392884
1280,0.14694677368099412,0.02692783752929162,0.022132471728594505
1281,0.1390942223813745,0.09912903734470457,0.1521000893655049
1282,0.15782658614330616,0.3134527642155086,-0.003952569169960479
1283,0.1372110913364708,0.11436990526547697,0.16923076923076924
1284,0.14832907492150282,-0.011396026107072021,0.0036595067621320587
1285,0.15541968427006425,0.02521918473630147,-0.0030063291139240667
1286,0.15773187686774381,-0.034294733003623734,-0.018891491022638568
1287,0.13886922579748856,0.11038008148786471,0.15330948121645793
1288,0.1250296068697987,-0.2471847165832625,-0.03883346124328474
1289,0.14754015896124137,0.014774363626768261,0.010399999999999993
1290,0.14517130224874727,-0.02192591741141986,0.07036104114189756
1291,0.14574870274375581,0.12136456359392467,0.048349834983498347
1292,0.14632799102828603,0.17672255893691624,0.0909556313993174
1293,0.14476528486490503,0.04171418682668193,0.06505016722408025
1294,0.14618455377540635,0.1277509333523874,0.04322103533278554
1295,0.15429633587031322,0.03656501649382482,-0.027131782945736455
1296,0.1465113832482166,0.036199275311367685,0.029082047116165716
1297,0.14540397550226777,0.08709812041860776,0.08003384094754651
1298,0.14485719284711202,0.19836393766104388,0.0953767123287671
1299,0.14754015896124137,0.014774363626768261,0.010399999999999993
1300,0.1372110913364708,0.11436990526547697,0.16923076923076924
1301,0.15730297051091915,0.30707100145198307,0.0017474185861794944
1302,0.1470426757588623,-0.021168456420660897,0.034094616639477965
1303,0.16073937274461383,0.31083533354205084,-0.02256809338521401
1304,0.14359283431174064,0.013546431400010106,0.10431034482758622
1305,0.14740569666507955,-0.10174669404600334,0.009432454036770566
1306,0.14961645763722728,0.12188679161868043,0.04629324546952224
1307,0.16336600695160652,-0.009805871239815411,-0.024397824397824397
1308,0.12849982513110128,-0.19946214929547784,0.0231204527081649
1309,0.1478532584181484,0.137350879833522,0.050413223140495844
1310,0.14909474740197887,-0.014941457833979654,-0.0030063291139240667
1311,0.14997232826336157,0.20252714268273686,0.06188490408673891
1312,0.14961645763722728,0.12188679161868043,0.04629324546952224
1313,0.12751389536800078,-0.2375850201309764,-0.0011093502377179099
1314,0.129918823495554,-0.2734287833417987,0.05873544093178035
1315,0.14611041061013688,0.1548856767914787,0.0953767123287671
1316,0.12931526663302323,-0.23322367762222354,0.011369095276220959
1317,0.12941560252988585,-0.2352799546785006,0.02708840227088402
1318,0.12481435450905651,0.04329147389292798,0.09871244635193133
1319,0.1371745350592426,0.09100931621657948,-0.010534591194968551
1320,0.1475550784675962,0.012757122747889815,0.009432454036770566
1321,0.14903556269752882,0.20562913623059031,0.05560165975103731
1322,0.1410075830465259,0.11548398726191189,0.12835820895522387
1323,0.13757216534070557,0.04705087238916861,0.013311948676824364
1324,0.1244128436946627,-0.011604668540306451,0.08656462585034014
1325,0.15769128139049263,0.027162441634863477,0.02609400324149108
1326,0.12801137739680646,-0.21264072949690252,0.04220032840722496
1327,0.15782658614330616,0.3134527642155086,-0.003952569169960479
1328,0.13088730339114701,0.01317099196521715,0.08111769686706183
1329,0.14050373195644786,0.07681102696555364,0.10995670995670992
1330,0.12374067567020038,0.05315062882250543,0.10656303972366149
1331,0.15463382148458807,0.16414455446164833,-0.03794162826420891
1332,0.1431710076966457,0.0890141877572348,0.0887563884156729
1333,0.1372110913364708,0.11436990526547697,0.16923076923076924
1334,0.1285207032765601,-0.22266597291558266,-0.016118935837245718
1335,0.1395919050248137,0.09020836397335696,0.12719298245614036
1336,0.16045513405725614,0.009637627739081833,-0.040613026819923376
1337,0.14754015896124137,0.014774363626768261,0.010399999999999993
1338,0.15114126888457216,0.045553917331842,-0.02894736842105264
1339,0.12526251576525402,0.059611948670376,0.08656462585034014
1340,0.1465113832482166,0.036199275311367685,0.029082047116165716
1341,0.1480901599937233,-0.0011100705086164453,0.006539074960127594
1342,0.14633695191113572,-0.06902736668678217,0.0231204527081649
1343,0.1465113832482166,0.036199275311367685,0.029082047116165716
1344,0.1410075830465259,0.11548398726191189,0.12835820895522387
1345,0.15194435759659766,0.10054338228987458,0.009432454036770566
1346,0.14517130224874727,-0.02192591741141986,0.07036104114189756
1347,0.14608330091960986,0.0008078137622090087,0.053521126760563364
1348,0.14969513192952572,0.07520636750994925,-0.016118935837245718
1349,0.15059533241551631,0.20562913623059031,0.05560165975103731
1350,0.1459230663337282,-0.042234841896545694,0.05144747725392884
1351,0.14623911501203374,-0.08325173598361524,0.07249789739276702
1352,0.12782973330223846,-0.2084326640381065,0.03712183156173343
1353,0.14735436306019883,-0.048404027837175845,0.036111111111111094
1354,0.15933969404902604,0.24683129690177752,-0.024397824397824397
1355,0.1417791277143967,0.028624807226261317,0.12952548330404218
1356,0.13193249247154482,0.1456080762095303,0.006539074960127594
1357,0.14754015896124137,0.014774363626768261,0.010399999999999993
1358,0.12907412226021692,0.05003001836732146,0.12486865148861648
1359,0.1282899572632219,-0.2697166561883728,-0.005840568271507501
1360,0.14479222698536703,0.16972825550212334,0.09871244635193133
1361,0.1336315405312246,0.014281234985078162,0.04016393442622951
1362,0.14992348110834525,0.08122250837568656,0.03712183156173343
1363,0.1372110913364708,0.11436990526547697,0.16923076923076924
1364,0.15621665482628533,-0.09208758747891316,0.024110032362459538
1365,0.14159453583196824,0.009612717416244032,0.14250221827861576
1366,0.1465113832482166,0.036199275311367685,0.029082047116165716
1367,0.12527383277108528,0.07579921383100852,0.0714285714285714
1368,0.12506484301078616,-0.2666258814789728,-0.009598741148701823
1369,0.14754015896124137,0.014774363626768261,0.010399999999999993
1370,0.13677781099403957,0.06667677456107945,0.22199248120300752
1371,0.15425724200182223,0.006326493348180917,0.004617834394904458
1372,0.14419303988865714,0.1584676256544456,0.12255244755244754
1373,0.15059533241551631,0.20562913623059031,0.05560165975103731
1374,0.1372110913364708,0.11436990526547697,0.16923076923076924
1375,0.14511346118619495,-0.029956933750384107,0.06188490408673891
1376,0.14472956067987153,0.06725313523478105,0.060833333333333295
1377,0.14754015896124137,0.014774363626768261,0.010399999999999993
1378,0.16045513405725614,0.009637627739081833,-0.040613026819923376
1379,0.15541968427006425,0.02521918473630147,-0.0030063291139240667
1380,0.13136150826372986,-0.1403819954948271,0.041181296144380625
1381,0.1372110913364708,0.11436990526547697,0.16923076923076924
1382,0.14018297613161343,0.054485503743674224,0.015261044176706817
1383,0.14536514221276253,-0.10703532349269296,0.053521126760563364
1384,0.15128588374561325,0.20665781052659138,0.050413223140495844
1385,0.14727976571231688,-0.01307216247070836,0.022132471728594505
1386,0.12565974912199918,0.07911701906426749,0.06929530201342282
1387,0.14887366907537367,0.09269858851743396,0.0007936507936507908
1388,0.14754015896124137,0.014774363626768261,0.010399999999999993
1389,0.1250861472663362,-0.2638834139994487,-0.027131782945736455
1390,0.12214081985780206,0.09258724854081535,0.10656303972366149
1391,0.15541968427006425,0.02521918473630147,-0.0030063291139240667
1392,0.1465113832482166,0.036199275311367685,0.029082047116165716
1393,0.16167977174820128,0.3038548541746181,-0.036153846153846175
1394,0.14348506208124281,0.07559916620062024,0.07356902356902356
1395,0.16045513405725614,0.009637627739081833,-0.040613026819923376
1396,0.12633730959476072,0.10538297716090184,0.053521126760563364
1397,0.15782658614330616,0.3134527642155086,-0.003952569169960479
1398,0.147066152380588,0.0669507798866188,0.06505016722408025
1399,0.13042056976450667,-0.04890710766735573,0.029082047116165716
1400,0.1363882506401794,0.029686031716057215,0.041181296144380625
1401,0.14041183667278287,0.07811041539710628,0.11109185441941072
1402,0.15782658614330616,0.3134527642155086,-0.003952569169960479
1403,0.13104641060154637,-0.061359688897769715,-0.03436055469953775
1404,0.1268916782008492,0.06725313523478105,0.060833333333333295
1405,0.14013189461026684,0.048527075987168766,0.13775419982316534
1406,0.14498956913096606,0.11252224312369719,0.07356902356902356
1407,0.16045513405725614,0.009637627739081833,-0.040613026819923376
1408,0.14589153174851288,0.15823400262856013,0.09871244635193133
1409,0.14754015896124137,0.014774363626768261,0.010399999999999993
1410,0.1547387026298675,0.09719481961783505,0.01623794212218649
1411,0.1500444226319773,-0.01731458671313263,0.011369095276220959
1412,0.16045513405725614,0.009637627739081833,-0.040613026819923376
1413,0.14592304955037277,-0.04031508348412122,0.052483443708609245
1414,0.12563604596103728,-0.24472695928679553,-0.032561728395061745
1415,0.12448781875277352,0.019481950083404143,0.13303964757709252
1416,0.14887366907537367,0.09269858851743396,0.0007936507936507908
1417,0.13459878211437978,-0.11912890827267714,0.06188490408673891
1418,0.14589153174851288,0.15823400262856013,0.09871244635193133
1419,0.14227368635403864,0.05923350287843521,0.0953767123287671
1420,0.14041183667278287,0.07811041539710628,0.11109185441941072
1421,0.15541968427006425,0.02521918473630147,-0.0030063291139240667
1422,0.14498956913096606,0.11252224312369719,0.07356902356902356
1423,0.14514561254419786,-0.020176018367133952,0.0714285714285714
1424,0.13763749156575678,0.18218036278181682,-0.03346183500385505
1425,0.1476295666806978,0.0014732920747461686,0.022132471728594505
1426,0.14754015896124137,0.014774363626768261,0.010399999999999993
1427,0.12357089481323241,0.010121940723394784,0.1679927667269439
1428,0.1344506518590476,-0.0984197560535961,-0.05897435897435899
1429,0.14909474740197887,-0.014941457833979654,-0.0030063291139240667
1430,0.1372110913364708,0.11436990526547697,0.16923076923076924
1431,0.1332597255321862,-0.026086516537694004,-0.03972392638036812
1432,0.14951147601195827,0.1277985161464491,0.03108218063466231
1433,0.14653834079406475,0.03439467673990304,0.028084415584415573
1434,0.14111761729717048,0.07170056480201892,0.10318690783807061
1435,0.1465113832482166,0.036199275311367685,0.029082047116165716
1436,0.1286240342798508,0.04483946150902707,0.0714285714285714
1437,0.14512926252594888,0.04637789364601441,0.07249789739276702
1438,0.14041183667278287,0.07811041539710628,0.11109185441941072
1439,0.14653834079406475,0.03439467673990304,0.028084415584415573
1440,0.1580891740419938,0.019655110256564357,0.022132471728594505
1441,0.13067250896165358,-0.29428814394146696,0.06188490408673891
1442,0.1465113832482166,0.036199275311367685,0.029082047116165716
1443,0.1372110913364708,0.11436990526547697,0.16923076923076924
1444,0.15999403681296165,0.006893006459977813,0.008466453674121382
1445,0.15111020269465966,0.04329147389292798,-0.02985305491105955
1446,0.145706956512421,-0.040041859440405336,0.08547153780798639
1447,0.13187270122290704,-0.24849738241205735,0.0909556313993174
1448,0.14512926252594888,0.04637789364601441,0.07249789739276702
1449,0.13429627384905365,0.06041476156416081,0.039148239148239145
1450,0.14192241517490523,0.028386324841437438,0.12255244755244754
1451,0.1459230663337282,-0.042234841896545694,0.05144747725392884
1452,0.15414156829351905,0.16503060432771055,-0.02073265783320344
1453,0.13813865673247133,0.05793582535736308,-0.012401883830455263
1454,0.14157575912420325,0.1475695487592381,0.12835820895522387
1455,0.12535961902559237,0.047589468162268944,0.09982817869415805
1456,0.1252267211470969,-0.2585953185599022,-0.03704842428900845
1457,0.15448980054512287,0.2076982535539449,0.04220032840722496
1458,0.1459230663337282,-0.042234841896545694,0.05144747725392884
1459,0.1465113832482166,0.036199275311367685,0.029082047116165716
1460,0.14540397550226777,0.08709812041860776,0.08003384094754651
1461,0.14514561254419786,-0.020176018367133952,0.0714285714285714
1462,0.15589588345775932,0.15769825355394496,-0.015191855912294439
1463,0.14498956913096606,0.11252224312369719,0.07356902356902356
1464,0.1465113832482166,0.036199275311367685,0.029082047116165716
1465,0.1537348817724289,-0.07512957873865095,-0.02256809338521401
1466,0.14498956913096606,0.11252224312369719,0.07356902356902356
1467,0.1535517635804785,-0.013485082883628818,0.020161290322580627
1468,0.13019993094163645,-0.18242281182135772,0.10094582975064487
1469,0.149826057472849,-0.01811203487900187,-0.02256809338521401
1470,0.1470426757588623,-0.021168456420660897,0.034094616639477965
1471,0.13140139861713618,-0.0916895147002279,0.010399999999999993
1472,0.13148382577270523,-0.10479214980045182,0.034094616639477965
1473,0.1459230663337282,-0.042234841896545694,0.05144747725392884
1474,0.15769128139049263,0.027162441634863477,0.02609400324149108
1475,0.1470426757588623,-0.021168456420660897,0.034094616639477965
1476,0.14671249459450764,0.03837344110604274,0.052483443708609245
1477,0.12869753477320336,0.056194699699379624,0.05768911055694098
1478,0.13191545070348396,-0.19534488974343567,0.011369095276220959
1479,0.13126539424637282,-0.27824698764553357,0.07356902356902356
1480,0.14041183667278287,0.07811041539710628,0.11109185441941072
1481,0.15739234153570245,0.06180999241144647,-0.008661417322834652
1482,0.14659349851906214,-0.04359377200871134,0.052483443708609245
1483,0.13137021856491038,-0.23871544652229693,0.036111111111111094
1484,0.1478542227673223,0.06930303458656961,0.09648671808054843
1485,0.16336600695160652,-0.009805871239815411,-0.024397824397824397
1486,0.1459230663337282,-0.042234841896545694,0.05144747725392884
1487,0.1465113832482166,0.036199275311367685,0.029082047116165716
1488,0.1416788550949272,0.07219320799697426,0.09648671808054843
1489,0.1586794114493383,0.2428622893435718,-0.017968750000000006
1490,0.14871825532631347,-0.04909983045489813,0.12139737991266375
1491,0.14732098656897064,-0.031959362227473365,0.04629324546952224
1492,0.1545390628988686,0.01214393290932142,0.052483443708609245
1493,0.15541968427006425,0.02521918473630147,-0.0030063291139240667
1494,0.1351133975408694,0.04694110892942438,0.021146085552865207
1495,0.15776229587782756,0.025305862382136612,0.025101214574898778
1496,0.12966588812318589,0.0364421588244348,0.11794425087108013
1497,0.1547898909264378,-0.019733736191105633,-0.013333333333333336
1498,0.14041183667278287,0.07811041539710628,0.11109185441941072
1499,0.13297549758178565,0.03498582605239642,0.048349834983498347
1500,0.14653834079406475,0.03439467673990304,0.028084415584415573
1501,0.15770923122265543,0.15835423539920412,-0.012401883830455263
1502,0.15021950452243044,0.1220585971805992,0.039148239148239145
1503,0.15059533241551631,0.20562913623059031,0.05560165975103731
1504,0.1465113832482166,0.036199275311367685,0.029082047116165716
1505,0.14515930877190245,-0.07946301712503612,0.08329092451229853
1506,0.12825627498100794,-0.27180286572971357,0.012339743589743574
1507,0.12701258680680247,0.038618576696666296,0.06929530201342282
1508,0.13139421352860933,-0.19583896088968072,0.07036104114189756
1509,0.15068059698344016,0.050268218078974525,-0.03436055469953775
1510,0.15059533241551631,0.20562913623059031,0.05560165975103731
1511,0.12633730959476072,0.10538297716090184,0.053521126760563364
1512,0.1313157774646705,-0.1513393985902935,0.045267489711934145
1513,0.1465113832482166,0.036199275311367685,0.029082047116165716
1514,0.14645425492278516,-0.056708526107072,0.04732069249793899
1515,0.14517130224874727,-0.02192591741141986,0.07036104114189756
1516,0.16055498292775064,0.3128566912842323,-0.02073265783320344
1517,0.14157575912420325,0.1475695487592381,0.12835820895522387
1518,0.1372110913364708,0.11436990526547697,0.16923076923076924
1519,0.15730297051091915,0.30707100145198307,0.0017474185861794944
1520,0.14858476110513238,0.11999601934747339,0.10318690783807061
1521,0.1514964620992078,0.07554953840905698,-0.003952569169960479
1522,0.14157575912420325,0.1475695487592381,0.12835820895522387
1523,0.11959877300543598,0.0657189145261734,0.13421516754850088
1524,0.14964595319156768,-0.015967785366331255,0.017216411906677387
1525,0.13290233514208077,0.1014310087766489,0.005577689243027872
1526,0.13615673160838204,-0.08333190273044866,0.05560165975103731
1527,0.1459230663337282,-0.042234841896545694,0.05144747725392884
1528,0.15231243836562378,0.044920138388041986,0.05456053067993366
1529,0.1459230663337282,-0.042234841896545694,0.05144747725392884
1530,0.14227368635403864,0.05923350287843521,0.0953767123287671
1531,0.14568406417831847,0.1547200453214994,0.10094582975064487
1532,0.1519020584269649,0.03817201996801328,0.04016393442622951
1533,0.14157575912420325,0.1475695487592381,0.12835820895522387
1534,0.13628172235869973,0.07536694559104118,0.012339743589743574
1535,0.12940659371790655,0.012856691284232336,0.0953767123287671
1536,0.15293810868859867,0.05781429546969141,-0.010534591194968551
1537,0.14479222698536703,0.16972825550212334,0.09871244635193133
1538,0.14517130224874727,-0.02192591741141986,0.07036104114189756
1539,0.14041183667278287,0.07811041539710628,0.11109185441941072
1540,0.1315378356764004,0.15523177240039066,0.015261044176706817
1541,0.13312100014904224,-0.010554679953225843,0.007501995211492418
1542,0.14041183667278287,0.07811041539710628,0.11109185441941072
1543,0.14849543211945793,0.22367122072837098,0.06399331662489555
1544,0.1372110913364708,0.11436990526547697,0.16923076923076924
1545,0.12302622318687831,-0.2378030534702561,-0.04679878048780489
1546,0.14041183667278287,0.07811041539710628,0.11109185441941072
1547,0.14599820916710884,-0.011195705594251482,0.059783513738551175
1548,0.12880111208870998,0.11268649168652234,0.028084415584415573
1549,0.14754015896124137,0.014774363626768261,0.010399999999999993
1550,0.13298959658030504,-0.14384302903104862,0.09205807002561911
1551,0.14680025916704564,-0.033500334980792135,0.04016393442622951
1552,0.12552363140804648,0.05765928998488201,0.09871244635193133
1553,0.14796763061548593,-0.03625398065252655,0.011369095276220959
1554,0.1474922942005399,0.022207136543530404,0.08111769686706183
1555,0.147540621938683,0.016776322377776487,0.011369095276220959
1556,0.14157575912420325,0.1475695487592381,0.12835820895522387
1557,0.14041183667278287,0.07811041539710628,0.11109185441941072
1558,0.13745694944428702,0.07525494421256274,0.20744186046511626
1559,0.15118484301970023,0.25509702944848356,0.03510204081632651
1560,0.15086955332204852,0.20342219284717633,0.053521126760563364
1561,0.1465113832482166,0.036199275311367685,0.029082047116165716
1562,0.13339329645996353,-0.15978019846202085,0.04016393442622951
1563,0.14846301101016204,-0.04645211585066178,0.020161290322580627
1564,0.1320166233214326,-0.061253980652526574,-0.02985305491105955
1565,0.14754015896124137,0.014774363626768261,0.010399999999999993
1566,0.13018453987403486,-0.052527341438082464,0.034094616639477965
1567,0.13177670412166764,0.15918551362802735,0.049380677126341865
1568,0.14754015896124137,0.014774363626768261,0.010399999999999993
1569,0.1519780457281009,-0.08592200925313942,0.014285714285714263
1570,0.1332597255321862,-0.026086516537694004,-0.03972392638036812
1571,0.12740109666716146,-0.26168777921910524,-0.010534591194968551
1572,0.15006032391949153,0.12578305638451048,0.04424342105263157
1573,0.14157575912420325,0.1475695487592381,0.12835820895522387
1574,0.14041183667278287,0.07811041539710628,0.11109185441941072
1575,0.13461583517758025,-0.007004384095237681,-0.0742559523809524
1576,0.13750197252006607,0.08264332574477984,0.19962997224791856
1577,0.14041183667278287,0.07811041539710628,0.11109185441941072
1578,0.14653834079406475,0.03439467673990304,0.028084415584415573
1579,0.14964595319156768,-0.015967785366331255,0.017216411906677387
1580,0.15589588345775932,0.15769825355394496,-0.015191855912294439
1581,0.13310972695226866,0.05671429268487427,0.045267489711934145
1582,0.14754015896124137,0.014774363626768261,0.010399999999999993
1583,0.14168965714842657,0.13687436159346278,0.12835820895522387
1584,0.14601729544258446,-0.04593411533266123,0.04424342105263157
1585,0.14013189461026684,0.048527075987168766,0.13775419982316534
1586,0.13426363065286165,0.14329147389292796,0.05768911055694098
1587,0.14821968154523538,0.027162441634863477,-0.003952569169960479
1588,0.12928259536517597,-0.22281022102232625,0.04220032840722496
1589,0.12530816415650928,-0.251101049471558,-0.03525789068514243
1590,0.12965595730676235,-0.25743316378823144,0.0231204527081649
1591,0.13166451362937656,0.021552343458145384,0.07036104114189756
1592,0.1459230663337282,-0.042234841896545694,0.05144747725392884
1593,0.1515498936371022,-0.03246610186464777,0.011369095276220959
1594,0.12563604596103728,-0.24472695928679553,-0.032561728395061745
1595,0.14969513192952572,0.07520636750994925,-0.016118935837245718
1596,0.15976974518397094,0.10098378158523569,-0.040613026819923376
1597,0.14647575959426884,0.16025053822041335,0.09205807002561911
1598,0.13992579407692093,0.18218036278181682,-0.00015860428231562196
1599,0.14887366907537367,0.09269858851743396,0.0007936507936507908
1600,0.12938887431645826,0.0658721190542183,0.05768911055694098
1601,0.15524923785538583,0.019481950083404143,-0.00015860428231562196
1602,0.14997232826336157,0.20252714268273686,0.06188490408673891
1603,0.1317936360682176,0.01423948612534387,0.075716694772344
1604,0.12696494970267402,-0.26440083379937973,-0.01704456606724003
1605,0.13310750443223257,-0.12858352610707202,0.06823134953897736
1606,0.13825571685614266,0.08602651662797067,-0.01704456606724003
1607,0.14608330091960986,0.0008078137622090087,0.053521126760563364
1608,0.13807570405444258,0.18238921825383025,0.013311948676824364
1609,0.13237845029764628,0.027162441634863477,0.05768911055694098
1610,0.14627678907880964,-0.021523340921886847,0.07249789739276702
1611,0.14759147258941555,0.11077613646961515,0.07464195450716088
1612,0.14647575959426884,0.16025053822041335,0.09205807002561911
1613,0.12300997448106732,-0.24242281182135775,-0.05117691723614276
1614,0.12363503766064578,0.04618164730333263,0.09648671808054843
1615,0.15551237706276333,0.14495122493027235,-0.010534591194968551
1616,0.16137546178194576,0.15059740996598736,-0.030757341576506975
1617,0.12563604596103728,-0.24472695928679553,-0.032561728395061745
1618,0.16045513405725614,0.009637627739081833,-0.040613026819923376
1619,0.12836366761386384,-0.19831926436210556,0.045267489711934145
1620,0.1535517635804785,-0.013485082883628818,0.020161290322580627
1621,0.12563604596103728,-0.24472695928679553,-0.032561728395061745
1622,0.16045513405725614,0.009637627739081833,-0.040613026819923376
1623,0.14041183667278287,0.07811041539710628,0.11109185441941072
1624,0.14848261381006198,0.0702036551960441,0.10431034482758622
1625,0.14041183667278287,0.07811041539710628,0.11109185441941072
1626,0.1372110913364708,0.11436990526547697,0.16923076923076924
1627,0.13314829099844477,0.023554631787664815,0.05144747725392884
1628,0.1372110913364708,0.11436990526547697,0.16923076923076924
1629,0.1331112922007118,-0.13749028506472677,0.05456053067993366
1630,0.13131892987558455,0.053159894945559505,0.05144747725392884
1631,0.14822126147244938,0.13202386825912515,0.10656303972366149
1632,0.14041183667278287,0.07811041539710628,0.11109185441941072
1633,0.154774409882752,0.2715523434581454,0.0231204527081649
1634,0.13050519525533977,-0.22445046159094298,0.05768911055694098
1635,0.15655645623426587,-0.05492281182135772,-0.02622187742435997
1636,0.15051281838570096,-0.09956566896421487,-0.03883346124328474
1637,0.1381687427713649,0.1899080152463114,0.013311948676824364
1638,0.1372110913364708,0.11436990526547697,0.16923076923076924
1639,0.12403358466487634,0.04910542738130008,0.09426860564585116
1640,0.15958684053586825,0.293291473892928,-0.011468970934799705
1641,0.12724903989093503,0.12492412695415245,0.041181296144380625
1642,0.1464600531188059,-0.12491129108403054,-0.032561728395061745
1643,0.14753133877341273,-0.07359164299018889,0.05560165975103731
1644,0.12169349745403002,0.068291473892928,0.11222896790980053
1645,0.15432259366295403,0.03428246488391895,-0.028040278853601858
1646,0.13105800583453342,-0.22960229900084492,0.020161290322580627
1647,0.1459230663337282,-0.042234841896545694,0.05144747725392884
1648,0.1465113832482166,0.036199275311367685,0.029082047116165716
1649,0.14592304955037277,-0.04031508348412122,0.052483443708609245
1650,0.1241621194028321,0.03767349636483808,0.1076923076923077
1651,0.13162333781007857,-0.2300898210711008,0.025101214574898778
1652,0.13079412532619283,-0.2270788964774424,0.017216411906677387
1653,0.14157575912420325,0.1475695487592381,0.12835820895522387
1654,0.13269816040465596,0.023554631787664815,0.05144747725392884
1655,0.1253059169822785,0.062465515190863075,0.0887563884156729
1656,0.147540621938683,0.016776322377776487,0.011369095276220959
1657,0.1465113832482166,0.036199275311367685,0.029082047116165716
1658,0.14680025916704564,-0.033500334980792135,0.04016393442622951
1659,0.12527383277108528,0.07579921383100852,0.0714285714285714
1660,0.1357707859069824,0.0881632687647228,0.059783513738551175
1661,0.13677781099403957,0.06667677456107945,0.22199248120300752
1662,0.15541968427006425,0.02521918473630147,-0.0030063291139240667
1663,0.1250833135217032,-0.02777451595478775,0.1521000893655049
1664,0.1529736083914375,0.08685993862321839,-0.010534591194968551
1665,0.14875511840702413,-0.02925754571491518,0.002702702702702703
1666,0.1539869962617072,0.02236124133478845,-0.03436055469953775
1667,0.1403833171170288,0.16031275048867266,-0.016118935837245718
1668,0.15021950452243044,0.1220585971805992,0.039148239148239145
1669,0.16250003250102962,0.29706031811403355,-0.048554033485540354
1670,0.15552166285131447,0.04157326083450874,0.0381342062193126
1671,0.1372110913364708,0.11436990526547697,0.16923076923076924
1672,0.15541968427006425,0.02521918473630147,-0.0030063291139240667
1673,0.14509717065988822,0.02430413212077609,0.06399331662489555
1674,0.14041183667278287,0.07811041539710628,0.11109185441941072
1675,0.14827215952952044,0.13526471804008522,0.04629324546952224
1676,0.16336600695160652,-0.009805871239815411,-0.024397824397824397
1677,0.1372110913364708,0.11436990526547697,0.16923076923076924
1678,0.15059533241551631,0.20562913623059031,0.05560165975103731
1679,0.15343316961896233,0.07007718817864228,-0.02622187742435997
1680,0.14754015896124137,0.014774363626768261,0.010399999999999993
1681,0.14227368635403864,0.05923350287843521,0.0953767123287671
1682,0.14997232826336157,0.20252714268273686,0.06188490408673891
1683,0.15782658614330616,0.3134527642155086,-0.003952569169960479
1684,0.15541968427006425,0.02521918473630147,-0.0030063291139240667
1685,0.13120728364908799,-0.09569769578216225,0.024110032362459538
1686,0.15059533241551631,0.20562913623059031,0.05560165975103731
1687,0.14754015896124137,0.014774363626768261,0.010399999999999993
1688,0.149071146425267,-0.0016360623389560791,0.0953767123287671
1689,0.1465113832482166,0.036199275311367685,0.029082047116165716
1690,0.14041183667278287,0.07811041539710628,0.11109185441941072
1691,0.1416788550949272,0.07219320799697426,0.09648671808054843
1692,0.14680025916704564,-0.033500334980792135,0.04016393442622951
1693,0.14060324304057725,0.04329147389292798,-0.01704456606724003
1694,0.14552960533319315,-0.05331869559859742,0.04220032840722496
1695,0.1459230663337282,-0.042234841896545694,0.05144747725392884
1696,0.14514561254419786,-0.020176018367133952,0.0714285714285714
1697,0.12829167370790356,0.049660900644520334,0.06188490408673891
1698,0.15769128139049263,0.027162441634863477,0.02609400324149108
1699,0.14041183667278287,0.07811041539710628,0.11109185441941072
1700,0.14961645763722728,0.12188679161868043,0.04629324546952224
1701,0.14152194632058587,0.13371700580782164,-0.05811320754716981
1702,0.15101437739340018,0.20230786733555095,0.052483443708609245
1703,0.14657277399941132,-0.045705289861117326,0.056644518272425226
1704,0.14754015896124137,0.014774363626768261,0.010399999999999993
1705,0.13348974637059086,-0.047753302226475,0.08438030560271648
1706,0.15720196625183924,0.3079973562458691,0.002702702702702703
1707,0.1577511153028395,0.26809767544331553,0.005577689243027872
1708,0.12803110474013452,-0.2640855752873999,-0.007722616233254542
1709,0.14964595319156768,-0.015967785366331255,0.017216411906677387
1710,0.147540621938683,0.016776322377776487,0.011369095276220959
1711,0.1465113832482166,0.036199275311367685,0.029082047116165716
1712,0.11856469532784333,0.04329147389292798,0.15452103849597132
1713,0.13131749144385707,0.16580803018431867,0.049380677126341865
1714,0.1305163290411609,-0.30234610999968947,0.045267489711934145
1715,0.14041183667278287,0.07811041539710628,0.11109185441941072
1716,0.15409622893325364,-0.002496071894617813,0.020161290322580627
1717,0.13510502607170563,-0.13996644465910824,-0.02894736842105264
1718,0.15009786295402452,-0.02387270521154966,0.015261044176706817
1719,0.14514561254419786,-0.020176018367133952,0.0714285714285714
1720,0.14647575959426884,0.16025053822041335,0.09205807002561911
1721,0.128347167784806,-0.19551449625632578,0.015261044176706817
1722,0.13264702086444025,0.02695160461188223,0.053521126760563364
1723,0.1291939910249118,-0.27557645063537395,0.012339743589743574
1724,0.1417701088518669,0.07082770577698594,0.0953767123287671
1725,0.1357170577458888,-0.17456566896421488,0.02708840227088402
1726,0.1465113832482166,0.036199275311367685,0.029082047116165716
1727,0.14653834079406475,0.03439467673990304,0.028084415584415573
1728,0.13450959697492657,0.08297401357546763,0.06293823038397328
1729,0.1481301219179823,0.009709384340689187,0.015261044176706817
1730,0.12515440966966374,-0.2689356003428799,-0.021651090342679147
1731,0.14487707252831183,0.04329147389292798,0.06399331662489555
1732,0.12851771953551877,0.03864751104463077,0.0714285714285714
1733,0.15079285144014196,-0.004971074369620299,0.006539074960127594
1734,0.12939719235525504,-0.2559785990997727,0.021146085552865207
1735,0.12413385782455218,0.03343231896335053,0.10656303972366149
1736,0.1372110913364708,0.11436990526547697,0.16923076923076924
1737,0.1465113832482166,0.036199275311367685,0.029082047116165716
1738,0.1390942223813745,0.09912903734470457,0.1521000893655049
1739,0.1465113832482166,0.036199275311367685,0.029082047116165716
1740,0.15912310849481884,0.10292450141586373,-0.03166023166023166
1741,0.14041183667278287,0.07811041539710628,0.11109185441941072
1742,0.1331316984081102,-0.13068971732964257,0.06716917922948074
1743,0.14754015896124137,0.014774363626768261,0.010399999999999993
1744,0.14514561254419786,-0.020176018367133952,0.0714285714285714
1745,0.13305880238627416,-0.031632073507683656,0.075716694772344
1746,0.1459230663337282,-0.042234841896545694,0.05144747725392884
1747,0.1310067296487065,-0.23521015477156715,0.05456053067993366
1748,0.14570672572794052,-0.2021630715616175,-0.02985305491105955
1749,0.13155211401733632,-0.1374314176733371,0.08111769686706183
1750,0.14665832874504212,-0.04533728864887804,0.04629324546952224
1751,0.14411698179438587,0.12441241784573032,0.0887563884156729
1752,0.1235767649216229,0.09472004532149936,0.10094582975064487
1753,0.15782658614330616,0.3134527642155086,-0.003952569169960479
1754,0.15059533241551631,0.20562913623059031,0.05560165975103731
1755,0.13677781099403957,0.06667677456107945,0.22199248120300752
1756,0.1470129294560047,0.0736429115926085,0.060833333333333295
1757,0.14754015896124137,0.014774363626768261,0.010399999999999993
1758,0.14976404912067243,0.2066248072262613,0.04732069249793899
1759,0.12984628396777306,-0.19355063137022993,-0.004897314375987366
1760,0.13532971137439112,0.07465678754606453,0.018196457326892096
1761,0.1285625563953548,-0.2772213466198925,0.020161290322580627
1762,0.13181258043400165,-0.2337120104276295,0.034094616639477965
1763,0.1366394735183829,0.05712546598778967,0.0007936507936507908
1764,0.1326250623183889,-0.2419649363634823,0.059783513738551175
1765,0.14157575912420325,0.1475695487592381,0.12835820895522387
1766,0.15360111456235012,0.09258724854081535,-0.036153846153846175
1767,0.13366377577978314,0.1630997806021931,0.060833333333333295
1768,0.12818469211952144,-0.2648717914131945,-0.006782334384858063
1769,0.1459230663337282,-0.042234841896545694,0.05144747725392884
1770,0.15541968427006425,0.02521918473630147,-0.0030063291139240667
1771,0.14514561254419786,-0.020176018367133952,0.0714285714285714
1772,0.15472320372993928,0.17263510323655729,0.006539074960127594
1773,0.14909474740197887,-0.014941457833979654,-0.0030063291139240667
1774,0.1459230663337282,-0.042234841896545694,0.05144747725392884
1775,0.14498956913096606,0.11252224312369719,0.07356902356902356
1776,0.1372110913364708,0.11436990526547697,0.16923076923076924
1777,0.13671373181570962,0.04908297968443376,0.006539074960127594
1778,0.14599820916710884,-0.011195705594251482,0.059783513738551175
1779,0.14754015896124137,0.014774363626768261,0.010399999999999993
1780,0.14754015896124137,0.014774363626768261,0.010399999999999993
1781,0.12830503230003232,-0.26565161553796635,-0.005840568271507501
1782,0.13613839476433942,0.1218629024643566,0.02708840227088402
1783,0.12818328253114653,-0.10696759346458495,0.14250221827861576
1784,0.14641719752793603,-0.04473669512115652,0.03108218063466231
1785,0.15310271707506745,0.10898490454986232,0.021146085552865207
1786,0.14157575912420325,0.1475695487592381,0.12835820895522387
1787,0.12965976047364164,-0.2559650316832802,0.01623794212218649
1788,0.14727976571231688,-0.01307216247070836,0.022132471728594505
1789,0.14876552969380916,0.06053285320327284,0.03712183156173343
1790,0.1260388049625523,-0.2485637297269815,-0.02894736842105264
1791,0.14653834079406475,0.03439467673990304,0.028084415584415573
1792,0.15520125953573183,0.13738741485233752,0.018196457326892096
1793,0.13709620944362602,0.10377534486066986,-0.003952569169960479
1794,0.1372110913364708,0.11436990526547697,0.16923076923076924
1795,0.14487707252831183,0.04329147389292798,0.06399331662489555
1796,0.14041183667278287,0.07811041539710628,0.11109185441941072
1797,0.1459230663337282,-0.042234841896545694,0.05144747725392884
1798,0.15011501248327708,0.12349625204992454,0.04016393442622951
1799,0.14754015896124137,0.014774363626768261,0.010399999999999993
1800,0.14498956913096606,0.11252224312369719,0.07356902356902356
1801,0.14517115727162372,-0.2237767991994415,-0.0030063291139240667
1802,0.14754015896124137,0.014774363626768261,0.010399999999999993
1803,0.1324721905456749,0.15719108779254187,0.006539074960127594
1804,0.1476295666806978,0.0014732920747461686,0.022132471728594505
1805,0.1538199795335869,0.16269445896755486,0.015261044176706817
1806,0.14765489818315936,0.014108594515496065,0.004617834394904458
1807,0.14754015896124137,0.014774363626768261,0.010399999999999993
1808,0.14754015896124137,0.014774363626768261,0.010399999999999993
1809,0.14860630820194085,0.14390122999048893,0.07679324894514766
1810,0.13437693561350827,0.013042363572643267,0.028084415584415573
1811,0.1467499849483657,0.028902984684294863,0.025101214574898778
1812,0.14648337362346364,0.17564441506939854,0.08985507246376812
1813,0.14476528486490503,0.04171418682668193,0.06505016722408025
1814,0.1372110913364708,0.11436990526547697,0.16923076923076924
1815,0.15059533241551631,0.20562913623059031,0.05560165975103731
1816,0.1475183154447321,0.0688887435175014,0.04016393442622951
1817,0.14823338922119728,0.05231674465105074,0.024110032362459538
1818,0.15607686069548504,0.005196235797689908,-0.03883346124328474
1819,0.15541968427006425,0.02521918473630147,-0.0030063291139240667
1820,0.14647575959426884,0.16025053822041335,0.09205807002561911
1821,0.1443533741798971,0.0579973562458691,0.08985507246376812
1822,0.1457040878161712,-0.0695134041558525,0.07679324894514766
1823,0.1535517635804785,-0.013485082883628818,0.020161290322580627
1824,0.1308621932853664,0.08122250837568656,0.03712183156173343
1825,0.1372110913364708,0.11436990526547697,0.16923076923076924
1826,0.12532679895363433,0.04616503711131881,0.09871244635193133
1827,0.13317102261754682,-0.13924820864675458,0.06293823038397328
1828,0.147540621938683,0.016776322377776487,0.011369095276220959
1829,0.1304397784199584,-0.0882874734754931,0.0714285714285714
1830,0.14555773470454375,0.07980832782551228,0.1076923076923077
1831,0.1277650253046378,-0.00934010505444044,0.05144747725392884
1832,0.13237908015439973,-0.031052549430687193,0.09316239316239316
1833,0.12923509916422976,-0.19393480347933478,0.021146085552865207
1834,0.1294846705012248,0.07864500924646334,0.04424342105263157
1835,0.1395919050248137,0.09020836397335696,0.12719298245614036
1836,0.13473496094734017,-0.126675522806742,0.050413223140495844
1837,0.14540397550226777,0.08709812041860776,0.08003384094754651
1838,0.13001098777112147,-0.2607625801611261,0.04322103533278554
1839,0.1253689481091375,0.04900575960721365,0.10094582975064487
1840,0.15059533241551631,0.20562913623059031,0.05560165975103731
1841,0.1514964620992078,0.07554953840905698,-0.003952569169960479
1842,0.12744550179538056,0.12349625204992454,0.04016393442622951
1843,0.12999890842700917,-0.20769666839956213,0.0007936507936507908
1844,0.1477257878710774,-0.004856674255220184,0.017216411906677387
1845,0.13251188876020453,-0.11188093990017545,0.06716917922948074
1846,0.1459230663337282,-0.042234841896545694,0.05144747725392884
1847,0.1395919050248137,0.09020836397335696,0.12719298245614036
1848,0.13371539873051522,-0.15607561471466697,0.06399331662489555
1849,0.1503017162814776,0.0004343310357851071,-0.006782334384858063
1850,0.132868528988042,-0.1254983350242695,0.06188490408673891
1851,0.1338147177741324,-0.18923132245965563,0.07787162162162159
1852,0.15581202608294806,0.03553953590843184,0.005577689243027872
1853,0.1260109668654974,0.053929771765268364,0.07787162162162159
1854,0.14168965714842657,0.13687436159346278,0.12835820895522387
1855,0.15059533241551631,0.20562913623059031,0.05560165975103731
1856,0.1276933455738599,-0.25740782680637275,0.0330888345558272
1857,0.14768989763939921,0.09523952584097994,0.05560165975103731
1858,0.12892081474051664,0.07191100251245663,0.04424342105263157
1859,0.14041183667278287,0.07811041539710628,0.11109185441941072
1860,0.16045513405725614,0.009637627739081833,-0.040613026819923376
1861,0.1465113832482166,0.036199275311367685,0.029082047116165716
1862,0.1519401809641742,0.07106925167070577,-0.00015860428231562196
1863,0.147540621938683,0.016776322377776487,0.011369095276220959
1864,0.12462390877710122,0.06136376304955449,0.08111769686706183
1865,0.14514561254419786,-0.020176018367133952,0.0714285714285714
1866,0.14804737639126733,0.1393179639591532,0.049380677126341865
1867,0.14732098656897064,-0.031959362227473365,0.04629324546952224
1868,0.15769128139049263,0.027162441634863477,0.02609400324149108
1869,0.14552960533319315,-0.05331869559859742,0.04220032840722496
1870,0.12540470621431674,0.03608686294191932,0.09759862778730705
1871,0.12927880278179552,-0.2283348236849267,0.036111111111111094
1872,0.15769128139049263,0.027162441634863477,0.02609400324149108
1873,0.12973166139056716,-0.19678072827313703,0.024110032362459538
1874,0.15541968427006425,0.02521918473630147,-0.0030063291139240667
1875,0.13312056521778345,-0.22957918856763984,0.06505016722408025
1876,0.1283572431548281,0.056449368629770125,0.05144747725392884
1877,0.13282424463640913,-0.010554679953225843,0.007501995211492418
1878,0.12527383277108528,0.07579921383100852,0.0714285714285714
1879,0.14786176210371912,0.01697568441924374,0.0714285714285714
1880,0.1481684732346258,-0.05742795056750366,0.025101214574898778
1881,0.1372110913364708,0.11436990526547697,0.16923076923076924
1882,0.13984929043769434,0.028291473892927965,0.15938903863432163
1883,0.15769128139049263,0.027162441634863477,0.02609400324149108
1884,0.13669201135231454,0.04520718270518853,0.008466453674121382
1885,0.12633964056694605,0.0037819371081868614,0.12024432809773122
1886,0.1372110913364708,0.11436990526547697,0.16923076923076924
1887,0.14589153174851288,0.15823400262856013,0.09871244635193133
1888,0.13356325382682593,-0.15340522280376873,0.08220338983050846
1889,0.14277335226470614,0.1014310087766489,0.09426860564585116
1890,0.13362867926355426,-0.0037673496364837855,0.08985507246376812
1891,0.15234576358730562,0.013466912489419225,0.03208469055374591
1892,0.12551856129906316,0.041906432341681454,0.11336805555555557
1893,0.12508389993064947,0.08055855463826955,0.07036104114189756
1894,0.14498956913096606,0.11252224312369719,0.07356902356902356
1895,0.14754015896124137,0.014774363626768261,0.010399999999999993
1896,0.13038662936059575,-0.26142233082087674,0.04424342105263157
1897,0.1459230663337282,-0.042234841896545694,0.05144747725392884
1898,0.12857916835202182,-0.20039083657638612,0.024110032362459538
1899,0.12720605203613206,-0.2584326640381065,-0.018891491022638568
1900,0.14804876776175124,-0.1793976017373241,-0.013333333333333336
1901,0.1476295666806978,0.0014732920747461686,0.022132471728594505
1902,0.12591187844784973,0.10056701568859361,0.0714285714285714
1903,0.14476528486490503,0.04171418682668193,0.06505016722408025
1904,0.15305962992250216,0.24037176586373088,0.021146085552865207
1905,0.13093170595614204,0.09000427666109412,0.036111111111111094
1906,0.1564343098112891,0.2291321818575297,-0.024397824397824397
1907,0.14647575959426884,0.16025053822041335,0.09205807002561911
1908,0.12740109666716146,-0.26168777921910524,-0.010534591194968551
1909,0.15747034673973737,-0.03065218807890302,0.03108218063466231
1910,0.12419892631530471,0.024165790832818668,0.1190932868352223
1911,0.15782658614330616,0.3134527642155086,-0.003952569169960479
1912,0.1465113832482166,0.036199275311367685,0.029082047116165716
1913,0.14021390792485913,0.11668596930577202,-0.03166023166023166
1914,0.1459230663337282,-0.042234841896545694,0.05144747725392884
1915,0.15782658614330616,0.3134527642155086,-0.003952569169960479
1916,0.12686149244497583,0.1045159636888463,0.041181296144380625
1917,0.14647575959426884,0.16025053822041335,0.09205807002561911
1918,0.14540397550226777,0.08709812041860776,0.08003384094754651
1919,0.14951147601195827,0.1277985161464491,0.03108218063466231
1920,0.12542726468971443,0.03740912095175153,0.08985507246376812
1921,0.1535517635804785,-0.013485082883628818,0.020161290322580627
1922,0.13341115434968787,-0.11731458671313261,0.07895181741335588
1923,0.13324885457983954,-0.09956566896421487,0.02708840227088402
1924,0.1465113832482166,0.036199275311367685,0.029082047116165716
1925,0.15059533241551631,0.20562913623059031,0.05560165975103731
1926,0.15992680603190698,0.21839695912499546,-0.014263322884012553
1927,0.1450903698829358,0.07643268426756777,0.09759862778730705
1928,0.14680025916704564,-0.033500334980792135,0.04016393442622951
1929,0.1310969072675477,0.04329147389292798,0.053521126760563364
1930,0.1470426757588623,-0.021168456420660897,0.034094616639477965
1931,0.1465113832482166,0.036199275311367685,0.029082047116165716
1932,0.13447439041517087,0.03356384743378399,0.004617834394904458
1933,0.13694696421021457,-0.015302276107072021,0.0036595067621320587
1934,0.1372110913364708,0.11436990526547697,0.16923076923076924
1935,0.14498956913096606,0.11252224312369719,0.07356902356902356
1936,0.14348506208124281,0.07559916620062024,0.07356902356902356
1937,0.14653834079406475,0.03439467673990304,0.028084415584415573
1938,0.15072747287788202,-0.09139487297054066,0.018196457326892096
1939,0.14647575959426884,0.16025053822041335,0.09205807002561911
1940,0.1307054304032307,-0.20283855706682435,0.0714285714285714
1941,0.14610935100985262,-0.0009708211890392393,0.052483443708609245
1942,0.1274722689949099,0.11599177062883304,0.08656462585034014
1943,0.13332706377657738,-0.1440049430451828,0.05456053067993366
1944,0.13183058817485807,-0.2348903442888902,0.022132471728594505
1945,0.1459230663337282,-0.042234841896545694,0.05144747725392884
1946,0.14223825562286305,0.13840016954510193,0.12139737991266375
1947,0.12720605203613206,-0.2584326640381065,-0.018891491022638568
1948,0.13017165090280822,-0.2239216408611704,0.052483443708609245
1949,0.15092348394184452,0.11231504291649697,0.04424342105263157
1950,0.13264702086444025,0.02695160461188223,0.053521126760563364
1951,0.1459230663337282,-0.042234841896545694,0.05144747725392884
1952,0.14754015896124137,0.014774363626768261,0.010399999999999993
1953,0.1464698838108235,-0.062386759545557835,0.06505016722408025
1954,0.1340624193589695,-0.07435558493060146,0.053521126760563364
1955,0.14514561254419786,-0.020176018367133952,0.0714285714285714
1956,0.13392357172023067,-0.09711948501118162,0.039148239148239145
1957,0.1489984370764784,0.027787597923935703,0.005577689243027872
1958,0.14928191615133335,0.18905949897129792,0.06716917922948074
1959,0.14041183667278287,0.07811041539710628,0.11109185441941072
1960,0.14041183667278287,0.07811041539710628,0.11109185441941072
1961,0.15769128139049263,0.027162441634863477,0.02609400324149108
1962,0.155199344007857,0.11854231001332927,0.04629324546952224
1963,0.14552960533319315,-0.05331869559859742,0.04220032840722496
1964,0.1576429720725795,0.28054637585371234,0.002702702702702703
1965,0.1276495367733057,-0.20765192233348712,0.012339743589743574
1966,0.15541968427006425,0.02521918473630147,-0.0030063291139240667
1967,0.1470426757588623,-0.021168456420660897,0.034094616639477965
1968,0.14754015896124137,0.014774363626768261,0.010399999999999993
1969,0.12821812393712814,-0.2465917945895623,0.004617834394904458
1970,0.14041183667278287,0.07811041539710628,0.11109185441941072
1971,0.14041183667278287,0.07811041539710628,0.11109185441941072
1972,0.1352800172050015,0.07952335795089904,0.0231204527081649
1973,0.1372110913364708,0.11436990526547697,0.16923076923076924
1974,0.13647089389978506,0.030470961072415148,0.020161290322580627
1975,0.13311160903253813,0.04329147389292798,0.053521126760563364
1976,0.1226650470928903,0.0866440750489973,0.09648671808054843
1977,0.14487707252831183,0.04329147389292798,0.06399331662489555
1978,0.1396862640212135,0.041145551146146875,-0.017968750000000006
1979,0.1241595031738,-0.029807941311750408,0.09205807002561911
1980,0.15684033799212183,-0.041483612612262355,0.036111111111111094
1981,0.1372110913364708,0.11436990526547697,0.16923076923076924
1982,0.13730480524086075,0.0940161115740874,0.0231204527081649
1983,0.14498956913096606,0.11252224312369719,0.07356902356902356
1984,0.1496716061282911,0.0732060038074579,-0.01704456606724003
1985,0.15574746508218673,-0.025787473475493095,0.05144747725392884
1986,0.13725336387697867,-0.1377121103364627,0.02609400324149108
1987,0.14680025916704564,-0.033500334980792135,0.04016393442622951
1988,0.1517621950382799,0.030686431876121245,-0.013333333333333336
1989,0.14754015896124137,0.014774363626768261,0.010399999999999993
1990,0.15079285144014196,-0.004971074369620299,0.006539074960127594
1991,0.14708948896587395,0.07062266360353886,0.05873544093178035
1992,0.1372110913364708,0.11436990526547697,0.16923076923076924
1993,0.1258498533736937,-0.33294614986944826,-0.045919145690312746
1994,0.1372110913364708,0.11436990526547697,0.16923076923076924
1995,0.1535517635804785,-0.013485082883628818,0.020161290322580627
1996,0.14540397550226777,0.08709812041860776,0.08003384094754651
1997,0.14928251166275888,0.0766248072262613,0.03208469055374591
1998,0.14653834079406475,0.03439467673990304,0.028084415584415573
1999,0.1372110913364708,0.11436990526547697,0.16923076923076924
2000,0.15184272593064088,0.010376113391360575,0.06716917922948074
2001,0.1390942223813745,0.09912903734470457,0.1521000893655049
2002,0.15156598137811328,0.03495814055959462,-0.011468970934799705
2003,0.13668602388488688,0.16647987969002942,0.0231204527081649
2004,0.12822197821676892,-0.27609178601896633,-0.023483670295489895
2005,0.16336600695160652,-0.009805871239815411,-0.024397824397824397
2006,0.1336881114273502,-0.14206678155878544,0.06929530201342282
2007,0.1466109523547173,0.020112665945908104,0.049380677126341865
2008,0.1381140281965236,0.07856118343649643,-0.010534591194968551
2009,0.13126178998783394,-0.2619890541598773,0.050413223140495844
2010,0.15011501248327708,0.12349625204992454,0.04016393442622951
2011,0.1465113832482166,0.036199275311367685,0.029082047116165716
2012,0.14041183667278287,0.07811041539710628,0.11109185441941072
2013,0.12443524864100668,-0.01790255595781831,0.08438030560271648
2014,0.12982776624830245,-0.21109449101935274,0.03208469055374591
2015,0.16045513405725614,0.009637627739081833,-0.040613026819923376
2016,0.1489984370764784,0.027787597923935703,0.005577689243027872
2017,0.13898101619353712,0.10132718817864228,-0.02622187742435997
2018,0.14732388930617935,-0.10396880007967474,0.039148239148239145
2019,0.1547898909264378,-0.019733736191105633,-0.013333333333333336
2020,0.1390942223813745,0.09912903734470457,0.1521000893655049
2021,0.15769128139049263,0.027162441634863477,0.02609400324149108
2022,0.14964595319156768,-0.015967785366331255,0.017216411906677387
2023,0.1568516365547831,-0.2026101654513343,-0.007722616233254542
2024,0.14540397550226777,0.08709812041860776,0.08003384094754651
2025,0.12426783737672059,0.10086723146868559,0.07895181741335588
2026,0.15773187686774381,-0.034294733003623734,-0.018891491022638568
2027,0.12921008745479745,-0.20089457261869992,0.048349834983498347
2028,0.14047886519367297,0.03686473867441897,0.14608540925266905
2029,0.14517130224874727,-0.02192591741141986,0.07036104114189756
2030,0.1465113832482166,0.036199275311367685,0.029082047116165716
2031,0.1444951380579955,0.015913952279095145,0.09759862778730705
2032,0.13128511123585035,0.06104295318286879,0.08765957446808509
2033,0.12954973222525515,-0.17445046159094296,-0.003952569169960479
2034,0.1463077678672904,0.10739403799549208,0.059783513738551175
2035,0.16045513405725614,0.009637627739081833,-0.040613026819923376
2036,0.14648766609880295,0.07051210426542076,0.09982817869415805
2037,0.1372110913364708,0.11436990526547697,0.16923076923076924
2038,0.12890501352629996,0.06120678333918206,0.05456053067993366
2039,0.14476528486490503,0.04171418682668193,0.06505016722408025
2040,0.15782658614330616,0.3134527642155086,-0.003952569169960479
2041,0.1347825364357711,0.03358273602885031,-0.04238714613618977
2042,0.1465113832482166,0.036199275311367685,0.029082047116165716
2043,0.1459230663337282,-0.042234841896545694,0.05144747725392884
2044,0.146018643166028,-0.012978622570094522,0.05873544093178035
2045,0.15021950452243044,0.1220585971805992,0.039148239148239145
2046,0.14566021772592225,-0.06295852610707203,0.06823134953897736
2047,0.15541968427006425,0.02521918473630147,-0.0030063291139240667
2048,0.1371139109045923,0.08837344110604273,-0.007722616233254542
2049,0.14888158647349933,0.09091052151197565,-0.00015860428231562196
2050,0.12984025610559044,-0.06925465156832661,0.018196457326892096
2051,0.1314572392152132,-0.14478192060248485,0.075716694772344
2052,0.1533286889716962,0.1206499644589657,0.012339743589743574
2053,0.14661068465339555,-0.04777381820329196,0.0381342062193126
2054,0.12932539707976623,-0.20670852610707202,0.02708840227088402
2055,0.15171959095580234,0.203291473892928,0.04732069249793899
2056,0.15059533241551631,0.20562913623059031,0.05560165975103731
2057,0.12738144053942962,-0.26249365007401415,-0.009598741148701823
2058,0.14754015896124137,0.014774363626768261,0.010399999999999993
2059,0.16011688181421704,0.29970173030318437,-0.01704456606724003
2060,0.14754015896124137,0.014774363626768261,0.010399999999999993
2061,0.15040616947636076,-0.030413705389940537,-0.0011093502377179099
2062,0.1465391969757839,-0.10916754250051464,0.052483443708609245
2063,0.1465113832482166,0.036199275311367685,0.029082047116165716
2064,0.15472320372993928,0.17263510323655729,0.006539074960127594
2065,0.16045513405725614,0.009637627739081833,-0.040613026819923376
2066,0.14215728945124825,0.07205859718059926,0.11794425087108013
2067,0.14498956913096606,0.11252224312369719,0.07356902356902356
2068,0.12799509512779506,-0.24242281182135775,-0.00015860428231562196
2069,0.1294151401963259,-0.2524532069581359,-0.016118935837245718
2070,0.12845051852419118,-0.24994160881383895,0.013311948676824364
2071,0.15059533241551631,0.20562913623059031,0.05560165975103731
2072,0.13456343586340166,-0.08292211834008173,-0.04238714613618977
2073,0.13327068865145222,-0.08132391072245665,0.07356902356902356
2074,0.11818039547989201,0.03339048379391807,0.16429215509467987
2075,0.15352793234987983,0.0739663205186949,0.07464195450716088
2076,0.12606499026414078,0.02025624354062444,0.12255244755244754
2077,0.14339415004375852,0.12510965571110977,0.07895181741335588
2078,0.14980248947181105,-0.06057326040658895,-0.0415007656967841
2079,0.15092824924019604,-0.02922761007653768,0.009432454036770566
2080,0.12551043241447185,0.0774529645761578,0.07036104114189756
2081,0.12744051973819592,-0.2608751927737387,-0.011468970934799705
2082,0.1471625920341198,-0.013851383249929183,0.02708840227088402
2083,0.129438888740483,-0.27760404849513176,0.015261044176706817
2084,0.15680727112769163,-0.049423757895151466,0.049380677126341865
2085,0.14754015896124137,0.014774363626768261,0.010399999999999993
2086,0.1503889337784306,0.06630402619418319,-0.012401883830455263
2087,0.14653834079406475,0.03439467673990304,0.028084415584415573
2088,0.14766143794762626,0.012041473892927979,0.0036595067621320587
2089,0.1372110913364708,0.11436990526547697,0.16923076923076924
2090,0.1303167709312504,0.08657505598248016,0.08438030560271648
2091,0.1310092012881157,-0.21861328801183394,0.020161290322580627
2092,0.1321473828484729,-0.225685423796841,0.050413223140495844
2093,0.15011501248327708,0.12349625204992454,0.04016393442622951
2094,0.13065288415035126,-4.1859440405356274e-05,0.04732069249793899
2095,0.15541968427006425,0.02521918473630147,-0.0030063291139240667
2096,0.15081103391978642,0.08450026510171915,0.11679721496953871
2097,0.1465113832482166,0.036199275311367685,0.029082047116165716
2098,0.15233913334142388,0.047601818720514166,-0.018891491022638568
2099,0.15049427792530604,0.16995814055959468,0.04732069249793899
2100,0.14997232826336157,0.20252714268273686,0.06188490408673891
2101,0.16004489534864197,0.004829935431389543,0.007501995211492418
2102,0.12530816415650928,-0.251101049471558,-0.03525789068514243
2103,0.1465113832482166,0.036199275311367685,0.029082047116165716
2104,0.1416788550949272,0.07219320799697426,0.09648671808054843
2105,0.15257094689273473,0.08050830237189233,0.056644518272425226
2106,0.1465113832482166,0.036199275311367685,0.029082047116165716
2107,0.14754015896124137,0.014774363626768261,0.010399999999999993
2108,0.1465113832482166,0.036199275311367685,0.029082047116165716
2109,0.12992545147994214,-0.2084326640381065,0.03712183156173343
2110,0.1361614167232951,0.08175301235446641,0.007501995211492418
2111,0.12365117223609774,0.03364960061469108,0.11565217391304344
2112,0.15571209441732475,0.12269061552382932,-0.017968750000000006
2113,0.14172084570057988,0.13002616777047904,-0.05117691723614276
2114,0.1496716061282911,0.0732060038074579,-0.01704456606724003
2115,0.1372110913364708,0.11436990526547697,0.16923076923076924
2116,0.14887366907537367,0.09269858851743396,0.0007936507936507908
2117,0.14647575959426884,0.16025053822041335,0.09205807002561911
2118,0.14041183667278287,0.07811041539710628,0.11109185441941072
2119,0.12343119465867831,0.04329147389292798,0.10094582975064487
2120,0.14997232826336157,0.20252714268273686,0.06188490408673891
2121,0.15157539084696783,0.052654769773077814,0.014285714285714263
2122,0.14041183667278287,0.07811041539710628,0.11109185441941072
2123,0.14041183667278287,0.07811041539710628,0.11109185441941072
2124,0.15730297051091915,0.30707100145198307,0.0017474185861794944
2125,0.15086955332204852,0.20342219284717633,0.053521126760563364
2126,0.13067000252829405,0.13465360013877514,0.048349834983498347
2127,0.1403833171170288,0.16031275048867266,-0.016118935837245718
2128,0.14041183667278287,0.07811041539710628,0.11109185441941072
2129,0.1372110913364708,0.11436990526547697,0.16923076923076924
2130,0.14647575959426884,0.16025053822041335,0.09205807002561911
2131,0.14951147601195827,0.1277985161464491,0.03108218063466231
2132,0.13336727926478212,-0.12538322490225273,0.08111769686706183
2133,0.15256724379128522,0.11022060775119569,0.0017474185861794944
2134,0.15730297051091915,0.30707100145198307,0.0017474185861794944
2135,0.14997232826336157,0.20252714268273686,0.06188490408673891
2136,0.1395919050248137,0.09020836397335696,0.12719298245614036
2137,0.1465113832482166,0.036199275311367685,0.029082047116165716
2138,0.1372110913364708,0.11436990526547697,0.16923076923076924
2139,0.1600513451668914,0.32495086253921623,-0.021651090342679147
2140,0.14754015896124137,0.014774363626768261,0.010399999999999993
2141,0.12093790075515244,0.08175301235446641,0.11679721496953871
2142,0.1444213340041222,0.05380198440343853,0.08220338983050846
2143,0.1465113832482166,0.036199275311367685,0.029082047116165716
2144,0.15441788102142973,0.2718629024643565,0.02708840227088402
2145,0.13078728891055116,0.05335858798688775,0.045267489711934145
2146,0.125538296682593,0.08223228386177528,0.06929530201342282
2147,0.12946162662785227,0.10261350779123302,0.04220032840722496
2148,0.14647575959426884,0.16025053822041335,0.09205807002561911
2149,0.12801276145483406,-0.21256136891643657,0.04629324546952224
2150,0.149321111754744,-0.05016647003230568,-0.03525789068514243
2151,0.14157575912420325,0.1475695487592381,0.12835820895522387
2152,0.1496716061282911,0.0732060038074579,-0.01704456606724003
2153,0.14743473185593717,0.01876317200613553,0.012339743589743574
2154,0.13337481763626613,-0.2371963309851208,0.07679324894514766
2155,0.1372110913364708,0.11436990526547697,0.16923076923076924
2156,0.14754015896124137,0.014774363626768261,0.010399999999999993
2157,0.1470426757588623,-0.021168456420660897,0.034094616639477965
2158,0.15072747287788202,-0.09139487297054066,0.018196457326892096
2159,0.1395919050248137,0.09020836397335696,0.12719298245614036
2160,0.1308893007031606,0.017765948367402473,0.08220338983050846
2161,0.14041183667278287,0.07811041539710628,0.11109185441941072
2162,0.14041183667278287,0.07811041539710628,0.11109185441941072
2163,0.154774409882752,0.2715523434581454,0.0231204527081649
2164,0.152553037104264,0.18773591833737246,0.06293823038397328
2165,0.1480239987923277,0.03445755163144387,0.03008130081300811
2166,0.15013007024064043,0.06369963715823412,0.041181296144380625
2167,0.12811145383592445,-0.2632928882469897,-0.008661417322834652
2168,0.15218772296008312,0.05420850446061354,-0.021651090342679147
2169,0.15414156829351905,0.16503060432771055,-0.02073265783320344
2170,0.15021950452243044,0.1220585971805992,0.039148239148239145
2171,0.1547898909264378,-0.019733736191105633,-0.013333333333333336
2172,0.1280364212441431,-0.264708526107072,-0.0020585906571654877
2173,0.1505834827038444,-0.00794527522367977,0.03008130081300811
2174,0.12473296968917237,0.07867608927754333,0.07356902356902356
2175,0.12060642640726339,0.05819662294441852,0.12255244755244754
2176,0.14485362980223157,0.12567783752929162,0.10318690783807061
2177,0.147540621938683,0.016776322377776487,0.011369095276220959
2178,0.13159106904123666,-0.09655526940209119,0.008466453674121382
2179,0.14157575912420325,0.1475695487592381,0.12835820895522387
2180,0.12526423508022755,0.05932645931566849,0.09316239316239316
2181,0.14657965497129188,-0.08454024131742799,0.056644518272425226
2182,0.1272349537553486,0.06136376304955449,0.08111769686706183
2183,0.13105572290826434,-0.21642584059470454,0.03008130081300811
2184,0.14782843150248526,-0.05366670101201498,0.010399999999999993
2185,0.14754015896124137,0.014774363626768261,0.010399999999999993
2186,0.15083647398367894,0.06793936121687161,0.03108218063466231
2187,0.14157575912420325,0.1475695487592381,0.12835820895522387
2188,0.1297151781223252,-0.045705289861117326,0.056644518272425226
2189,0.12920489597427293,-0.17893074832929423,-0.00015860428231562196
2190,0.15867350922593512,0.10197691990231761,-0.036153846153846175
2191,0.13403488973961467,0.05689691606979874,0.041181296144380625
2192,0.1395919050248137,0.09020836397335696,0.12719298245614036
2193,0.1514351964307025,-0.06217727610707202,0.0036595067621320587
2194,0.13526743374345782,0.17449714765179325,0.029082047116165716
2195,0.1513853196901673,0.14392040471053802,0.06610878661087866
2196,0.14754015896124137,0.014774363626768261,0.010399999999999993
2197,0.14610935100985262,-0.0009708211890392393,0.052483443708609245
2198,0.15432259366295403,0.03428246488391895,-0.028040278853601858
2199,0.15269076886207503,-0.06619757720196251,0.021146085552865207
2200,0.15003956750669004,0.0053604394101693376,0.03712183156173343
2201,0.13161114740523114,-0.09571267548466539,-0.010534591194968551
2202,0.15242752139365412,-0.04189371129225722,0.017216411906677387
2203,0.14754015896124137,0.014774363626768261,0.010399999999999993
2204,0.1284263815347168,-0.2815260443552472,0.021146085552865207
2205,0.13722564660732045,0.08650135043613782,-0.008661417322834652
2206,0.14014985401258076,0.04720792297908982,0.13893805309734514
2207,0.15769128139049263,0.027162441634863477,0.02609400324149108
2208,0.1372110913364708,0.11436990526547697,0.16923076923076924
2209,0.14694801644785008,-0.01920852610707202,0.03510204081632651
2210,0.1474543547447562,-0.03724543885874987,0.045267489711934145
2211,0.15744046407813686,0.08025645443767504,0.004617834394904458
2212,0.15432259366295403,0.03428246488391895,-0.028040278853601858
2213,0.12532679895363433,0.04616503711131881,0.09871244635193133
2214,0.1470426757588623,-0.021168456420660897,0.034094616639477965
2215,0.14444560295907594,0.09584402644548051,0.08220338983050846
2216,0.1372110913364708,0.11436990526547697,0.16923076923076924
2217,0.1316989798728895,-0.012264081662627602,0.02609400324149108
2218,0.1476295666806978,0.0014732920747461686,0.022132471728594505
2219,0.12574524656034528,-0.2456993517951454,-0.03166023166023166
2220,0.14515930877190245,-0.07946301712503612,0.08329092451229853
2221,0.13677781099403957,0.06667677456107945,0.22199248120300752
2222,0.12863858997072122,-0.2829496608588451,0.029082047116165716
2223,0.15721433530792328,0.06710099770245181,-0.019812792511700483
2224,0.12355844767157381,0.010682778240754087,0.12139737991266375
2225,0.16045513405725614,0.009637627739081833,-0.040613026819923376
2226,0.12903167628342518,-0.22294229234083826,0.05560165975103731
2227,0.1465113832482166,0.036199275311367685,0.029082047116165716
2228,0.15769128139049263,0.027162441634863477,0.02609400324149108
2229,0.13088730339114701,0.01317099196521715,0.08111769686706183
2230,0.1459392556989859,-0.044167271981659484,0.050413223140495844
2231,0.1537397031139812,0.22880384138409404,0.03008130081300811
2232,0.13984929043769434,0.028291473892927965,0.15938903863432163
2233,0.1298467099022421,-0.21670852610707203,0.04732069249793899
2234,0.13668604247653596,0.011376580275906711,0.029082047116165716
2235,0.1372110913364708,0.11436990526547697,0.16923076923076924
2236,0.15041749134651355,-0.07489034428889019,-0.02985305491105955
2237,0.15179697242307824,0.05343640142915984,0.0953767123287671
2238,0.14157575912420325,0.1475695487592381,0.12835820895522387
2239,0.1465113832482166,0.036199275311367685,0.029082047116165716
2240,0.14041183667278287,0.07811041539710628,0.11109185441941072
2241,0.1485385884979439,0.04694110892942438,0.021146085552865207
2242,0.12547256368643617,0.07861756084944971,0.12139737991266375
2243,0.12959748295940554,-0.2710407736640753,0.05456053067993366
2244,0.14041183667278287,0.07811041539710628,0.11109185441941072
2245,0.14754015896124137,0.014774363626768261,0.010399999999999993
2246,0.1459230663337282,-0.042234841896545694,0.05144747725392884
2247,0.12923030274197278,-0.21280608708268178,0.034094616639477965
2248,0.14367421325195073,0.07579921383100852,0.0714285714285714
2249,0.13984929043769434,0.028291473892927965,0.15938903863432163
2250,0.14558544903082155,0.15297808357953768,0.10206540447504303
2251,0.15541968427006425,0.02521918473630147,-0.0030063291139240667
2252,0.15541968427006425,0.02521918473630147,-0.0030063291139240667
2253,0.14754015896124137,0.014774363626768261,0.010399999999999993
2254,0.14647575959426884,0.16025053822041335,0.09205807002561911
2255,0.14815260604371858,0.007710949548358714,0.014285714285714263
2256,0.13010056725426655,-0.29330983329661453,0.053521126760563364
2257,0.1372110913364708,0.11436990526547697,0.16923076923076924
2258,0.15190546308621855,0.03265317602058754,-0.016118935837245718
2259,0.13387816549123333,-0.10755598373419067,0.04220032840722496
2260,0.12872104084850017,-0.2893778488162354,-0.0011093502377179099
2261,0.14041183667278287,0.07811041539710628,0.11109185441941072
2262,0.1372110913364708,0.11436990526547697,0.16923076923076924
2263,0.16154588082692073,0.2988470294484835,-0.02531055900621118
2264,0.147540621938683,0.016776322377776487,0.011369095276220959
2265,0.14727976571231688,-0.01307216247070836,0.022132471728594505
2266,0.14877350906433393,0.13354935354908848,0.09982817869415805
2267,0.1496716061282911,0.0732060038074579,-0.01704456606724003
2268,0.1262761493588147,0.10173303233448638,0.05560165975103731
2269,0.15757864469164093,0.08707027573624593,-0.032561728395061745
2270,0.12551043241447185,0.0774529645761578,0.07036104114189756
2271,0.1364952442351976,0.028692933746942595,0.021146085552865207
2272,0.13865228654508688,0.01317099196521715,-0.0030063291139240667
2273,0.15541968427006425,0.02521918473630147,-0.0030063291139240667
2274,0.12573810554939147,-0.2404923098908558,0.006539074960127594
2275,0.1291425024864675,-0.28537985477840067,0.0330888345558272
2276,0.15472320372993928,0.17263510323655729,0.006539074960127594
2277,0.1372110913364708,0.11436990526547697,0.16923076923076924
2278,0.1372110913364708,0.11436990526547697,0.16923076923076924
2279,0.13410360907839394,-0.26654459168084255,0.052483443708609245
2280,0.13005643639608097,-0.2649792027988014,0.013311948676824364
2281,0.14540397550226777,0.08709812041860776,0.08003384094754651
2282,0.13213203997789794,-0.17312643655483323,0.015261044176706817
2283,0.1531119065564711,0.18128430543414664,0.02609400324149108
2284,0.14786176210371912,0.01697568441924374,0.0714285714285714
2285,0.15782658614330616,0.3134527642155086,-0.003952569169960479
2286,0.14765489818315936,0.014108594515496065,0.004617834394904458
2287,0.12874283678972426,-0.29132391072245667,0.007501995211492418
2288,0.1390773247236189,0.08551369611515025,-0.02531055900621118
2289,0.15134899617472913,-0.019399657605542964,0.075716694772344
2290,0.15059533241551631,0.20562913623059031,0.05560165975103731
2291,0.14041183667278287,0.07811041539710628,0.11109185441941072
2292,0.147629239932889,-0.0005041465450282279,0.021146085552865207
2293,0.14514561254419786,-0.020176018367133952,0.0714285714285714
2294,0.15373692634828742,0.18431711491856906,0.020161290322580627
2295,0.14041183667278287,0.07811041539710628,0.11109185441941072
2296,0.15450114730617362,0.09638881902567131,-0.024397824397824397
2297,0.14680025916704564,-0.033500334980792135,0.04016393442622951
2298,0.13711300584319658,0.07636540385401747,0.004617834394904458
2299,0.132815788240597,-0.11986642084391413,0.03208469055374591
2300,0.14997232826336157,0.20252714268273686,0.06188490408673891
2301,0.13172382963342613,0.027763523582369,0.07036104114189756
2302,0.13892913402527599,0.18701617024920325,-0.004897314375987366
2303,0.15537344086039387,-0.08810784351321538,0.04016393442622951
2304,0.13321848254413454,-0.0489415358158099,-0.04238714613618977
2305,0.14754015896124137,0.014774363626768261,0.010399999999999993
2306,0.14517130224874727,-0.02192591741141986,0.07036104114189756
2307,0.1332597255321862,-0.026086516537694004,-0.03972392638036812
2308,0.14647575959426884,0.16025053822041335,0.09205807002561911
2309,0.1308828586740688,-0.020402793622995574,0.06188490408673891
2310,0.15009786295402452,-0.02387270521154966,0.015261044176706817
2311,0.12845051852419118,-0.24994160881383895,0.013311948676824364
2312,0.14754015896124137,0.014774363626768261,0.010399999999999993
2313,0.14754015896124137,0.014774363626768261,0.010399999999999993
2314,0.15509439308181355,0.12021455081600485,0.007501995211492418
2315,0.15414156829351905,0.16503060432771055,-0.02073265783320344
2316,0.14540397550226777,0.08709812041860776,0.08003384094754651
2317,0.14673133433027372,0.18377485757872858,0.08003384094754651
2318,0.15059533241551631,0.20562913623059031,0.05560165975103731
2319,0.15587342794898754,0.14776908583322645,0.015261044176706817
2320,0.14057964888539853,0.05122798182943589,0.13303964757709252
2321,0.15195771951881792,-0.10177025450213373,0.07249789739276702
2322,0.15810522901787488,0.31564919747016373,-0.005840568271507501
2323,0.15769128139049263,0.027162441634863477,0.02609400324149108
2324,0.14726231383050248,-0.07050162955534789,0.03712183156173343
2325,0.1459230663337282,-0.042234841896545694,0.05144747725392884
2326,0.1272290837527982,-0.23997848808425834,0.010399999999999993
2327,0.12758899299361046,0.010868265701801716,0.04016393442622951
2328,0.15541968427006425,0.02521918473630147,-0.0030063291139240667
2329,0.13140102812740614,-0.19457260377697494,0.056644518272425226
2330,0.12960407488424988,-0.22310196873002283,-0.007722616233254542
2331,0.12526251576525402,0.059611948670376,0.08656462585034014
2332,0.149200751481705,-0.027589752160711856,0.008466453674121382
2333,0.14757063812604632,0.017172070907853332,0.015261044176706817
2334,0.14647575959426884,0.16025053822041335,0.09205807002561911
2335,0.14754015896124137,0.014774363626768261,0.010399999999999993
2336,0.15744046407813686,0.08025645443767504,0.004617834394904458
2337,0.1358813739533904,0.0674550426661622,0.01623794212218649
2338,0.12779349576347826,-0.2731879268561357,0.014285714285714263
2339,0.15278473897778172,-0.021562082592427645,-0.012401883830455263
2340,0.14227368635403864,0.05923350287843521,0.0953767123287671
2341,0.13677781099403957,0.06667677456107945,0.22199248120300752
2342,0.14754015896124137,0.014774363626768261,0.010399999999999993
2343,0.14256300347193182,0.0655466667712663,0.08656462585034014
2344,0.1465113832482166,0.036199275311367685,0.029082047116165716
2345,0.1331754188861686,-0.08013948845016827,-0.012401883830455263
2346,0.14997232826336157,0.20252714268273686,0.06188490408673891
2347,0.14041183667278287,0.07811041539710628,0.11109185441941072
2348,0.12591186186153663,0.10355206021214625,0.05456053067993366
2349,0.12565974912199918,0.07911701906426749,0.06929530201342282
2350,0.13176972570478138,-0.10888243915055029,0.0007936507936507908
2351,0.14041183667278287,0.07811041539710628,0.11109185441941072
2352,0.13615224792666017,0.03226206212822208,0.0191780821917808
2353,0.12528303025955687,0.07911701906426749,0.06929530201342282
2354,0.15730297051091915,0.30707100145198307,0.0017474185861794944
2355,0.14223559222174645,0.01795814055959466,0.12952548330404218
2356,0.1459230663337282,-0.042234841896545694,0.05144747725392884
2357,0.14517130224874727,-0.02192591741141986,0.07036104114189756
2358,0.12458885559692559,0.05216721353789844,0.08765957446808509
2359,0.14877339053029937,-0.08375770643494085,-0.007722616233254542
2360,0.16364235972775126,-0.176708526107072,-0.06920777279521675
2361,0.15355788650772417,-0.009554054562356584,-0.005840568271507501
2362,0.14977386861418754,0.07085052901103817,0.0017474185861794944
2363,0.1236477913315901,0.10579147389292798,0.08547153780798639
2364,0.12445155738601493,0.06724356970131118,0.08329092451229853
2365,0.15329087303660266,0.20765133548462344,0.036111111111111094
2366,0.14964595319156768,-0.015967785366331255,0.017216411906677387
2367,0.14041183667278287,0.07811041539710628,0.11109185441941072
2368,0.15541968427006425,0.02521918473630147,-0.0030063291139240667
2369,0.15430268742851252,0.2692701215797607,0.028084415584415573
2370,0.14036368612518002,0.05122798182943589,0.13303964757709252
2371,0.1602801945834775,-0.20545224470003687,-0.048554033485540354
2372,0.154774409882752,0.2715523434581454,0.0231204527081649
2373,0.1465113832482166,0.036199275311367685,0.029082047116165716
2374,0.12944611826997407,0.06978154011809357,0.049380677126341865
2375,0.14804737639126733,0.1393179639591532,0.049380677126341865
2376,0.14041183667278287,0.07811041539710628,0.11109185441941072
2377,0.12011539671713359,0.054919380869672185,0.14369449378330373
2378,0.1313815638749543,0.02181908125489118,0.07464195450716088
2379,0.12796163555161305,0.09734552794698204,0.04322103533278554
2380,0.13251687746458904,0.04799366825029472,0.06716917922948074
2381,0.12907289172203987,-0.24267343838777378,0.03208469055374591
2382,0.1298467099022421,-0.21670852610707203,0.04732069249793899
2383,0.15005453892369996,0.0814859183373724,0.03510204081632651
2384,0.1372110913364708,0.11436990526547697,0.16923076923076924
2385,0.14754015896124137,0.014774363626768261,0.010399999999999993
2386,0.15920203639179245,0.17337277470593615,-0.005840568271507501
2387,0.1459230663337282,-0.042234841896545694,0.05144747725392884
2388,0.14041183667278287,0.07811041539710628,0.11109185441941072
2389,0.15279884587998444,-0.05035931975786567,0.06293823038397328
2390,0.1320943310948404,-0.11283500832051074,0.0007936507936507908
2391,0.1372110913364708,0.11436990526547697,0.16923076923076924
2392,0.16055498292775064,0.3128566912842323,-0.02073265783320344
2393,0.1472813841069708,0.12279677424628488,0.03008130081300811
2394,0.13344493196748117,-0.15987855492551584,0.09759862778730705
2395,0.1270256927159458,-0.2763163692443269,0.002702702702702703
2396,0.1515498936371022,-0.03246610186464777,0.011369095276220959
2397,0.14754015896124137,0.014774363626768261,0.010399999999999993
2398,0.14157575912420325,0.1475695487592381,0.12835820895522387
2399,0.15429510206447256,0.23282215981350562,0.024110032362459538
2400,0.1289271679148595,-0.23845455785310377,-0.00015860428231562196
2401,0.1518863263220803,-0.02141440846001319,0.002702702702702703
2402,0.13365403487743038,0.11154544214689621,0.06293823038397328
2403,0.1541650019658491,0.179291473892928,-0.0020585906571654877
2404,0.1459230663337282,-0.042234841896545694,0.05144747725392884
2405,0.14168236562880013,0.18464168486339216,-0.014263322884012553
2406,0.1496716061282911,0.0732060038074579,-0.01704456606724003
2407,0.14517130224874727,-0.02192591741141986,0.07036104114189756
2408,0.1344835814198429,-0.051599037055977126,0.021146085552865207
2409,0.12714503495110802,-0.27066201447916505,0.005577689243027872
2410,0.14954796549512794,0.04329147389292798,0.011369095276220959
2411,0.14407514839770433,0.050983781585235644,0.07356902356902356
2412,0.1483338370367561,-0.027589752160711856,0.008466453674121382
2413,0.14041183667278287,0.07811041539710628,0.11109185441941072
2414,0.13215047592408727,-0.23711393151247742,0.04322103533278554
2415,0.15541968427006425,0.02521918473630147,-0.0030063291139240667
2416,0.135109927585788,0.061277085403719345,0.025101214574898778
2417,0.13739858842837407,-0.07178789118643708,-0.00015860428231562196
2418,0.147540621938683,0.016776322377776487,0.011369095276220959
2419,0.15689396787908938,0.28460421520566925,0.006539074960127594
2420,0.1470426757588623,-0.021168456420660897,0.034094616639477965
2421,0.14517130224874727,-0.02192591741141986,0.07036104114189756
2422,0.14754015896124137,0.014774363626768261,0.010399999999999993
2423,0.13293315330631042,-0.12122465513933006,0.05768911055694098
2424,0.1470129294560047,0.0736429115926085,0.060833333333333295
2425,0.14215048005449504,0.09023024940313207,-0.006782334384858063
2426,0.12411086193268177,-0.24277817784836556,-0.04679878048780489
2427,0.1465113832482166,0.036199275311367685,0.029082047116165716
2428,0.14157575912420325,0.1475695487592381,0.12835820895522387
2429,0.14726231383050248,-0.07050162955534789,0.03712183156173343
2430,0.13293631997131367,-0.04386448940982429,-0.03166023166023166
2431,0.14703798294642575,-0.019645589044134937,0.0330888345558272
2432,0.1535517635804785,-0.013485082883628818,0.020161290322580627
2433,0.1535517635804785,-0.013485082883628818,0.020161290322580627
2434,0.15769128139049263,0.027162441634863477,0.02609400324149108
2435,0.1261362873029572,0.09329147389292802,0.06823134953897736
2436,0.1494479449042195,0.0861486167500708,-0.006782334384858063
2437,0.1251603765302492,0.04844611306818569,0.1448888888888889
2438,0.12532679895363433,0.04616503711131881,0.09871244635193133
2439,0.16116239444762226,0.05666045785014728,-0.05897435897435899
2440,0.14459674038182635,-0.23270852610707202,-0.0020585906571654877
2441,0.13520571265909267,0.1440240746255287,0.020161290322580627
2442,0.14754015896124137,0.014774363626768261,0.010399999999999993
2443,0.14090228601110538,0.1380283159981911,0.1353927625772286
2444,0.1465113832482166,0.036199275311367685,0.029082047116165716
2445,0.15472320372993928,0.17263510323655729,0.006539074960127594
2446,0.14653834079406475,0.03439467673990304,0.028084415584415573
2447,0.131079230552503,-0.16873384256276824,0.06399331662489555
2448,0.14887366907537367,0.09269858851743396,0.0007936507936507908
2449,0.1307033705139742,0.017918339564569785,0.08438030560271648
2450,0.13082146932483116,-0.2239812533797993,0.022132471728594505
2451,0.1253689481091375,0.04900575960721365,0.10094582975064487
2452,0.14157575912420325,0.1475695487592381,0.12835820895522387
2453,0.12567813774755765,-0.24374556314410906,-0.03346183500385505
2454,0.15541968427006425,0.02521918473630147,-0.0030063291139240667
2455,0.1480901599937233,-0.0011100705086164453,0.006539074960127594
2456,0.14514561254419786,-0.020176018367133952,0.0714285714285714
2457,0.12970266684667192,-0.14567173680941314,0.04629324546952224
2458,0.12863858997072122,-0.2829496608588451,0.029082047116165716
2459,0.152229819505318,0.09541502601648011,0.006539074960127594
2460,0.15527712846612962,0.05984776528365643,0.049380677126341865
2461,0.13242731209284003,0.06053285320327284,0.03712183156173343
2462,0.147540621938683,0.016776322377776487,0.011369095276220959
2463,0.1371139109045923,0.08837344110604273,-0.007722616233254542
2464,0.16004489534864197,0.004829935431389543,0.007501995211492418
2465,0.15432259366295403,0.03428246488391895,-0.028040278853601858
2466,0.14909474740197887,-0.014941457833979654,-0.0030063291139240667
2467,0.12576157245230135,0.05563715290527371,0.07249789739276702
2468,0.14754015896124137,0.014774363626768261,0.010399999999999993
2469,0.14754015896124137,0.014774363626768261,0.010399999999999993
2470,0.16011688181421704,0.29970173030318437,-0.01704456606724003
2471,0.1372110913364708,0.11436990526547697,0.16923076923076924
2472,0.15541968427006425,0.02521918473630147,-0.0030063291139240667
2473,0.1372110913364708,0.11436990526547697,0.16923076923076924
2474,0.13588855091361735,-0.0408669419486562,0.050413223140495844
2475,0.14514561254419786,-0.020176018367133952,0.0714285714285714
2476,0.1481639909561563,-0.04645211585066178,0.020161290322580627
2477,0.1280364212441431,-0.264708526107072,-0.0020585906571654877
2478,0.12528792987031193,0.047589468162268944,0.09982817869415805
2479,0.12762674642973187,0.11820436587899075,0.034094616639477965
2480,0.14041183667278287,0.07811041539710628,0.11109185441941072
2481,0.15273230181805558,-0.03601887093465822,0.03712183156173343
2482,0.1535517635804785,-0.013485082883628818,0.020161290322580627
2483,0.1372110913364708,0.11436990526547697,0.16923076923076924
2484,0.1459230663337282,-0.042234841896545694,0.05144747725392884
2485,0.13054858080369722,-0.0593575327295886,0.049380677126341865
2486,0.15769128139049263,0.027162441634863477,0.02609400324149108
2487,0.1308603879001424,0.16233909294054705,0.020161290322580627
2488,0.12614892347701395,0.09490437711873445,0.05768911055694098
2489,0.16045513405725614,0.009637627739081833,-0.040613026819923376
2490,0.14754015896124137,0.014774363626768261,0.010399999999999993
2491,0.12563604596103728,-0.24472695928679553,-0.032561728395061745
2492,0.12469239579936824,0.09986639744032855,0.075716694772344
2493,0.13103667041005812,0.01459056754851712,0.08003384094754651
2494,0.15236405103638173,0.19014462074607485,0.0330888345558272
2495,0.1602801945834775,-0.20545224470003687,-0.048554033485540354
2496,0.14829129837801971,0.024207504427279147,0.009432454036770566
2497,0.15235556605097242,0.18367002278882705,0.06505016722408025
2498,0.1600513451668914,0.32495086253921623,-0.021651090342679147
2499,0.14517130224874727,-0.02192591741141986,0.07036104114189756
2500,0.12554710422558932,0.0108239414253955,0.05560165975103731
2501,0.15541968427006425,0.02521918473630147,-0.0030063291139240667
2502,0.14887366907537367,0.09269858851743396,0.0007936507936507908
2503,0.14041183667278287,0.07811041539710628,0.11109185441941072
2504,0.15432259366295403,0.03428246488391895,-0.028040278853601858
2505,0.1465113832482166,0.036199275311367685,0.029082047116165716
2506,0.13353185123006903,0.04841092781784262,0.04016393442622951
2507,0.14960548841115304,-0.022319385835578798,-0.02894736842105264
2508,0.14592304955037277,-0.04031508348412122,0.052483443708609245
2509,0.15324572831946842,0.15583759935418262,0.018196457326892096
2510,0.15072747287788202,-0.09139487297054066,0.018196457326892096
2511,0.14479222698536703,0.16972825550212334,0.09871244635193133
2512,0.15545863800554305,-0.04914550089698799,-0.013333333333333336
2513,0.15216010135935584,0.09713762773908186,0.007501995211492418
2514,0.12729959504905697,-0.25928363340320937,-0.017968750000000006
2515,0.120707255683135,0.0715933606853808,0.12486865148861648
2516,0.16045513405725614,0.009637627739081833,-0.040613026819923376
2517,0.1539128213837329,-0.03724543885874987,0.045267489711934145
2518,0.15782658614330616,0.3134527642155086,-0.003952569169960479
2519,0.12835000240731034,-0.2344863038848498,-0.03346183500385505
2520,0.15665954734151394,0.23589847778397854,0.004617834394904458
2521,0.14754015896124137,0.014774363626768261,0.010399999999999993
2522,0.14540397550226777,0.08709812041860776,0.08003384094754651
2523,0.1390942223813745,0.09912903734470457,0.1521000893655049
2524,0.14041183667278287,0.07811041539710628,0.11109185441941072
2525,0.14754015896124137,0.014774363626768261,0.010399999999999993
2526,0.14961645763722728,0.12188679161868043,0.04629324546952224
2527,0.13103667041005812,0.01459056754851712,0.08003384094754651
2528,0.14653834079406475,0.03439467673990304,0.028084415584415573
2529,0.12863858997072122,-0.2829496608588451,0.029082047116165716
2530,0.12373541880999334,0.03500418107524844,0.11450912250217199
2531,0.13154483386910606,0.024772955374409433,0.07249789739276702
2532,0.15541968427006425,0.02521918473630147,-0.0030063291139240667
2533,0.1514964620992078,0.07554953840905698,-0.003952569169960479
2534,0.1277156166219729,0.08845276421550863,0.05768911055694098
2535,0.14348506208124281,0.07559916620062024,0.07356902356902356
2536,0.1465113832482166,0.036199275311367685,0.029082047116165716
2537,0.1296736582357076,-0.09489948088094136,0.15695067264573992
2538,0.1293229561467091,-0.2769332452081956,0.014285714285714263
2539,0.14495589503588974,-0.04748662408978094,0.09759862778730705
2540,0.13606024463960448,0.06389072482925762,0.014285714285714263
2541,0.14041183667278287,0.07811041539710628,0.11109185441941072
2542,0.154774409882752,0.2715523434581454,0.0231204527081649
2543,0.15218772296008312,0.05420850446061354,-0.021651090342679147
2544,0.13009513014302596,0.01337694397839806,0.10206540447504303
2545,0.15541968427006425,0.02521918473630147,-0.0030063291139240667
2546,0.1291425024864675,-0.28537985477840067,0.0330888345558272
2547,0.1395919050248137,0.09020836397335696,0.12719298245614036
2548,0.14498956913096606,0.11252224312369719,0.07356902356902356
2549,0.1535517635804785,-0.013485082883628818,0.020161290322580627
2550,0.1519401809641742,0.07106925167070577,-0.00015860428231562196
2551,0.14540397550226777,0.08709812041860776,0.08003384094754651
2552,0.1446156765012087,0.06893249953395364,0.059783513738551175
2553,0.1351532942381322,-0.1413932107917567,-0.028040278853601858
2554,0.13173508253676713,-0.13368447112425413,0.0381342062193126
2555,0.1531104538703106,0.10006803066948478,0.020161290322580627
2556,0.1276779162146392,0.06180999241144647,0.07249789739276702
2557,0.12874565634380034,-0.273114776107072,0.0036595067621320587
2558,0.13365242429455354,0.04168375685112735,0.05873544093178035
2559,0.14754015896124137,0.014774363626768261,0.010399999999999993
2560,0.14581394854923646,0.049827421605346256,0.053521126760563364
2561,0.14647575959426884,0.16025053822041335,0.09205807002561911
2562,0.1465113832482166,0.036199275311367685,0.029082047116165716
2563,0.13921240243529823,0.09734552794698204,-0.028040278853601858
2564,0.1530322748975769,0.04549411706473416,-0.023483670295489895
2565,0.12947494876993781,-0.24579943519798111,0.022132471728594505
2566,0.14157575912420325,0.1475695487592381,0.12835820895522387
2567,0.14840196319707163,-0.0031370975356434516,0.02708840227088402
2568,0.14223825562286305,0.13840016954510193,0.12139737991266375
2569,0.12775500055833272,-0.25839628982015217,-0.014263322884012553
2570,0.15329087303660266,0.20765133548462344,0.036111111111111094
2571,0.14041183667278287,0.07811041539710628,0.11109185441941072
2572,0.14754015896124137,0.014774363626768261,0.010399999999999993
2573,0.1465113832482166,0.036199275311367685,0.029082047116165716
2574,0.15739234153570245,0.06180999241144647,-0.008661417322834652
2575,0.12632919550464733,0.041850551702726224,0.09759862778730705
2576,0.14754015896124137,0.014774363626768261,0.010399999999999993
2577,0.13251716183566448,-0.0408669419486562,0.050413223140495844
2578,0.15119589616970805,-0.04725970720943423,0.0017474185861794944
2579,0.14754015896124137,0.014774363626768261,0.010399999999999993
2580,0.1465113832482166,0.036199275311367685,0.029082047116165716
2581,0.13112790589432405,0.016018746620200697,0.07895181741335588
2582,0.14512926252594888,0.04637789364601441,0.07249789739276702
2583,0.12532679895363433,0.04616503711131881,0.09871244635193133
2584,0.1371139109045923,0.08837344110604273,-0.007722616233254542
2585,0.14041183667278287,0.07811041539710628,0.11109185441941072
2586,0.14754015896124137,0.014774363626768261,0.010399999999999993
2587,0.15378852712954613,0.12630305690451094,0.006539074960127594
2588,0.147540621938683,0.016776322377776487,0.011369095276220959
2589,0.15638021439792968,0.10850886519727576,0.0007936507936507908
2590,0.1338998916789198,-0.09037189244370569,0.050413223140495844
2591,0.14041183667278287,0.07811041539710628,0.11109185441941072
2592,0.13109565980154858,-0.20749716964019504,0.06505016722408025
2593,0.14754015896124137,0.014774363626768261,0.010399999999999993
2594,0.15581268371019186,-0.015967785366331255,0.017216411906677387
2595,0.14728010779036455,-0.015427387317036412,0.028084415584415573
2596,0.15649363349009918,0.25224669777352504,0.015261044176706817
2597,0.1602801945834775,-0.20545224470003687,-0.048554033485540354
2598,0.1602801945834775,-0.20545224470003687,-0.048554033485540354
2599,0.14041183667278287,0.07811041539710628,0.11109185441941072
2600,0.16004489534864197,0.004829935431389543,0.007501995211492418
2601,0.1416788550949272,0.07219320799697426,0.09648671808054843
2602,0.1465113832482166,0.036199275311367685,0.029082047116165716
2603,0.12884547682244338,-0.2711024655010114,0.011369095276220959
2604,0.14960548841115304,-0.022319385835578798,-0.02894736842105264
2605,0.14653834079406475,0.03439467673990304,0.028084415584415573
2606,0.15429510206447256,0.23282215981350562,0.024110032362459538
2607,0.1372110913364708,0.11436990526547697,0.16923076923076924
2608,0.1459230663337282,-0.042234841896545694,0.05144747725392884
2609,0.14041183667278287,0.07811041539710628,0.11109185441941072
2610,0.14653834079406475,0.03439467673990304,0.028084415584415573
2611,0.14223825562286305,0.13840016954510193,0.12139737991266375
2612,0.14703798294642575,-0.019645589044134937,0.0330888345558272
2613,0.16004489534864197,0.004829935431389543,0.007501995211492418
2614,0.1372110913364708,0.11436990526547697,0.16923076923076924
2615,0.13677781099403957,0.06667677456107945,0.22199248120300752
2616,0.13461181650696186,-0.12776115768601937,0.05144747725392884
2617,0.15009810574056873,0.08336116030407781,0.034094616639477965
2618,0.14754015896124137,0.014774363626768261,0.010399999999999993
2619,0.15293810868859867,0.05781429546969141,-0.010534591194968551
2620,0.13276011271275517,-0.09624340982800228,0.005577689243027872
2621,0.1481301219179823,0.009709384340689187,0.015261044176706817
2622,0.1546339727027472,0.20400575960721368,0.02708840227088402
2623,0.12271725093596403,0.09754367330641767,0.0909556313993174
2624,0.1459230663337282,-0.042234841896545694,0.05144747725392884
2625,0.1372110913364708,0.11436990526547697,0.16923076923076924
2626,0.12703956331194582,0.10850886519727576,0.0953767123287671
2627,0.15541968427006425,0.02521918473630147,-0.0030063291139240667
2628,0.1326505264657187,-0.1233751927737387,0.03208469055374591
2629,0.12850746232102522,0.04643612798097829,0.06610878661087866
2630,0.1288536220688169,-0.23582499197052584,-0.0030063291139240667
2631,0.1283467891470057,-0.2086169230536369,0.009432454036770566
2632,0.1361074059412571,-0.17997896635864435,0.06610878661087866
2633,0.13103667041005812,0.01459056754851712,0.08003384094754651
2634,0.1445385647133149,-6.112726314139172e-05,0.09648671808054843
2635,0.1481182867510754,-0.040041859440405336,-0.00015860428231562196
2636,0.14696081584339551,0.11135430111805888,0.13775419982316534
2637,0.13538216714935628,0.05416103911031933,0.0231204527081649
2638,0.15429633587031322,0.03656501649382482,-0.027131782945736455
2639,0.1372110913364708,0.11436990526547697,0.16923076923076924
2640,0.1544125867431141,0.11314441506939854,0.0191780821917808
2641,0.15452513492736697,0.14822974549786627,-0.008661417322834652
2642,0.14592304955037277,-0.04031508348412122,0.052483443708609245
2643,0.1470129294560047,0.0736429115926085,0.060833333333333295
2644,0.15541968427006425,0.02521918473630147,-0.0030063291139240667
2645,0.1459230663337282,-0.042234841896545694,0.05144747725392884
2646,0.12700435423173423,-0.02768644408814458,0.06505016722408025
2647,0.1280364212441431,-0.264708526107072,-0.0020585906571654877
2648,0.1465113832482166,0.036199275311367685,0.029082047116165716
2649,0.1334330345988127,-0.10009087904824848,0.0191780821917808
2650,0.15021950452243044,0.1220585971805992,0.039148239148239145
2651,0.13330725454014872,-0.09514500819176258,0.05456053067993366
2652,0.1465113832482166,0.036199275311367685,0.029082047116165716
2653,0.1253059169822785,0.062465515190863075,0.0887563884156729
2654,0.15177722310955455,0.11676817640188852,0.02609400324149108
2655,0.16004489534864197,0.004829935431389543,0.007501995211492418
2656,0.12630480760042892,0.06366764944151737,0.06716917922948074
2657,0.15388381312373547,0.25206340371748936,0.03208469055374591
2658,0.14680025916704564,-0.033500334980792135,0.04016393442622951
2659,0.14512926252594888,0.04637789364601441,0.07249789739276702
2660,0.15024654891779635,0.20034275594421003,0.059783513738551175
2661,0.15689768344091412,0.1645035951050492,0.011369095276220959
2662,0.14826727112634638,0.020632863621024677,0.08003384094754651
2663,0.13644378287617018,0.020323276013069325,0.03008130081300811
2664,0.1295223284292945,0.02467445261633222,0.1306948109058927
2665,0.13984929043769434,0.028291473892927965,0.15938903863432163
2666,0.1465113832482166,0.036199275311367685,0.029082047116165716
2667,0.14997232826336157,0.20252714268273686,0.06188490408673891
2668,0.12532679895363433,0.04616503711131881,0.09871244635193133
2669,0.1320427807752163,0.10255073315218721,0.017216411906677387
2670,0.1390942223813745,0.09912903734470457,0.1521000893655049
2671,0.14754015896124137,0.014774363626768261,0.010399999999999993
2672,0.1301317970746219,-0.23601887093465823,0.03712183156173343
2673,0.12864588180156247,-0.27239480061687593,0.002702702702702703
2674,0.15472509985728855,-0.27679220811544025,-0.012401883830455263
2675,0.15773187686774381,-0.034294733003623734,-0.018891491022638568
2676,0.13135100639506844,-0.021643591042136978,0.05560165975103731
2677,0.13143797171855912,-0.2772213466198925,0.020161290322580627
2678,0.14215728945124825,0.07205859718059926,0.11794425087108013
2679,0.1285622465751212,-0.21894628834483426,0.0330888345558272
2680,0.14754015896124137,0.014774363626768261,0.010399999999999993
2681,0.12527632564852154,-0.25581566896421487,-0.02622187742435997
2682,0.1224159806359543,-0.296331167616506,-0.03704842428900845
2683,0.15705268466494193,0.3020463377061575,0.004617834394904458
2684,0.1476295666806978,0.0014732920747461686,0.022132471728594505
2685,0.14754015896124137,0.014774363626768261,0.010399999999999993
2686,0.14754015896124137,0.014774363626768261,0.010399999999999993
2687,0.15739234153570245,0.06180999241144647,-0.008661417322834652
2688,0.14041183667278287,0.07811041539710628,0.11109185441941072
2689,0.1452442351177014,0.09942724412791493,0.13893805309734514
2690,0.13238493379738667,0.033737333765539446,0.06188490408673891
2691,0.1413965639268978,0.13276515810345424,0.1353927625772286
2692,0.14689009829088434,-0.0024831739943959596,0.03108218063466231
2693,0.15848662414417178,0.20268012018113757,-0.021651090342679147
2694,0.1372110913364708,0.11436990526547697,0.16923076923076924
2695,0.1459230663337282,-0.042234841896545694,0.05144747725392884
2696,0.14731553071944203,0.005586555860141118,0.052483443708609245
2697,0.14599820916710884,-0.011195705594251482,0.059783513738551175
2698,0.1490978523814034,-0.02932263399088947,-0.010534591194968551
2699,0.1410075830465259,0.11548398726191189,0.12835820895522387
2700,0.13004083022947532,0.063291473892928,0.07356902356902356
2701,0.14961645763722728,0.12188679161868043,0.04629324546952224
2702,0.15541968427006425,0.02521918473630147,-0.0030063291139240667
2703,0.15471343687494155,0.05020391628924137,-0.032561728395061745
2704,0.14677739681127078,0.06724356970131118,0.08329092451229853
2705,0.13204485843464145,0.10556905396410232,0.028084415584415573
2706,0.14680025916704564,-0.033500334980792135,0.04016393442622951
2707,0.14680025916704564,-0.033500334980792135,0.04016393442622951
2708,0.15218375971962558,0.05633495215379758,-0.02073265783320344
2709,0.15235556605097242,0.18367002278882705,0.06505016722408025
2710,0.1459230663337282,-0.042234841896545694,0.05144747725392884
2711,0.14801798950462738,0.22163542293751393,0.06188490408673891
2712,0.12985094912197442,-0.27066201447916505,0.005577689243027872
2713,0.14653834079406475,0.03439467673990304,0.028084415584415573
2714,0.12565121246685204,0.070105354019111,0.06505016722408025
2715,0.1372110913364708,0.11436990526547697,0.16923076923076924
2716,0.15079285144014196,-0.004971074369620299,0.006539074960127594
2717,0.14823338922119728,0.05231674465105074,0.024110032362459538
2718,0.12808527685235438,0.07106925167070577,0.07249789739276702
2719,0.14348506208124281,0.07559916620062024,0.07356902356902356
2720,0.12725691156777533,-0.20850708725815115,0.025101214574898778
2721,0.1459230663337282,-0.042234841896545694,0.05144747725392884
2722,0.14514561254419786,-0.020176018367133952,0.0714285714285714
2723,0.12320103899307981,0.025483254714845804,0.11794425087108013
2724,0.1465113832482166,0.036199275311367685,0.029082047116165716
2725,0.14514561254419786,-0.020176018367133952,0.0714285714285714
2726,0.1465113832482166,0.036199275311367685,0.029082047116165716
2727,0.12572721802035516,-0.27105451766825345,-0.014263322884012553
2728,0.12251828478929333,0.010134975219187936,0.13186619718309855
2729,0.12896950212845784,0.13995814055959466,0.04732069249793899
2730,0.15059533241551631,0.20562913623059031,0.05560165975103731
2731,0.1303953918863444,-0.17856283074283363,0.049380677126341865
2732,0.13688752858178407,0.08495814055959461,0.19962997224791856
2733,0.15782658614330616,0.3134527642155086,-0.003952569169960479
2734,0.12740109666716146,-0.26168777921910524,-0.010534591194968551
2735,0.1519900432681139,0.24153708792801565,0.03208469055374591
2736,0.14705225612138306,-0.011425507239147481,0.012339743589743574
2737,0.12447541937253867,0.05343640142915984,0.0953767123287671
2738,0.14754015896124137,0.014774363626768261,0.010399999999999993
2739,0.16187208948674922,0.22873748328259935,-0.036153846153846175
2740,0.14157575912420325,0.1475695487592381,0.12835820895522387
2741,0.13128257655982156,0.14623265036351618,0.0191780821917808
2742,0.14653834079406475,0.03439467673990304,0.028084415584415573
2743,0.14647575959426884,0.16025053822041335,0.09205807002561911
2744,0.16004489534864197,0.004829935431389543,0.007501995211492418
2745,0.12777572055020803,0.03986681635868139,0.039148239148239145
2746,0.14856342303223244,0.012988443589897702,0.011369095276220959
2747,0.1269652467248671,0.11761579821725232,0.04322103533278554
2748,0.12703455016305998,0.08934410547187532,0.05144747725392884
2749,0.14036655281165628,0.15806719948659553,0.13421516754850088
2750,0.12740109666716146,-0.26168777921910524,-0.010534591194968551
2751,0.15744046407813686,0.08025645443767504,0.004617834394904458
2752,0.13008188296478465,-0.09752485263768429,-0.006782334384858063
2753,0.15541968427006425,0.02521918473630147,-0.0030063291139240667
2754,0.1481301219179823,0.009709384340689187,0.015261044176706817
2755,0.13034792166986786,-0.24143074832929423,0.03510204081632651
2756,0.14647575959426884,0.16025053822041335,0.09205807002561911
2757,0.16045513405725614,0.009637627739081833,-0.040613026819923376
2758,0.12893074116228917,-0.2530048224033683,0.017216411906677387
2759,0.1253059169822785,0.062465515190863075,0.0887563884156729
2760,0.14041183667278287,0.07811041539710628,0.11109185441941072
2761,0.13306874555624912,-0.09172336290232425,0.08656462585034014
2762,0.1401950110867126,0.09755503978440083,0.005577689243027872
2763,0.14569180333049872,-0.06832932121410568,0.075716694772344
2764,0.13984929043769434,0.028291473892927965,0.15938903863432163
2765,0.14754015896124137,0.014774363626768261,0.010399999999999993
2766,0.1602801945834775,-0.20545224470003687,-0.048554033485540354
2767,0.12759229174023,-0.20670852610707202,0.011369095276220959
2768,0.16688659387790208,-0.2858224501577049,-0.08339483394833949
2769,0.14832907492150282,-0.011396026107072021,0.0036595067621320587
2770,0.14711799437789239,0.022883310627621833,0.041181296144380625
2771,0.14680790276262212,0.0945735251749793,0.059783513738551175
2772,0.12803485191205025,0.10261350779123302,0.10543572044866262
2773,0.1252267211470969,-0.2585953185599022,-0.03704842428900845
2774,0.1465113832482166,0.036199275311367685,0.029082047116165716
2775,0.1459230663337282,-0.042234841896545694,0.05144747725392884
2776,0.1372110913364708,0.11436990526547697,0.16923076923076924
2777,0.14041183667278287,0.07811041539710628,0.11109185441941072
2778,0.13050519525533977,-0.22445046159094298,0.05768911055694098
2779,0.13393890017644294,-0.03459797334325293,-0.048554033485540354
2780,0.14512926252594888,0.04637789364601441,0.07249789739276702
2781,0.15142317188908852,-0.03078260018114609,0.017216411906677387
2782,0.1255251945166689,0.05749601934747339,0.10318690783807061
2783,0.13454929605606558,0.10620538117769618,0.049380677126341865
2784,0.12740109666716146,-0.26168777921910524,-0.010534591194968551
2785,0.1372110913364708,0.11436990526547697,0.16923076923076924
2786,0.1486881949945106,0.07195389427509358,0.06188490408673891
2787,0.12956898107780457,-0.2407994351979811,0.011369095276220959
2788,0.14961645763722728,0.12188679161868043,0.04629324546952224
2789,0.1476295666806978,0.0014732920747461686,0.022132471728594505
2790,0.12751389536800078,-0.2375850201309764,-0.0011093502377179099
2791,0.1465113832482166,0.036199275311367685,0.029082047116165716
2792,0.12848517273846763,0.1501880256170659,0.03712183156173343
2793,0.14734095965225252,-0.030041859440405327,0.04732069249793899
2794,0.1372110913364708,0.11436990526547697,0.16923076923076924
2795,0.15393915561019658,0.19485941814379903,0.034094616639477965
2796,0.1372110913364708,0.11436990526547697,0.16923076923076924
2797,0.1261668627419253,0.08787746115407447,0.06188490408673891
2798,0.15430756587180605,0.04488891798238481,0.060833333333333295
2799,0.13761491311721383,0.16878948186105547,-0.0011093502377179099
2800,0.1571110582983055,-0.10953871478631733,0.012339743589743574
2801,0.12565974912199918,0.07911701906426749,0.06929530201342282
2802,0.14754015896124137,0.014774363626768261,0.010399999999999993
2803,0.12998470166673556,-0.22779286345646962,-0.0030063291139240667
2804,0.13420225880079248,-0.10822367762222351,-0.04942965779467681
2805,0.1465113832482166,0.036199275311367685,0.029082047116165716
2806,0.13249928253337862,-0.061359688897769715,-0.03436055469953775
2807,0.12025628634516773,0.030665211266665326,0.15452103849597132
2808,0.1562131080446529,-0.019815322223576903,0.056644518272425226
2809,0.1372110913364708,0.11436990526547697,0.16923076923076924
2810,0.14074401784444593,0.14137759829484187,-0.03972392638036812
2811,0.1459230663337282,-0.042234841896545694,0.05144747725392884
2812,0.15782658614330616,0.3134527642155086,-0.003952569169960479
2813,0.147540621938683,0.016776322377776487,0.011369095276220959
2814,0.14539103769247597,-0.08053297751773031,0.06716917922948074
2815,0.14808371598639494,-0.06507354511847885,0.010399999999999993
2816,0.12740109666716146,-0.26168777921910524,-0.010534591194968551
2817,0.15059533241551631,0.20562913623059031,0.05560165975103731
2818,0.15730297051091915,0.30707100145198307,0.0017474185861794944
2819,0.1459230663337282,-0.042234841896545694,0.05144747725392884
2820,0.1465113832482166,0.036199275311367685,0.029082047116165716
2821,0.12918824792233416,-0.2545424611251226,0.024110032362459538
2822,0.1519401809641742,0.07106925167070577,-0.00015860428231562196
2823,0.15997746302606408,-0.3201231602534135,-0.04327217125382263
2824,0.14964595319156768,-0.015967785366331255,0.017216411906677387
2825,0.1476295666806978,0.0014732920747461686,0.022132471728594505
2826,0.14827215952952044,0.13526471804008522,0.04629324546952224
2827,0.12646265925444244,0.058351714856783365,0.08111769686706183
2828,0.13427728922058454,-0.04874832710209692,-0.04679878048780489
2829,0.1465113832482166,0.036199275311367685,0.029082047116165716
2830,0.1600513451668914,0.32495086253921623,-0.021651090342679147
2831,0.12306891291193023,0.08848097826610579,0.09316239316239316
2832,0.14041183667278287,0.07811041539710628,0.11109185441941072
2833,0.13264702086444025,0.02695160461188223,0.053521126760563364
2834,0.1387059807045513,0.09196404026460936,-0.024397824397824397
2835,0.1315378356764004,0.15523177240039066,0.015261044176706817
2836,0.125165258316727,-0.256708526107072,-0.02531055900621118
2837,0.13150687530061184,-0.09433918812797792,0.034094616639477965
2838,0.1459230663337282,-0.042234841896545694,0.05144747725392884
2839,0.12818690571616484,-0.24353023153342862,0.005577689243027872
2840,0.1496716061282911,0.0732060038074579,-0.01704456606724003
2841,0.1253689481091375,0.04900575960721365,0.10094582975064487
2842,0.14041183667278287,0.07811041539710628,0.11109185441941072
2843,0.1253689481091375,0.04900575960721365,0.10094582975064487
2844,0.14961645763722728,0.12188679161868043,0.04629324546952224
2845,0.15769128139049263,0.027162441634863477,0.02609400324149108
2846,0.14964595319156768,-0.015967785366331255,0.017216411906677387
2847,0.15702473259671357,-0.17545852610707202,0.0036595067621320587
2848,0.14653834079406475,0.03439467673990304,0.028084415584415573
2849,0.15541968427006425,0.02521918473630147,-0.0030063291139240667
2850,0.14754015896124137,0.014774363626768261,0.010399999999999993
2851,0.1465113832482166,0.036199275311367685,0.029082047116165716
2852,0.14498956913096606,0.11252224312369719,0.07356902356902356
2853,0.1555390690435146,0.11581055786239358,0.009432454036770566
2854,0.15617467141852923,0.15952763625455157,0.018196457326892096
2855,0.15865752554206627,0.08833651893797301,-0.028040278853601858
2856,0.14823338922119728,0.05231674465105074,0.024110032362459538
2857,0.14754015896124137,0.014774363626768261,0.010399999999999993
2858,0.12832957827675082,0.022207136543530404,0.08111769686706183
2859,0.14754015896124137,0.014774363626768261,0.010399999999999993
2860,0.1332597255321862,-0.026086516537694004,-0.03972392638036812
2861,0.1513733810793031,0.1131839470112076,0.02609400324149108
2862,0.1463077678672904,0.10739403799549208,0.059783513738551175
2863,0.1465113832482166,0.036199275311367685,0.029082047116165716
2864,0.14552960533319315,-0.05331869559859742,0.04220032840722496
2865,0.15499912492789394,-0.066771419188833,0.06610878661087866
2866,0.12607386835329157,-0.22961689264093657,-0.0011093502377179099
2867,0.147540621938683,0.016776322377776487,0.011369095276220959
2868,0.13063202311607247,-0.04973178192102551,0.005577689243027872
2869,0.13143963939382144,0.0447929753944295,0.08220338983050846
2870,0.1459230663337282,-0.042234841896545694,0.05144747725392884
2871,0.13156031682403738,0.010553378654832746,0.08547153780798639
2872,0.1465113832482166,0.036199275311367685,0.029082047116165716
2873,0.14809838762861843,-0.04236589662500029,-0.0011093502377179099
2874,0.16045513405725614,0.009637627739081833,-0.040613026819923376
2875,0.13314895287483086,-0.13721970821569823,0.060833333333333295
2876,0.14041183667278287,0.07811041539710628,0.11109185441941072
2877,0.1459392556989859,-0.044167271981659484,0.050413223140495844
2878,0.14623194307996457,0.09543871315673169,0.07464195450716088
2879,0.14975018277503982,0.08584466538228963,0.029082047116165716
2880,0.13322616114251323,0.039935769194941406,0.045267489711934145
2881,0.14754015896124137,0.014774363626768261,0.010399999999999993
2882,0.14498956913096606,0.11252224312369719,0.07356902356902356
2883,0.14540397550226777,0.08709812041860776,0.08003384094754651
2884,0.1579124745562779,0.21258281247560518,0.0017474185861794944
2885,0.1372110913364708,0.11436990526547697,0.16923076923076924
2886,0.13048125192773005,-0.21418360916355042,0.048349834983498347
2887,0.13326707612925476,-0.202636864869287,0.05456053067993366
2888,0.13173508253676713,-0.13368447112425413,0.0381342062193126
2889,0.13317506788205302,-0.1243643124572204,0.08656462585034014
2890,0.14404287133090682,0.04635895855550465,0.07464195450716088
2891,0.15908841562343115,0.041088830721121794,-0.023483670295489895
2892,0.14485719284711202,0.19836393766104388,0.0953767123287671
2893,0.14280665751137078,0.14329147389292796,0.11794425087108013
2894,0.13255800145821892,0.03688121748267159,0.059783513738551175
2895,0.14877560740106394,-0.025398621953717393,0.060833333333333295
2896,0.14157575912420325,0.1475695487592381,0.12835820895522387
2897,0.14041183667278287,0.07811041539710628,0.11109185441941072
2898,0.1517621950382799,0.030686431876121245,-0.013333333333333336
2899,0.14566435926600715,0.025492121142118906,0.056644518272425226
2900,0.14845665244721729,-0.05011511951366543,0.020161290322580627
2901,0.13581377081741275,-0.03090207449416882,0.05768911055694098
2902,0.1501775172312287,-0.03062156958533291,-0.02073265783320344
2903,0.1496716061282911,0.0732060038074579,-0.01704456606724003
2904,0.14498956913096606,0.11252224312369719,0.07356902356902356
2905,0.16045513405725614,0.009637627739081833,-0.040613026819923376
2906,0.15541968427006425,0.02521918473630147,-0.0030063291139240667
2907,0.1288690855111549,-0.2038349628886812,0.008466453674121382
2908,0.14041183667278287,0.07811041539710628,0.11109185441941072
2909,0.1459230663337282,-0.042234841896545694,0.05144747725392884
2910,0.14680025916704564,-0.033500334980792135,0.04016393442622951
2911,0.15188814777782744,0.1905642011656552,0.022132471728594505
2912,0.13562152449439507,0.026050094582583172,0.008466453674121382
2913,0.1476295666806978,0.0014732920747461686,0.022132471728594505
2914,0.13984929043769434,0.028291473892927965,0.15938903863432163
2915,0.1476295666806978,0.0014732920747461686,0.022132471728594505
2916,0.1476295666806978,0.0014732920747461686,0.022132471728594505
2917,0.1372110913364708,0.11436990526547697,0.16923076923076924
2918,0.14754015896124137,0.014774363626768261,0.010399999999999993
2919,0.12744051973819592,-0.2608751927737387,-0.011468970934799705
2920,0.14041183667278287,0.07811041539710628,0.11109185441941072
2921,0.14892365904729596,-0.06540417828098505,-0.0415007656967841
2922,0.15732761767115472,0.12459228690105806,-0.005840568271507501
2923,0.1471806983996157,0.019306234040529446,0.018196457326892096
2924,0.13610667816649033,0.026859549010298855,-0.036153846153846175
2925,0.12452687568698273,0.056259773604743546,0.09759862778730705
2926,0.15227360351782918,0.25147652727371095,0.028084415584415573
2927,0.12660242370683136,-0.2499777568763028,-0.040613026819923376
2928,0.15803541638485896,0.17337277470593615,-0.005840568271507501
2929,0.14041183667278287,0.07811041539710628,0.11109185441941072
2930,0.13389103359469232,-0.08279548262881115,0.0953767123287671
2931,0.1465113832482166,0.036199275311367685,0.029082047116165716
2932,0.14860630820194085,0.14390122999048893,0.07679324894514766
2933,0.14041183667278287,0.07811041539710628,0.11109185441941072
2934,0.14754015896124137,0.014774363626768261,0.010399999999999993
2935,0.14647575959426884,0.16025053822041335,0.09205807002561911
2936,0.15541968427006425,0.02521918473630147,-0.0030063291139240667
2937,0.1459230663337282,-0.042234841896545694,0.05144747725392884
2938,0.12961697000983288,-0.24678486198493463,0.009432454036770566
2939,0.12532679895363433,0.04616503711131881,0.09871244635193133
2940,0.1372110913364708,0.11436990526547697,0.16923076923076924
2941,0.14754015896124137,0.014774363626768261,0.010399999999999993
2942,0.12882422714956143,0.04482993543138947,0.07356902356902356
2943,0.12293294201955127,0.0808637282281881,0.09648671808054843
2944,0.13369488240667182,0.03493026987955006,0.04629324546952224
2945,0.14845665244721729,-0.05011511951366543,0.020161290322580627
2946,0.13234818490447425,0.08055855463826955,0.07036104114189756
2947,0.15268555039209986,-0.028564813532221733,0.08329092451229853
2948,0.15625292218522768,-0.24939145293634032,-0.005840568271507501
2949,0.14704272434732754,-0.01920852610707202,0.03510204081632651
2950,0.16055498292775064,0.3128566912842323,-0.02073265783320344
2951,0.14041183667278287,0.07811041539710628,0.11109185441941072
2952,0.1515498936371022,-0.03246610186464777,0.011369095276220959
2953,0.13822260554063964,0.11829147389292793,0.15938903863432163
2954,0.1465113832482166,0.036199275311367685,0.029082047116165716
2955,0.15218772296008312,0.05420850446061354,-0.021651090342679147
2956,0.13464904283617243,-0.007990577389123288,-0.08504053058216655
2957,0.15497157082280624,-0.0013513832499291722,-0.02622187742435997
2958,0.12526251576525402,0.059611948670376,0.08656462585034014
2959,0.12881617309789625,-0.2622640816626276,-0.00015860428231562196
2960,0.14951147601195827,0.1277985161464491,0.03108218063466231
2961,0.1372110913364708,0.11436990526547697,0.16923076923076924
2962,0.15450114730617362,0.09638881902567131,-0.024397824397824397
2963,0.12472132360252317,0.07703380518127156,0.07464195450716088
2964,0.1416788550949272,0.07219320799697426,0.09648671808054843
2965,0.16004489534864197,0.004829935431389543,0.007501995211492418
2966,0.1459230663337282,-0.042234841896545694,0.05144747725392884
2967,0.15187744798026565,0.09632177692323096,0.011369095276220959
2968,0.13234032701543508,0.030552620389743268,0.06188490408673891
2969,0.13460112410691577,0.06942387807411265,0.034094616639477965
2970,0.1268408651399827,-0.23363160303014893,0.007501995211492418
2971,0.13188400746465173,-0.07549305649381233,0.11450912250217199
2972,0.1480901599937233,-0.0011100705086164453,0.006539074960127594
2973,0.13393852673537465,0.11682088565763382,0.0191780821917808
2974,0.14754015896124137,0.014774363626768261,0.010399999999999993
2975,0.16045513405725614,0.009637627739081833,-0.040613026819923376
2976,0.147540621938683,0.016776322377776487,0.011369095276220959
2977,0.13316798645358408,-0.02192591741141986,-0.0415007656967841
2978,0.14754015896124137,0.014774363626768261,0.010399999999999993
2979,0.15418293588033563,0.26669572921207696,0.029082047116165716
2980,0.154774409882752,0.2715523434581454,0.0231204527081649
2981,0.15782658614330616,0.3134527642155086,-0.003952569169960479
2982,0.1465113832482166,0.036199275311367685,0.029082047116165716
2983,0.12490793422478656,0.05656581017611384,0.0887563884156729
2984,0.12633730959476072,0.10538297716090184,0.053521126760563364
2985,0.14653834079406475,0.03439467673990304,0.028084415584415573
2986,0.1496716061282911,0.0732060038074579,-0.01704456606724003
2987,0.14680025916704564,-0.033500334980792135,0.04016393442622951
2988,0.14909474740197887,-0.014941457833979654,-0.0030063291139240667
2989,0.14952061877468084,0.06517699577844982,0.04424342105263157
2990,0.15976974518397094,0.10098378158523569,-0.040613026819923376
2991,0.12754696858242479,0.063291473892928,0.07356902356902356
2992,0.1465113832482166,0.036199275311367685,0.029082047116165716
2993,0.14711799437789239,0.022883310627621833,0.041181296144380625
2994,0.14726231383050248,-0.07050162955534789,0.03712183156173343
2995,0.14517130224874727,-0.02192591741141986,0.07036104114189756
2996,0.15194435759659766,0.10054338228987458,0.009432454036770566
2997,0.15782658614330616,0.3134527642155086,-0.003952569169960479
2998,0.14804737639126733,0.1393179639591532,0.049380677126341865
2999,0.12563604596103728,-0.24472695928679553,-0.032561728395061745
3000,0.1495849708874893,-0.05847843761149679,-0.024397824397824397
3001,0.15354747588153872,0.17090653665443423,-0.012401883830455263
3002,0.14703798294642575,-0.019645589044134937,0.0330888345558272
3003,0.14636037651147885,0.04329147389292798,0.0330888345558272
3004,0.1496716061282911,0.0732060038074579,-0.01704456606724003
3005,0.12878069731148248,-0.25437389575687747,0.004617834394904458
3006,0.12748771088850835,-0.26249365007401415,-0.009598741148701823
3007,0.15011501248327708,0.12349625204992454,0.04016393442622951
3008,0.15490424007269857,0.21111154309708025,0.036111111111111094
3009,0.12976220566604071,-0.1720369932603567,0.021146085552865207
3010,0.1465113832482166,0.036199275311367685,0.029082047116165716
3011,0.14633071715990612,0.04503363417167361,0.034094616639477965
3012,0.1465113832482166,0.036199275311367685,0.029082047116165716
3013,0.14726231383050248,-0.07050162955534789,0.03712183156173343
3014,0.15414142900278646,-0.004502643754130842,0.0191780821917808
3015,0.1372110913364708,0.11436990526547697,0.16923076923076924
3016,0.14498956913096606,0.11252224312369719,0.07356902356902356
3017,0.14041183667278287,0.07811041539710628,0.11109185441941072
3018,0.13465990142671752,-0.1584034413613093,0.04220032840722496
3019,0.14348187157616527,0.04483946150902707,0.0714285714285714
3020,0.13063794358435826,-0.2700418594404054,0.04732069249793899
3021,0.14540397550226777,0.08709812041860776,0.08003384094754651
3022,0.14952657373857153,-0.07739818127948583,-0.018891491022638568
3023,0.1455373322233819,-0.055347981889384945,0.041181296144380625
3024,0.13035285528574614,0.05817242627388031,0.08547153780798639
3025,0.1476295666806978,0.0014732920747461686,0.022132471728594505
3026,0.15268555039209986,-0.028564813532221733,0.08329092451229853
3027,0.1303608108944985,0.14684176975091612,0.08765957446808509
3028,0.1459230663337282,-0.042234841896545694,0.05144747725392884
3029,0.13066964379957516,0.08254062065060719,0.04016393442622951
3030,0.15021950452243044,0.1220585971805992,0.039148239148239145
3031,0.12574524656034528,-0.2456993517951454,-0.03166023166023166
3032,0.12591957887106214,-0.23270852610707202,-0.0020585906571654877
3033,0.15541968427006425,0.02521918473630147,-0.0030063291139240667
3034,0.1530161326600527,0.09100931621657948,-0.010534591194968551
3035,0.13416176624766582,-0.10293494120141167,-0.03704842428900845
3036,0.16069723773411346,-0.31097988289099165,-0.048554033485540354
3037,0.13071767058162612,-0.2649792027988014,0.013311948676824364
3038,0.11864504498218306,0.04582954495891778,0.1521000893655049
3039,0.16045513405725614,0.009637627739081833,-0.040613026819923376
3040,0.14754015896124137,0.014774363626768261,0.010399999999999993
3041,0.1459230663337282,-0.042234841896545694,0.05144747725392884
3042,0.14157575912420325,0.1475695487592381,0.12835820895522387
3043,0.14476528486490503,0.04171418682668193,0.06505016722408025
3044,0.13326349313262892,-0.1933949166396164,0.08765957446808509
3045,0.14951147601195827,0.1277985161464491,0.03108218063466231
3046,0.14740569666507955,-0.10174669404600334,0.009432454036770566
3047,0.1512033850992205,0.011795410900801995,0.0017474185861794944
3048,0.14589153174851288,0.15823400262856013,0.09871244635193133
3049,0.14492138689289483,-0.011932406704086962,0.08438030560271648
3050,0.15097568739963393,0.03274295068617694,-0.014263322884012553
3051,0.14856342303223244,0.012988443589897702,0.011369095276220959
3052,0.14754015896124137,0.014774363626768261,0.010399999999999993
3053,0.15904707087765865,0.03234256878343894,0.021146085552865207
3054,0.14680025916704564,-0.033500334980792135,0.04016393442622951
3055,0.12574524656034528,-0.2456993517951454,-0.03166023166023166
3056,0.13249035108955398,0.0253761644466739,0.05456053067993366
3057,0.12461445106052828,0.050666105161364605,0.0887563884156729
3058,0.12565974912199918,0.07911701906426749,0.06929530201342282
3059,0.15517181596581417,0.05112846448853925,0.06716917922948074
3060,0.15059533241551631,0.20562913623059031,0.05560165975103731
3061,0.1372110913364708,0.11436990526547697,0.16923076923076924
3062,0.1459392556989859,-0.044167271981659484,0.050413223140495844
3063,0.1460754064367802,0.0023078673355509394,0.052483443708609245
3064,0.12614892347701395,0.09490437711873445,0.05768911055694098
3065,0.13804132899038538,0.1871763659792589,0.025101214574898778
3066,0.15967809080986495,-0.182735923367346,-0.030757341576506975
3067,0.14909474740197887,-0.014941457833979654,-0.0030063291139240667
3068,0.14147947659810312,0.08175301235446641,0.10206540447504303
3069,0.16429799475008322,0.1261135597824985,-0.07925925925925927
3070,0.1527188834995043,-0.005095622881265582,-0.003952569169960479
3071,0.1452442351177014,0.09942724412791493,0.13893805309734514
3072,0.13261962260466587,-0.2076110531828843,0.024110032362459538
3073,0.12774297480940475,-0.2675193369178828,0.006539074960127594
3074,0.14421111605880563,0.03253878572088498,0.12602979842243645
3075,0.12920245775920103,-0.2848872202651476,0.0381342062193126
3076,0.15782658614330616,0.3134527642155086,-0.003952569169960479
3077,0.14647575959426884,0.16025053822041335,0.09205807002561911
3078,0.15069098785026797,-0.06646462366804762,0.034094616639477965
3079,0.14479222698536703,0.16972825550212334,0.09871244635193133
3080,0.1506123958144909,0.03226206212822208,0.0191780821917808
3081,0.12410243196332858,0.05664458961993091,0.08656462585034014
3082,0.1465113832482166,0.036199275311367685,0.029082047116165716
3083,0.1521177663443099,-0.05927262867117461,-0.01704456606724003
3084,0.1465113832482166,0.036199275311367685,0.029082047116165716
3085,0.13473007556375474,0.03787631143805431,0.024110032362459538
3086,0.14997232826336157,0.20252714268273686,0.06188490408673891
3087,0.15218772296008312,0.05420850446061354,-0.021651090342679147
3088,0.12842759381952526,-0.20488370858882382,0.021146085552865207
3089,0.16004489534864197,0.004829935431389543,0.007501995211492418
3090,0.125165258316727,-0.256708526107072,-0.02531055900621118
3091,0.1459230663337282,-0.042234841896545694,0.05144747725392884
3092,0.1465113832482166,0.036199275311367685,0.029082047116165716
3093,0.13477605907443854,0.0658721190542183,0.05768911055694098
3094,0.13394237484085803,0.15989226440676196,0.0007936507936507908
3095,0.14013189461026684,0.048527075987168766,0.13775419982316534
3096,0.12744195438501682,0.09636409959125203,0.10995670995670992
3097,0.15021950452243044,0.1220585971805992,0.039148239148239145
3098,0.15006032391949153,0.12578305638451048,0.04424342105263157
3099,0.1475550784675962,0.012757122747889815,0.009432454036770566
3100,0.1465113832482166,0.036199275311367685,0.029082047116165716
3101,0.1459230663337282,-0.042234841896545694,0.05144747725392884
3102,0.14754015896124137,0.014774363626768261,0.010399999999999993
3103,0.1462773959524692,-0.1993985845866042,-0.07257824143070046
3104,0.13041503324118958,-0.06197168400180886,-0.02256809338521401
3105,0.13145162439006278,0.08122250837568656,0.03712183156173343
3106,0.12987608735451808,-0.028638350668475532,0.03208469055374591
3107,0.14514561254419786,-0.020176018367133952,0.0714285714285714
3108,0.15541968427006425,0.02521918473630147,-0.0030063291139240667
3109,0.1302693493417042,-0.09338672679911353,0.036111111111111094
3110,0.14157575912420325,0.1475695487592381,0.12835820895522387
3111,0.12822197821676892,-0.27609178601896633,-0.023483670295489895
3112,0.14653834079406475,0.03439467673990304,0.028084415584415573
3113,0.12521632279056108,0.05648795483134439,0.0909556313993174
3114,0.1515498936371022,-0.03246610186464777,0.011369095276220959
3115,0.14653834079406475,0.03439467673990304,0.028084415584415573
3116,0.14877350906433393,0.13354935354908848,0.09982817869415805
3117,0.12850822003405987,-0.3395537143915909,-0.012401883830455263
3118,0.15059533241551631,0.20562913623059031,0.05560165975103731
3119,0.14168965714842657,0.13687436159346278,0.12835820895522387
3120,0.1459230663337282,-0.042234841896545694,0.05144747725392884
3121,0.15218772296008312,0.05420850446061354,-0.021651090342679147
3122,0.14196617390825536,0.07526821807897444,0.09426860564585116
3123,0.15059533241551631,0.20562913623059031,0.05560165975103731
3124,0.14041183667278287,0.07811041539710628,0.11109185441941072
3125,0.14704272434732754,-0.01920852610707202,0.03510204081632651
3126,0.15184272593064088,0.010376113391360575,0.06716917922948074
3127,0.1372110913364708,0.11436990526547697,0.16923076923076924
3128,0.1294144064210372,0.07749342829032213,0.05456053067993366
3129,0.14041183667278287,0.07811041539710628,0.11109185441941072
3130,0.1541650019658491,0.179291473892928,-0.0020585906571654877
3131,0.1280364212441431,-0.264708526107072,-0.0020585906571654877
3132,0.13349512724459406,0.05159712173345954,0.048349834983498347
3133,0.1372110913364708,0.11436990526547697,0.16923076923076924
3134,0.15541968427006425,0.02521918473630147,-0.0030063291139240667
3135,0.1410075830465259,0.11548398726191189,0.12835820895522387
3136,0.1459230663337282,-0.042234841896545694,0.05144747725392884
3137,0.12917011154406446,-0.27593929533784123,0.007501995211492418
3138,0.14498956913096606,0.11252224312369719,0.07356902356902356
3139,0.12988812968547916,-0.25847064064451697,-0.023483670295489895
3140,0.12740109666716146,-0.26168777921910524,-0.010534591194968551
3141,0.1410075830465259,0.11548398726191189,0.12835820895522387
3142,0.14522474193489324,0.10021455081600494,0.07356902356902356
3143,0.14034854698400726,0.08339842576458578,0.12835820895522387
3144,0.14487707252831183,0.04329147389292798,0.06399331662489555
3145,0.147540621938683,0.016776322377776487,0.011369095276220959
3146,0.14041183667278287,0.07811041539710628,0.11109185441941072
3147,0.1459230663337282,-0.042234841896545694,0.05144747725392884
3148,0.12634898573004558,0.10908094757713849,0.05144747725392884
3149,0.14804737639126733,0.1393179639591532,0.049380677126341865
3150,0.1496716061282911,0.0732060038074579,-0.01704456606724003
3151,0.149465201891753,0.05159712173345954,0.048349834983498347
3152,0.13469068074978643,-0.03363160303014895,0.059783513738551175
3153,0.14647575959426884,0.16025053822041335,0.09205807002561911
3154,0.1416788550949272,0.07219320799697426,0.09648671808054843
3155,0.14804737639126733,0.1393179639591532,0.049380677126341865
3156,0.13420225880079248,-0.10822367762222351,-0.04942965779467681
3157,0.1292240522866649,-0.27280048013006053,0.008466453674121382
3158,0.14512926252594888,0.04637789364601441,0.07249789739276702
3159,0.14875511840702413,-0.02925754571491518,0.002702702702702703
3160,0.15611211183701296,-0.007369319058613877,-0.023483670295489895
3161,0.14517130224874727,-0.02192591741141986,0.07036104114189756
3162,0.14727976571231688,-0.01307216247070836,0.022132471728594505
3163,0.15218375971962558,0.05633495215379758,-0.02073265783320344
3164,0.1465113832482166,0.036199275311367685,0.029082047116165716
3165,0.14522474193489324,0.10021455081600494,0.07356902356902356
3166,0.15038669690207573,0.057052941782836264,-0.03166023166023166
3167,0.1465113832482166,0.036199275311367685,0.029082047116165716
3168,0.1421425253315371,0.14329147389292796,0.11794425087108013
3169,0.1279561221216261,-0.2498119743829341,-0.018891491022638568
3170,0.1547898909264378,-0.019733736191105633,-0.013333333333333336
3171,0.12750174602565026,-0.26249365007401415,-0.009598741148701823
3172,0.15403642617696042,0.23878019569743925,0.013311948676824364
3173,0.1459230663337282,-0.042234841896545694,0.05144747725392884
3174,0.12435791874413947,0.07066899550676087,0.09759862778730705
3175,0.13327127389783927,0.04658094757713849,0.05144747725392884
3176,0.12648681104430268,-0.25446133509583607,0.014285714285714263
3177,0.16209442744079822,0.24185606719436337,-0.03972392638036812
3178,0.1296892535085113,-0.291725361123907,0.04424342105263157
3179,0.12563604596103728,-0.24472695928679553,-0.032561728395061745
3180,0.144561335147411,-0.05727509834503236,0.10431034482758622
3181,0.13103667041005812,0.01459056754851712,0.08003384094754651
3182,0.1452442351177014,0.09942724412791493,0.13893805309734514
3183,0.1341852761036551,0.18467078423775551,0.03712183156173343
3184,0.1470426757588623,-0.021168456420660897,0.034094616639477965
3185,0.12847919075740694,0.04645603085495331,0.06399331662489555
3186,0.12565974912199918,0.07911701906426749,0.06929530201342282
3187,0.14720814591289355,0.006036571932143686,0.002702702702702703
3188,0.14223825562286305,0.13840016954510193,0.12139737991266375
3189,0.14754015896124137,0.014774363626768261,0.010399999999999993
3190,0.1372110913364708,0.11436990526547697,0.16923076923076924
3191,0.13971277540516655,0.08776586742392534,0.12486865148861648
3192,0.13336461217681694,0.04498638914716524,0.04220032840722496
3193,0.14653834079406475,0.03439467673990304,0.028084415584415573
3194,0.1341527027778289,0.005791473892928001,0.06823134953897736
3195,0.15006032391949153,0.12578305638451048,0.04424342105263157
3196,0.1543953263373532,-0.004785449183995094,0.059783513738551175
3197,0.14552960533319315,-0.05331869559859742,0.04220032840722496
3198,0.13729875361974275,0.007830480985126564,0.029082047116165716
3199,0.14647575959426884,0.16025053822041335,0.09205807002561911
3200,0.14227368635403864,0.05923350287843521,0.0953767123287671
3201,0.1460290728988247,-0.06608352610707202,0.06823134953897736
3202,0.1344366614618383,-0.11118007082251918,-0.005840568271507501
3203,0.1277962200705283,-0.2334075552332856,-0.04238714613618977
3204,0.14514561254419786,-0.020176018367133952,0.0714285714285714
3205,0.15571209441732475,0.12269061552382932,-0.017968750000000006
3206,0.14348506208124281,0.07559916620062024,0.07356902356902356
3207,0.14754015896124137,0.014774363626768261,0.010399999999999993
3208,0.1470649274212759,0.17802201281508367,0.08329092451229853
3209,0.1459230663337282,-0.042234841896545694,0.05144747725392884
3210,0.1459392556989859,-0.044167271981659484,0.050413223140495844
3211,0.14227368635403864,0.05923350287843521,0.0953767123287671
3212,0.12902536717308835,-0.2752413446398906,0.006539074960127594
3213,0.15463382148458807,0.16414455446164833,-0.03794162826420891
3214,0.14041183667278287,0.07811041539710628,0.11109185441941072
3215,0.14888158647349933,0.09091052151197565,-0.00015860428231562196
3216,0.1282906279451333,-0.28084645714155476,0.03712183156173343
3217,0.1372110913364708,0.11436990526547697,0.16923076923076924
3218,0.13270871230771558,0.02525868700768208,0.052483443708609245
3219,0.14867079363509464,0.025719588908902413,0.060833333333333295
3220,0.13139083042399277,-0.17242758965222255,0.04629324546952224
3221,0.14444560295907594,0.09584402644548051,0.08220338983050846
3222,0.15313953573926034,0.05216721353789844,0.08765957446808509
3223,0.14586135572456868,0.049620587816978645,0.06399331662489555
3224,0.1465113832482166,0.036199275311367685,0.029082047116165716
3225,0.15429633587031322,0.03656501649382482,-0.027131782945736455
3226,0.13358906779386484,-0.0822793023627798,-0.030757341576506975
3227,0.13362590354623077,-0.14177346117200706,0.05560165975103731
3228,0.13240789598390493,-0.08454943519798114,0.10318690783807061
3229,0.12830503230003232,-0.26565161553796635,-0.005840568271507501
3230,0.15730297051091915,0.30707100145198307,0.0017474185861794944
3231,0.12712560128639783,0.012547137323348667,0.056644518272425226
3232,0.12864056086262635,-0.04599424039278632,0.08547153780798639
3233,0.12977106744788772,-0.20222823936872075,0.02609400324149108
3234,0.15541968427006425,0.02521918473630147,-0.0030063291139240667
3235,0.1499052809393742,0.1940851246865788,0.06293823038397328
3236,0.13249035108955398,0.0253761644466739,0.05456053067993366
3237,0.1448376118560358,0.11386204446349857,0.08220338983050846
3238,0.14927146451769233,0.006959293962132129,0.036111111111111094
3239,0.1535517635804785,-0.013485082883628818,0.020161290322580627
3240,0.13264702086444025,0.02695160461188223,0.053521126760563364
3241,0.15520125953573183,0.13738741485233752,0.018196457326892096
3242,0.15774135782011936,0.2834489542078886,0.0017474185861794944
3243,0.12921616127100688,-0.017482006770055458,0.11450912250217199
3244,0.15419053169825572,0.2339389559073165,0.025101214574898778
3245,0.12863858997072122,-0.2829496608588451,0.029082047116165716
3246,0.14157575912420325,0.1475695487592381,0.12835820895522387
3247,0.14512926252594888,0.04637789364601441,0.07249789739276702
3248,0.14986807486195183,0.20043433103578512,0.06293823038397328
3249,0.14624355605606273,0.031096351941708456,0.07679324894514766
3250,0.1328210008219486,0.030133579156085888,0.05144747725392884
3251,0.1507983602297639,-0.002862372260918178,0.007501995211492418
3252,0.1416788550949272,0.07219320799697426,0.09648671808054843
3253,0.1265348775284644,-0.2514846455100571,0.015261044176706817
3254,0.14206884503619832,0.1394974359525486,0.12255244755244754
3255,0.1372110913364708,0.11436990526547697,0.16923076923076924
3256,0.16045513405725614,0.009637627739081833,-0.040613026819923376
3257,0.15769128139049263,0.027162441634863477,0.02609400324149108
3258,0.14569180333049872,-0.06832932121410568,0.075716694772344
3259,0.14498956913096606,0.11252224312369719,0.07356902356902356
3260,0.15418293588033563,0.26669572921207696,0.029082047116165716
3261,0.1465391969757839,-0.10916754250051464,0.052483443708609245
3262,0.14856342303223244,0.012988443589897702,0.011369095276220959
3263,0.16015810081138734,0.3239932282788929,-0.02256809338521401
3264,0.14391683405346573,0.05422043564156187,0.1190932868352223
3265,0.14668700473474555,-0.15963739639995905,-0.012401883830455263
3266,0.16004489534864197,0.004829935431389543,0.007501995211492418
3267,0.1299811613844715,0.04022398923035131,0.07464195450716088
3268,0.16045513405725614,0.009637627739081833,-0.040613026819923376
3269,0.16045513405725614,0.009637627739081833,-0.040613026819923376
3270,0.13481512394377884,0.0062544368558909436,0.017216411906677387
3271,0.13167741489580945,-0.2214144084600132,0.08985507246376812
3272,0.1293392485226871,0.12766647389292796,0.06823134953897736
3273,0.14821351314846307,0.06104295318286879,0.08765957446808509
3274,0.14149918863994188,0.121296588982442,0.1484848484848485
3275,0.1529870489842786,0.1888138619526295,0.015261044176706817
3276,0.1490701888886112,-0.11657247168530332,0.041181296144380625
3277,0.14754015896124137,0.014774363626768261,0.010399999999999993
3278,0.14041183667278287,0.07811041539710628,0.11109185441941072
3279,0.14041183667278287,0.07811041539710628,0.11109185441941072
3280,0.13706256299157493,0.09287825075243206,-0.009598741148701823
3281,0.14754015896124137,0.014774363626768261,0.010399999999999993
3282,0.154774409882752,0.2715523434581454,0.0231204527081649
3283,0.16045513405725614,0.009637627739081833,-0.040613026819923376
3284,0.15079285144014196,-0.004971074369620299,0.006539074960127594
3285,0.1372110913364708,0.11436990526547697,0.16923076923076924
3286,0.15490424007269857,0.21111154309708025,0.036111111111111094
3287,0.15773187686774381,-0.034294733003623734,-0.018891491022638568
3288,0.1459230663337282,-0.042234841896545694,0.05144747725392884
3289,0.15021950452243044,0.1220585971805992,0.039148239148239145
3290,0.14589153174851288,0.15823400262856013,0.09871244635193133
3291,0.14726231383050248,-0.07050162955534789,0.03712183156173343
3292,0.15420685060625422,0.0502359183373724,0.03510204081632651
3293,0.16045513405725614,0.009637627739081833,-0.040613026819923376
3294,0.13317102261754682,-0.13924820864675458,0.06293823038397328
3295,0.16045513405725614,0.009637627739081833,-0.040613026819923376
3296,0.14592304955037277,-0.04031508348412122,0.052483443708609245
3297,0.1352992359674884,0.13257718817864228,0.08547153780798639
3298,0.14796736694386448,0.12689803126997712,0.052483443708609245
3299,0.14223825562286305,0.13840016954510193,0.12139737991266375
3300,0.13673736658867006,0.059570543660369846,-0.03436055469953775
3301,0.15518974616113201,-0.21518310237825847,-0.015191855912294439
3302,0.1465113832482166,0.036199275311367685,0.029082047116165716
3303,0.15059533241551631,0.20562913623059031,0.05560165975103731
3304,0.15059533241551631,0.20562913623059031,0.05560165975103731
3305,0.16045513405725614,0.009637627739081833,-0.040613026819923376
3306,0.13340619673142115,0.013647205118224426,0.0007936507936507908
3307,0.15782658614330616,0.3134527642155086,-0.003952569169960479
3308,0.146555540186387,0.026807957409411498,0.020161290322580627
3309,0.14457822451785776,-0.10376734963648376,-0.02894736842105264
3310,0.1372110913364708,0.11436990526547697,0.16923076923076924
3311,0.15541968427006425,0.02521918473630147,-0.0030063291139240667
3312,0.13292123545263254,-0.17839137400351213,0.056644518272425226
3313,0.14498956913096606,0.11252224312369719,0.07356902356902356
3314,0.15541968427006425,0.02521918473630147,-0.0030063291139240667
3315,0.15101437739340018,0.20230786733555095,0.052483443708609245
3316,0.14421111605880563,0.03253878572088498,0.12602979842243645
3317,0.15435484549755632,0.008729261911361141,-0.032561728395061745
3318,0.12733326215723786,-0.26005580644180004,-0.012401883830455263
3319,0.14847218988272112,0.05826153377316745,0.08329092451229853
3320,0.1515117059221467,0.03706740750288651,-0.010534591194968551
3321,0.14579620503464694,0.1564719896522403,0.09982817869415805
3322,0.15782658614330616,0.3134527642155086,-0.003952569169960479
3323,0.14647575959426884,0.16025053822041335,0.09205807002561911
3324,0.15352205562842905,0.04543739663970914,-0.017968750000000006
3325,0.14041183667278287,0.07811041539710628,0.11109185441941072
3326,0.16045513405725614,0.009637627739081833,-0.040613026819923376
3327,0.13302633629609828,-0.011396026107072021,0.0036595067621320587
3328,0.14227368635403864,0.05923350287843521,0.0953767123287671
3329,0.1465113832482166,0.036199275311367685,0.029082047116165716
3330,0.15583003300631776,-0.027665621816643005,0.050413223140495844
3331,0.16004489534864197,0.004829935431389543,0.007501995211492418
3332,0.15416239790300432,0.1697065682325506,0.012339743589743574
3333,0.15522711262899405,-0.0037937279007940194,-0.027131782945736455
3334,0.12585449552629097,0.07359450419595825,0.07895181741335588
3335,0.12970123164675307,-0.2050956228812656,0.05768911055694098
3336,0.12740109666716146,-0.26168777921910524,-0.010534591194968551
3337,0.14819225465862632,-0.08666447324363591,-0.023483670295489895
3338,0.166908844295483,-0.09058830752783703,-0.06240601503759399
3339,0.14592304955037277,-0.04031508348412122,0.052483443708609245
3340,0.127925953227904,0.017723292074746155,0.10318690783807061
3341,0.15541968427006425,0.02521918473630147,-0.0030063291139240667
3342,0.14727976571231688,-0.01307216247070836,0.022132471728594505
3343,0.12513738470291774,0.03354217027175804,0.11109185441941072
3344,0.14041183667278287,0.07811041539710628,0.11109185441941072
3345,0.14599820916710884,-0.011195705594251482,0.059783513738551175
3346,0.1459230663337282,-0.042234841896545694,0.05144747725392884
3347,0.14023231261672858,0.0910301673602647,-0.048554033485540354
3348,0.14754015896124137,0.014774363626768261,0.010399999999999993
3349,0.14801798950462738,0.22163542293751393,0.06188490408673891
3350,0.1574297995606103,-0.028638350668475532,0.03208469055374591
3351,0.14680025916704564,-0.033500334980792135,0.04016393442622951
3352,0.15448980054512287,0.2076982535539449,0.04220032840722496
3353,0.1335816617675511,-0.12448261248580955,0.048349834983498347
3354,0.15097624361984444,0.03488811254839014,-0.013333333333333336
3355,0.1416788550949272,0.07219320799697426,0.09648671808054843
3356,0.14517130224874727,-0.02192591741141986,0.07036104114189756
3357,0.15879326926924964,0.02236124133478845,-0.03436055469953775
3358,0.14864887210318858,0.20888632919839423,0.05873544093178035
3359,0.1371139109045923,0.08837344110604273,-0.007722616233254542
3360,0.14514561254419786,-0.020176018367133952,0.0714285714285714
3361,0.147540621938683,0.016776322377776487,0.011369095276220959
3362,0.12744051973819592,-0.2608751927737387,-0.011468970934799705
3363,0.14348506208124281,0.07559916620062024,0.07356902356902356
3364,0.1372110913364708,0.11436990526547697,0.16923076923076924
3365,0.14041183667278287,0.07811041539710628,0.11109185441941072
3366,0.1459230663337282,-0.042234841896545694,0.05144747725392884
3367,0.13019515721248462,-0.253631603030149,0.07356902356902356
3368,0.13290233514208077,0.1014310087766489,0.005577689243027872
3369,0.1372110913364708,0.11436990526547697,0.16923076923076924
3370,0.14157575912420325,0.1475695487592381,0.12835820895522387
3371,0.12917803894539595,-0.1964345535043323,0.039148239148239145
3372,0.14610935100985262,-0.0009708211890392393,0.052483443708609245
3373,0.13228612894387898,-0.27391282718234083,0.02609400324149108
3374,0.15996671019157566,0.171390647446647,-0.009598741148701823
3375,0.1511002704193578,0.256094242059018,0.036111111111111094
3376,0.1372110913364708,0.11436990526547697,0.16923076923076924
3377,0.12819849419227028,-0.27787640931875085,0.021146085552865207
3378,0.1372110913364708,0.11436990526547697,0.16923076923076924
3379,0.1535517635804785,-0.013485082883628818,0.020161290322580627
3380,0.14969513192952572,0.07520636750994925,-0.016118935837245718
3381,0.14727976571231688,-0.01307216247070836,0.022132471728594505
3382,0.13971405736927486,0.04949494783833741,0.16306306306306306
3383,0.14754015896124137,0.014774363626768261,0.010399999999999993
3384,0.13677717278307605,0.12276167256842463,0.049380677126341865
3385,0.1465113832482166,0.036199275311367685,0.029082047116165716
3386,0.15188741598306515,0.13918188485183214,0.039148239148239145
3387,0.13113620134733875,0.009507690109144207,0.04322103533278554
3388,0.14997232826336157,0.20252714268273686,0.06188490408673891
3389,0.1336481322620727,-0.05847843761149679,-0.024397824397824397
3390,0.12923581694785966,-0.2321471225983001,0.03208469055374591
3391,0.13661230782125283,-0.0718028657297135,0.012339743589743574
3392,0.145104180678284,0.041906432341681454,0.11336805555555557
3393,0.14754015896124137,0.014774363626768261,0.010399999999999993
3394,0.12863858997072122,-0.2829496608588451,0.029082047116165716
3395,0.15489336655489588,0.27557493845985714,0.0017474185861794944
3396,0.13046259092325582,-0.2156018067394831,0.0007936507936507908
3397,0.15907862450636545,0.23053427224683742,-0.008661417322834652
3398,0.12829483949374892,-0.2591278809457817,-0.003952569169960479
3399,0.12574524656034528,-0.2456993517951454,-0.03166023166023166
3400,0.14733341875961165,-0.10296702950843256,0.041181296144380625
3401,0.14910102784899054,-0.012708526107072016,-0.0020585906571654877
3402,0.1538163065726105,0.06395263091772141,-0.009598741148701823
3403,0.15541968427006425,0.02521918473630147,-0.0030063291139240667
3404,0.13249035108955398,0.0253761644466739,0.05456053067993366
3405,0.14719296357112416,0.003921395152770513,0.0017474185861794944
3406,0.12740109666716146,-0.26168777921910524,-0.010534591194968551
3407,0.15811872672898222,0.2587064936557738,0.0007936507936507908
3408,0.16045513405725614,0.009637627739081833,-0.040613026819923376
3409,0.15901563616360218,0.2922793281439401,-0.004897314375987366
3410,0.12927485705272243,0.11559916620062027,0.07356902356902356
3411,0.14738823605996293,0.09850619781930836,0.07464195450716088
3412,0.1280852869996542,-0.21280608708268178,0.034094616639477965
3413,0.1600042172102804,0.2986562807598808,-0.017968750000000006
3414,0.12740109666716146,-0.26168777921910524,-0.010534591194968551
3415,0.1339158644274381,-0.09332824441693116,0.10656303972366149
3416,0.15529161336950376,0.09541502601648011,0.006539074960127594
3417,0.16045513405725614,0.009637627739081833,-0.040613026819923376
3418,0.14041183667278287,0.07811041539710628,0.11109185441941072
3419,0.13011020012269736,-0.2344863038848498,0.008466453674121382
3420,0.1522504645296046,0.09329147389292802,0.04732069249793899
3421,0.1459230663337282,-0.042234841896545694,0.05144747725392884
3422,0.15011501248327708,0.12349625204992454,0.04016393442622951
3423,0.1537287514390977,0.10924892070143866,-0.016118935837245718
3424,0.1395919050248137,0.09020836397335696,0.12719298245614036
3425,0.15769128139049263,0.027162441634863477,0.02609400324149108
3426,0.1537397031139812,0.22880384138409404,0.03008130081300811
3427,0.13944415629480048,0.1969879719474027,0.004617834394904458
3428,0.14206884503619832,0.1394974359525486,0.12255244755244754
3429,0.14157575912420325,0.1475695487592381,0.12835820895522387
3430,0.14754015896124137,0.014774363626768261,0.010399999999999993
3431,0.12897535599257853,0.017455607631529813,0.07787162162162159
3432,0.14653834079406475,0.03439467673990304,0.028084415584415573
3433,0.12740109666716146,-0.26168777921910524,-0.010534591194968551
3434,0.1286031770582858,0.05127869434021237,0.060833333333333295
3435,0.1515256626701491,0.05033372741405473,0.03108218063466231
3436,0.1293953738800966,-0.1887346698979217,0.053521126760563364
3437,0.1372110913364708,0.11436990526547697,0.16923076923076924
3438,0.1444213340041222,0.05380198440343853,0.08220338983050846
3439,0.14647575959426884,0.16025053822041335,0.09205807002561911
3440,0.15011501248327708,0.12349625204992454,0.04016393442622951
3441,0.1465113832482166,0.036199275311367685,0.029082047116165716
3442,0.15614907982883675,-0.03938569146140275,0.0017474185861794944
3443,0.1539869962617072,0.02236124133478845,-0.03436055469953775
3444,0.16045513405725614,0.009637627739081833,-0.040613026819923376
3445,0.15062923807578854,0.12795601063414208,0.060833333333333295
3446,0.15782658614330616,0.3134527642155086,-0.003952569169960479
3447,0.15120513659940754,0.009694635948263974,0.0007936507936507908
3448,0.146555540186387,0.026807957409411498,0.020161290322580627
3449,0.12628174611928283,-0.2493352542176711,-0.032561728395061745
3450,0.123761311232816,0.11821502129353956,0.075716694772344
3451,0.13059582918333948,-0.2007843554909583,-0.03794162826420891
3452,0.1582008361853303,0.31472004532149944,-0.006782334384858063
3453,0.16045513405725614,0.009637627739081833,-0.040613026819923376
3454,0.14041183667278287,0.07811041539710628,0.11109185441941072
3455,0.1664585474522474,-0.08230094316868342,-0.03794162826420891
3456,0.12909164141896945,0.07369687929833335,0.04322103533278554
3457,0.1372110913364708,0.11436990526547697,0.16923076923076924
3458,0.15782658614330616,0.3134527642155086,-0.003952569169960479
3459,0.13677781099403957,0.06667677456107945,0.22199248120300752
3460,0.1349796417482062,-0.044208526107072044,0.06823134953897736
3461,0.14582880514596944,0.0019121635481003652,0.03712183156173343
3462,0.15026552441741334,-0.10293494120141167,-0.03704842428900845
3463,0.14997232826336157,0.20252714268273686,0.06188490408673891
3464,0.1366395209104437,0.09929147389292803,-0.0020585906571654877
3465,0.15599764378959174,0.20519623579768986,-0.03883346124328474
3466,0.1372110913364708,0.11436990526547697,0.16923076923076924
3467,0.15472320372993928,0.17263510323655729,0.006539074960127594
3468,0.14754015896124137,0.014774363626768261,0.010399999999999993
3469,0.1459230663337282,-0.042234841896545694,0.05144747725392884
3470,0.147540621938683,0.016776322377776487,0.011369095276220959
3471,0.14514561254419786,-0.020176018367133952,0.0714285714285714
3472,0.15059533241551631,0.20562913623059031,0.05560165975103731
3473,0.15349001618600783,-0.19875799607173633,0.03008130081300811
3474,0.15120513659940754,0.009694635948263974,0.0007936507936507908
3475,0.15782658614330616,0.3134527642155086,-0.003952569169960479
3476,0.15541968427006425,0.02521918473630147,-0.0030063291139240667
3477,0.14887366907537367,0.09269858851743396,0.0007936507936507908
3478,0.12774291274756555,-0.26168777921910524,-0.010534591194968551
3479,0.15218772296008312,0.05420850446061354,-0.021651090342679147
3480,0.14192241517490523,0.028386324841437438,0.12255244755244754
3481,0.1332597255321862,-0.026086516537694004,-0.03972392638036812
3482,0.14871825532631347,-0.04909983045489813,0.12139737991266375
3483,0.12543349545505228,0.041875043298027104,0.10431034482758622
3484,0.1547391112578372,0.12829147389292794,-0.047677075399847696
3485,0.14498956913096606,0.11252224312369719,0.07356902356902356
3486,0.14647575959426884,0.16025053822041335,0.09205807002561911
3487,0.1589991283731112,0.183291473892928,-0.02531055900621118
3488,0.14909474740197887,-0.014941457833979654,-0.0030063291139240667
3489,0.14815260604371858,0.007710949548358714,0.014285714285714263
3490,0.14041183667278287,0.07811041539710628,0.11109185441941072
3491,0.14514561254419786,-0.020176018367133952,0.0714285714285714
3492,0.16112225433654956,0.29671613142717457,-0.030757341576506975
3493,0.15541968427006425,0.02521918473630147,-0.0030063291139240667
3494,0.1471216228609072,-0.0541111235096694,0.05560165975103731
3495,0.1304386439481549,-0.23858772073794451,0.045267489711934145
3496,0.13674572079344155,-0.09493378207976827,0.04016393442622951
3497,0.15541968427006425,0.02521918473630147,-0.0030063291139240667
3498,0.1356692031988358,-0.020415089813635712,0.006539074960127594
3499,0.13928807844052782,0.08282635761385826,-0.03436055469953775
3500,0.12834315503786684,-0.2637951402803004,0.0017474185861794944
3501,0.15541968427006425,0.02521918473630147,-0.0030063291139240667
3502,0.1464698838108235,-0.062386759545557835,0.06505016722408025
3503,0.12638534081673256,0.031526768010575024,0.08985507246376812
3504,0.15037710513471236,0.05501022389292798,0.0036595067621320587
3505,0.12563604596103728,-0.24472695928679553,-0.032561728395061745
3506,0.13350563721772454,0.04499795853456623,0.04016393442622951
3507,0.15279670383778324,0.10959971762052656,0.02609400324149108
3508,0.12629804811143663,0.11094823956949562,0.050413223140495844
3509,0.14050373195644786,0.07681102696555364,0.10995670995670992
3510,0.15879256886352058,0.12700188113274702,-0.02894736842105264
3511,0.15457267336159516,0.2708900402011717,0.02609400324149108
3512,0.1301522158191835,-0.07792064731919324,0.011369095276220959
3513,0.149904265406702,0.04157326083450874,0.0381342062193126
3514,0.1372110913364708,0.11436990526547697,0.16923076923076924
3515,0.15541968427006425,0.02521918473630147,-0.0030063291139240667
3516,0.16045513405725614,0.009637627739081833,-0.040613026819923376
3517,0.15218772296008312,0.05420850446061354,-0.021651090342679147
3518,0.14754015896124137,0.014774363626768261,0.010399999999999993
3519,0.1603077612104829,-0.1887659423750146,-0.03972392638036812
3520,0.120707255683135,0.0715933606853808,0.12486865148861648
3521,0.1496716061282911,0.0732060038074579,-0.01704456606724003
3522,0.15059533241551631,0.20562913623059031,0.05560165975103731
3523,0.14540397550226777,0.08709812041860776,0.08003384094754651
3524,0.137264424562977,0.1897561203575745,0.04424342105263157
3525,0.13984929043769434,0.028291473892927965,0.15938903863432163
3526,0.16041460344505645,-0.20418327358181948,-0.04942965779467681
3527,0.14754015896124137,0.014774363626768261,0.010399999999999993
3528,0.1459230663337282,-0.042234841896545694,0.05144747725392884
3529,0.1301778459402261,-0.07468605419695967,0.014285714285714263
3530,0.15463382148458807,0.16414455446164833,-0.03794162826420891
3531,0.1514964620992078,0.07554953840905698,-0.003952569169960479
3532,0.14817202324538278,-0.062443293132161626,0.02609400324149108
3533,0.1324658982466888,-0.058132013651556014,0.028084415584415573
3534,0.1372110913364708,0.11436990526547697,0.16923076923076924
3535,0.1336325928107549,-0.17006357496700686,0.05456053067993366
3536,0.16045513405725614,0.009637627739081833,-0.040613026819923376
3537,0.13030907367574368,-0.09559741499596092,0.03510204081632651
3538,0.15427789646938134,0.1460311999203252,-0.030757341576506975
3539,0.15481596024455888,-0.02210936998892854,-0.014263322884012553
3540,0.1465113832482166,0.036199275311367685,0.029082047116165716
3541,0.1372110913364708,0.11436990526547697,0.16923076923076924
3542,0.14754015896124137,0.014774363626768261,0.010399999999999993
3543,0.12740109666716146,-0.26168777921910524,-0.010534591194968551
3544,0.15541968427006425,0.02521918473630147,-0.0030063291139240667
3545,0.1471726417801098,-0.00246016009400013,0.053521126760563364
3546,0.15541968427006425,0.02521918473630147,-0.0030063291139240667
3547,0.13038569041653736,0.05636336931776453,0.053521126760563364
3548,0.1470426757588623,-0.021168456420660897,0.034094616639477965
3549,0.15463382148458807,0.16414455446164833,-0.03794162826420891
3550,0.1575253327117105,-0.05740297055151644,0.03510204081632651
3551,0.13408432913594803,0.0051388634511609355,-0.0030063291139240667
3552,0.14050158746464375,0.07681102696555364,0.10995670995670992
3553,0.14041183667278287,0.07811041539710628,0.11109185441941072
3554,0.12891886516090667,-0.2084815757524621,0.029082047116165716
3555,0.12913801723304624,0.01358850359589825,0.16429215509467987
3556,0.16023315552176343,0.022630316868134603,-0.009598741148701823
3557,0.13308430047461406,-0.1301779138621741,0.09316239316239316
3558,0.1478161591364197,-0.002496071894617813,0.020161290322580627
3559,0.1275930233983144,-0.2640855752873999,-0.007722616233254542
3560,0.1372110913364708,0.11436990526547697,0.16923076923076924
3561,0.13688752858178407,0.08495814055959461,0.19962997224791856
3562,0.14540397550226777,0.08709812041860776,0.08003384094754651
3563,0.13092114834528942,-0.2774970565730218,0.02609400324149108
3564,0.1465113832482166,0.036199275311367685,0.029082047116165716
3565,0.14498956913096606,0.11252224312369719,0.07356902356902356
3566,0.12891886516090667,-0.2084815757524621,0.029082047116165716
3567,0.1459230663337282,-0.042234841896545694,0.05144747725392884
3568,0.1259598751929187,0.05206340371748941,0.09205807002561911
3569,0.14754015896124137,0.014774363626768261,0.010399999999999993
3570,0.12378767962425365,-0.3378966449189532,-0.045919145690312746
3571,0.1459230663337282,-0.042234841896545694,0.05144747725392884
3572,0.1368742342650382,0.08621490776763796,0.19833641404805913
3573,0.147540621938683,0.016776322377776487,0.011369095276220959
3574,0.12666167975272338,-0.19164828514321658,-0.0030063291139240667
3575,0.15730297051091915,0.30707100145198307,0.0017474185861794944
3576,0.12827155397317552,-0.26565161553796635,-0.005840568271507501
3577,0.12802090988049222,-0.16809063992821022,-0.005840568271507501
3578,0.15744046407813686,0.08025645443767504,0.004617834394904458
3579,0.13094806046520466,0.012757122747889815,0.009432454036770566
3580,0.1344165513225177,-0.019409490737297086,0.05873544093178035
3581,0.1465113832482166,0.036199275311367685,0.029082047116165716
3582,0.1459230663337282,-0.042234841896545694,0.05144747725392884
3583,0.1480239987923277,0.03445755163144387,0.03008130081300811
3584,0.14142236210678868,0.14862480722626126,0.12952548330404218
3585,0.14969513192952572,0.07520636750994925,-0.016118935837245718
3586,0.13733149145425674,0.051291473892927986,-0.0020585906571654877
3587,0.13141528057730437,0.0548426290084395,0.050413223140495844
3588,0.1286393656212092,-0.22445046159094298,0.05768911055694098
3589,0.1372110913364708,0.11436990526547697,0.16923076923076924
3590,0.14498956913096606,0.11252224312369719,0.07356902356902356
3591,0.1295703872337925,-0.2782698643970348,0.01623794212218649
3592,0.15475754750371082,0.1303561505098434,-0.04679878048780489
3593,0.157831807035633,-0.23836791475336022,-0.021651090342679147
3594,0.15906741155351634,0.15440258500403914,-0.01704456606724003
3595,0.14157575912420325,0.1475695487592381,0.12835820895522387
3596,0.1496716061282911,0.0732060038074579,-0.01704456606724003
3597,0.14822592690766936,0.05408284079940284,0.025101214574898778
3598,0.13448003022289634,0.03614861675007086,0.02708840227088402
3599,0.1322398996020654,-0.18084645714155478,0.03712183156173343
3600,0.12874565634380034,-0.273114776107072,0.0036595067621320587
3601,0.15776229587782756,0.025305862382136612,0.025101214574898778
3602,0.15573834541667897,0.0898031017999047,0.005577689243027872
3603,0.1335617816585133,-0.035388729152757314,-0.05030395136778115
3604,0.1515498936371022,-0.03246610186464777,0.011369095276220959
3605,0.1371139109045923,0.08837344110604273,-0.007722616233254542
3606,0.16004489534864197,0.004829935431389543,0.007501995211492418
3607,0.13103827170460675,0.003221787481778149,0.034094616639477965
3608,0.16045513405725614,0.009637627739081833,-0.040613026819923376
3609,0.13493846449421448,-0.034421136077746495,0.0909556313993174
3610,0.14997232826336157,0.20252714268273686,0.06188490408673891
3611,0.15782658614330616,0.3134527642155086,-0.003952569169960479
3612,0.14680025916704564,-0.033500334980792135,0.04016393442622951
3613,0.16004489534864197,0.004829935431389543,0.007501995211492418
3614,0.14142236210678868,0.14862480722626126,0.12952548330404218
3615,0.14647575959426884,0.16025053822041335,0.09205807002561911
3616,0.13309273252404313,-0.08121445496082697,0.0007936507936507908
3617,0.14754015896124137,0.014774363626768261,0.010399999999999993
3618,0.15763622133518798,0.0830404278678234,-0.012401883830455263
3619,0.13984929043769434,0.028291473892927965,0.15938903863432163
3620,0.12535510607262998,-0.00747775687630281,0.07356902356902356
3621,0.13616859036705312,-0.020466915368817007,0.045267489711934145
3622,0.1372110913364708,0.11436990526547697,0.16923076923076924
3623,0.14689389823388302,-0.05055467995322588,0.07356902356902356
3624,0.12527282727868083,-0.2666258814789728,-0.009598741148701823
3625,0.14599820916710884,-0.011195705594251482,0.059783513738551175
3626,0.1226650470928903,0.0866440750489973,0.09648671808054843
3627,0.15472320372993928,0.17263510323655729,0.006539074960127594
3628,0.12943904538143677,-0.23965426254118055,0.005577689243027872
3629,0.13337910424886776,0.0025748615150777976,0.05456053067993366
3630,0.1270635367964983,0.09385327164573698,0.1076923076923077
3631,0.14754015896124137,0.014774363626768261,0.010399999999999993
3632,0.15541968427006425,0.02521918473630147,-0.0030063291139240667
3633,0.15573834541667897,0.0898031017999047,0.005577689243027872
3634,0.14592304955037277,-0.04031508348412122,0.052483443708609245
3635,0.15648040388946038,0.08403221463366872,0.017216411906677387
3636,0.15703320807330853,0.04089912939532031,-0.03972392638036812
3637,0.14041183667278287,0.07811041539710628,0.11109185441941072
3638,0.14754015896124137,0.014774363626768261,0.010399999999999993
3639,0.15990047476427668,0.253248183849638,-0.019812792511700483
3640,0.14680025916704564,-0.033500334980792135,0.04016393442622951
3641,0.12740109666716146,-0.26168777921910524,-0.010534591194968551
3642,0.15463382148458807,0.16414455446164833,-0.03794162826420891
3643,0.14647575959426884,0.16025053822041335,0.09205807002561911
3644,0.1465113832482166,0.036199275311367685,0.029082047116165716
3645,0.1530977375395746,0.07182000242145647,0.08220338983050846
3646,0.15481559977968626,0.08514169415724515,-0.023483670295489895
3647,0.12577969241861828,-0.23180892771349773,-0.0030063291139240667
3648,0.13045449232499534,0.03840548040758596,0.05456053067993366
3649,0.15429633587031322,0.03656501649382482,-0.027131782945736455
3650,0.15084679897328507,-0.0030661420011117713,0.049380677126341865
3651,0.14699334793091962,-0.012599764777766864,0.08003384094754651
3652,0.15218772296008312,0.05420850446061354,-0.021651090342679147
3653,0.13634091058113756,0.1239366351832506,0.02609400324149108
3654,0.13430407766595726,-0.17099424039278632,0.048349834983498347
3655,0.14754015896124137,0.014774363626768261,0.010399999999999993
3656,0.15773187686774381,-0.034294733003623734,-0.018891491022638568
3657,0.1372110913364708,0.11436990526547697,0.16923076923076924
3658,0.1326180744781904,-0.1083478703693671,-0.007722616233254542
3659,0.1574829267188836,0.06960726336661216,0.03208469055374591
3660,0.12458885559692559,0.05216721353789844,0.08765957446808509
3661,0.14558658513760478,-0.03131170071024664,0.06293823038397328
3662,0.15429510206447256,0.23282215981350562,0.024110032362459538
3663,0.15235556605097242,0.18367002278882705,0.06505016722408025
3664,0.13350497463107913,0.003221787481778149,0.034094616639477965
3665,0.125165258316727,-0.256708526107072,-0.02531055900621118
3666,0.14726231383050248,-0.07050162955534789,0.03712183156173343
3667,0.12683517404871777,0.066202525105866,0.12486865148861648
3668,0.12988386208338928,-0.0761115111816989,0.015261044176706817
3669,0.14517672579269542,0.04329147389292798,0.06188490408673891
3670,0.12403358466487634,0.04910542738130008,0.09426860564585116
3671,0.13375481295837605,-0.1514125759513088,0.06929530201342282
3672,0.13557495501676897,-0.13870086327182296,0.008466453674121382
3673,0.15401281463163125,0.16735162426886785,0.013311948676824364
3674,0.15156598137811328,0.03495814055959462,-0.011468970934799705
3675,0.12373541880999334,0.03500418107524844,0.11450912250217199
3676,0.14041183667278287,0.07811041539710628,0.11109185441941072
3677,0.14592304955037277,-0.04031508348412122,0.052483443708609245
3678,0.13688752858178407,0.08495814055959461,0.19962997224791856
3679,0.1372110913364708,0.11436990526547697,0.16923076923076924
3680,0.1298207997209513,-0.27787640931875085,0.021146085552865207
3681,0.14754015896124137,0.014774363626768261,0.010399999999999993
3682,0.1372110913364708,0.11436990526547697,0.16923076923076924
3683,0.15541968427006425,0.02521918473630147,-0.0030063291139240667
3684,0.1395919050248137,0.09020836397335696,0.12719298245614036
3685,0.14719296357112416,0.003921395152770513,0.0017474185861794944
3686,0.1333335864853961,-0.08002691175729626,-0.027131782945736455
3687,0.14552960533319315,-0.05331869559859742,0.04220032840722496
3688,0.12559778939832877,0.08903279881406367,0.06505016722408025
3689,0.1459230663337282,-0.042234841896545694,0.05144747725392884
3690,0.14823338922119728,0.05231674465105074,0.024110032362459538
3691,0.14599820916710884,-0.011195705594251482,0.059783513738551175
3692,0.14157575912420325,0.1475695487592381,0.12835820895522387
3693,0.1390942223813745,0.09912903734470457,0.1521000893655049
3694,0.1372110913364708,0.11436990526547697,0.16923076923076924
3695,0.1351532942381322,-0.1413932107917567,-0.028040278853601858
3696,0.1519401809641742,0.07106925167070577,-0.00015860428231562196
3697,0.14552960533319315,-0.05331869559859742,0.04220032840722496
3698,0.13264702086444025,0.02695160461188223,0.053521126760563364
3699,0.12744051973819592,-0.2608751927737387,-0.011468970934799705
3700,0.15782658614330616,0.3134527642155086,-0.003952569169960479
3701,0.14041183667278287,0.07811041539710628,0.11109185441941072
3702,0.13845786374166832,0.09999250482076305,0.1448888888888889
3703,0.1372110913364708,0.11436990526547697,0.16923076923076924
3704,0.16296385970706104,0.14435530368016203,-0.05811320754716981
3705,0.16045513405725614,0.009637627739081833,-0.040613026819923376
3706,0.1465113832482166,0.036199275311367685,0.029082047116165716
3707,0.1459230663337282,-0.042234841896545694,0.05144747725392884
3708,0.1372110913364708,0.11436990526547697,0.16923076923076924
3709,0.12899096792120726,-0.2615030466550172,0.039148239148239145
3710,0.1325995434357504,0.04463195646665452,0.12719298245614036
3711,0.14647575959426884,0.16025053822041335,0.09205807002561911
3712,0.13121789454544655,0.07741610297304669,0.08656462585034014
3713,0.14867855423450937,-0.047494433966150607,0.12255244755244754
3714,0.13321594957232122,0.020355694076414244,0.075716694772344
3715,0.14675198909700785,-0.04359377200871134,0.052483443708609245
3716,0.1336439516069784,-0.07353095601361409,-0.03525789068514243
3717,0.14050373195644786,0.07681102696555364,0.10995670995670992
3718,0.13249035108955398,0.0253761644466739,0.05456053067993366
3719,0.14910102784899054,-0.012708526107072016,-0.0020585906571654877
3720,0.15398934532303754,0.10803967533177694,0.025101214574898778
3721,0.14754015896124137,0.014774363626768261,0.010399999999999993
3722,0.14969513192952572,0.07520636750994925,-0.016118935837245718
3723,0.14754015896124137,0.014774363626768261,0.010399999999999993
3724,0.13085550406568258,0.056804987406441465,0.04322103533278554
3725,0.15178331853586566,0.09800845502500344,0.012339743589743574
3726,0.14512926252594888,0.04637789364601441,0.07249789739276702
3727,0.1465113832482166,0.036199275311367685,0.029082047116165716
3728,0.13371294593069902,-0.16168936901894942,0.008466453674121382
3729,0.1331644998939435,-0.13308393063781637,0.056644518272425226
3730,0.13027384662483393,-0.02145672754592093,0.025101214574898778
3731,0.14160717892367664,-0.014312212743016695,-0.032561728395061745
3732,0.1466935553872163,0.026512950402995117,0.045267489711934145
3733,0.1382076436476227,0.002115003304692664,0.002702702702702703
3734,0.16045513405725614,0.009637627739081833,-0.040613026819923376
3735,0.1259555651057511,-0.24761761701616294,-0.02985305491105955
3736,0.1537397031139812,0.22880384138409404,0.03008130081300811
3737,0.14514561254419786,-0.020176018367133952,0.0714285714285714
3738,0.14157575912420325,0.1475695487592381,0.12835820895522387
3739,0.15745706643186114,-0.041483612612262355,0.036111111111111094
3740,0.13122068422923053,-0.1973228605780618,0.04016393442622951
3741,0.12753498660323795,-0.2609638452560082,-0.016118935837245718
3742,0.1228860266157965,0.1134669124894192,0.09205807002561911
3743,0.1499625669005249,0.2174128796437267,0.060833333333333295
3744,0.12861391539872835,-0.19989918758567127,0.004617834394904458
3745,0.14832907492150282,-0.011396026107072021,0.0036595067621320587
3746,0.1470479027848241,-0.01811203487900187,0.03208469055374591
3747,0.1501575333948177,0.2537291843306384,0.04424342105263157
3748,0.15079285144014196,-0.004971074369620299,0.006539074960127594
3749,0.12595878228656537,0.06042543027922076,0.06929530201342282
3750,0.12984406173756247,-0.23804963397879214,0.09316239316239316
3751,0.1372110913364708,0.11436990526547697,0.16923076923076924
3752,0.1529736083914375,0.08685993862321839,-0.010534591194968551
3753,0.13306413759182106,0.18355550029556822,0.050413223140495844
3754,0.14754015896124137,0.014774363626768261,0.010399999999999993
3755,0.14421111605880563,0.03253878572088498,0.12602979842243645
3756,0.12740109666716146,-0.26168777921910524,-0.010534591194968551
3757,0.12869567719096564,-0.256708526107072,0.04220032840722496
3758,0.1470426757588623,-0.021168456420660897,0.034094616639477965
3759,0.14814551475467216,-0.011793271869783906,-0.015191855912294439
3760,0.1318485286218629,-0.26440083379937973,-0.01704456606724003
3761,0.14552960533319315,-0.05331869559859742,0.04220032840722496
3762,0.1372110913364708,0.11436990526547697,0.16923076923076924
3763,0.14041183667278287,0.07811041539710628,0.11109185441941072
3764,0.12714763019220973,0.03555951513004141,0.1448888888888889
3765,0.12963043435571348,-0.22928377694319244,0.04629324546952224
3766,0.15370164582602988,0.06365346484315426,-0.02894736842105264
3767,0.14647575959426884,0.16025053822041335,0.09205807002561911
3768,0.14589153174851288,0.15823400262856013,0.09871244635193133
3769,0.15730297051091915,0.30707100145198307,0.0017474185861794944
3770,0.1402658548358796,0.00880871527223831,-0.018891491022638568
3771,0.1475275861277501,0.016573916641019593,0.009432454036770566
3772,0.1465113832482166,0.036199275311367685,0.029082047116165716
3773,0.1331754188861686,-0.08013948845016827,-0.012401883830455263
3774,0.14599820916710884,-0.011195705594251482,0.059783513738551175
3775,0.13088730339114701,0.01317099196521715,0.08111769686706183
3776,0.13567362525046645,0.05081027088540924,0.013311948676824364
3777,0.1602801945834775,-0.20545224470003687,-0.048554033485540354
3778,0.14037003338986453,0.07241768748516098,-0.04238714613618977
3779,0.12929714248964222,-0.19026115768601937,0.05144747725392884
3780,0.1481301219179823,0.009709384340689187,0.015261044176706817
3781,0.13255622578761614,0.040086345687799785,0.059783513738551175
3782,0.12845051852419118,-0.24994160881383895,0.013311948676824364
3783,0.12815334590057,-0.2648717914131945,-0.006782334384858063
3784,0.157561761708143,0.08495814055959461,-0.011468970934799705
3785,0.1490011346713563,0.029672796850126415,0.004617834394904458
3786,0.1544709211141647,0.04573049828317188,-0.04327217125382263
3787,0.15541968427006425,0.02521918473630147,-0.0030063291139240667
3788,0.1459230663337282,-0.042234841896545694,0.05144747725392884
3789,0.1372110913364708,0.11436990526547697,0.16923076923076924
3790,0.14156449908086363,0.10269741448698744,0.16429215509467987
3791,0.1602801945834775,-0.20545224470003687,-0.048554033485540354
3792,0.14540397550226777,0.08709812041860776,0.08003384094754651
3793,0.14041183667278287,0.07811041539710628,0.11109185441941072
3794,0.14168965714842657,0.13687436159346278,0.12835820895522387
3795,0.1416788550949272,0.07219320799697426,0.09648671808054843
3796,0.14966282201527592,-0.018046816069897276,0.01623794212218649
3797,0.15782658614330616,0.3134527642155086,-0.003952569169960479
3798,0.14887366907537367,0.09269858851743396,0.0007936507936507908
3799,0.12878405640903295,0.12516281892216774,0.09205807002561911
3800,0.14157575912420325,0.1475695487592381,0.12835820895522387
3801,0.14641864191849813,-0.046814533174209805,0.03008130081300811
3802,0.12826338714766886,-0.21986642084391414,0.013311948676824364
3803,0.15782658614330616,0.3134527642155086,-0.003952569169960479
3804,0.15799680043320763,0.1136618442632984,0.017216411906677387
3805,0.1468312443355452,0.15406991700670047,0.08329092451229853
3806,0.1351605649588543,-0.050647920046465955,-0.07759643916913948
3807,0.12530816415650928,-0.251101049471558,-0.03525789068514243
3808,0.15265409552346054,-0.005095622881265582,-0.003952569169960479
3809,0.12520613703521669,0.06093853271645744,0.08985507246376812
3810,0.1372110913364708,0.11436990526547697,0.16923076923076924
3811,0.1372110913364708,0.11436990526547697,0.16923076923076924
3812,0.1459230663337282,-0.042234841896545694,0.05144747725392884
3813,0.13207154522904269,0.03540503856169769,0.06505016722408025
3814,0.14855566651588642,-0.01396043450401857,0.009432454036770566
3815,0.14187114356387262,-0.269208526107072,0.0036595067621320587
3816,0.14611682759221278,0.17885998701246153,0.09316239316239316
3817,0.1292838621638905,-0.25934010505444044,0.05144747725392884
3818,0.14754015896124137,0.014774363626768261,0.010399999999999993
3819,0.15611211183701296,-0.007369319058613877,-0.023483670295489895
3820,0.14871998105114848,0.004515963688846325,-0.006782334384858063
3821,0.1372110913364708,0.11436990526547697,0.16923076923076924
3822,0.12900415558776204,-0.2530048224033683,0.017216411906677387
3823,0.12504525350232734,-0.2530048224033683,-0.03346183500385505
3824,0.13332426382786255,-0.13119532962613362,0.0909556313993174
3825,0.1258475743503121,0.10203072890725462,0.09982817869415805
3826,0.12090700598899104,0.08175301235446641,0.11679721496953871
3827,0.1447988201983813,-0.06473321746509669,0.07249789739276702
3828,0.13242742574023447,0.025492121142118906,0.056644518272425226
3829,0.14680025916704564,-0.033500334980792135,0.04016393442622951
3830,0.1355434437384402,-0.0939178284326534,-0.03436055469953775
3831,0.1552230494935457,0.2184739556447528,0.021146085552865207
3832,0.13296449340121602,0.06398112906534181,0.03712183156173343
3833,0.15270719218816992,-0.04854526080094956,-0.006782334384858063
3834,0.14041183667278287,0.07811041539710628,0.11109185441941072
3835,0.14997232826336157,0.20252714268273686,0.06188490408673891
3836,0.14960006456422045,-0.1329905773891233,0.059783513738551175
3837,0.15444287489222883,-0.05358352610707201,0.06823134953897736
3838,0.12307649773553922,-0.2303927366333878,-0.056386999244142116
3839,0.1481301219179823,0.009709384340689187,0.015261044176706817
3840,0.15776229587782756,0.025305862382136612,0.025101214574898778
3841,0.1465113832482166,0.036199275311367685,0.029082047116165716
3842,0.1465113832482166,0.036199275311367685,0.029082047116165716
3843,0.12626210686865408,0.0715933606853808,0.12486865148861648
3844,0.14653834079406475,0.03439467673990304,0.028084415584415573
3845,0.14890133191627278,0.17640835700981106,0.05560165975103731
3846,0.1465113832482166,0.036199275311367685,0.029082047116165716
3847,0.1372110913364708,0.11436990526547697,0.16923076923076924
3848,0.1470426757588623,-0.021168456420660897,0.034094616639477965
3849,0.1496067493432983,0.07718977897767376,-0.015191855912294439
3850,0.12389449608280559,0.047639299979884475,0.0953767123287671
3851,0.16045513405725614,0.009637627739081833,-0.040613026819923376
3852,0.14754015896124137,0.014774363626768261,0.010399999999999993
3853,0.13327552765149828,-0.197192955172816,0.036111111111111094
3854,0.13043148356559006,-0.24408394138946404,0.048349834983498347
3855,0.14754015896124137,0.014774363626768261,0.010399999999999993
3856,0.14498956913096606,0.11252224312369719,0.07356902356902356
3857,0.13064491712331966,-0.21765128704983297,0.04424342105263157
3858,0.1416788550949272,0.07219320799697426,0.09648671808054843
3859,0.1465113832482166,0.036199275311367685,0.029082047116165716
3860,0.14875511840702413,-0.02925754571491518,0.002702702702702703
3861,0.14647575959426884,0.16025053822041335,0.09205807002561911
3862,0.1455708460057475,0.01786774507936867,0.10543572044866262
3863,0.1519401809641742,0.07106925167070577,-0.00015860428231562196
3864,0.1465113832482166,0.036199275311367685,0.029082047116165716
3865,0.1547898909264378,-0.019733736191105633,-0.013333333333333336
3866,0.14754015896124137,0.014774363626768261,0.010399999999999993
3867,0.13063342582677687,-0.23565589452812466,0.03208469055374591
3868,0.1535517635804785,-0.013485082883628818,0.020161290322580627
3869,0.1372110913364708,0.11436990526547697,0.16923076923076924
3870,0.1326836100042681,0.12607293084657034,0.049380677126341865
3871,0.1470649274212759,0.17802201281508367,0.08329092451229853
3872,0.1372110913364708,0.11436990526547697,0.16923076923076924
3873,0.12558737673166662,0.08079147389292796,0.06823134953897736
3874,0.15541968427006425,0.02521918473630147,-0.0030063291139240667
3875,0.15118194394889034,0.060401740052623776,0.010399999999999993
3876,0.1459230663337282,-0.042234841896545694,0.05144747725392884
3877,0.14969513192952572,0.07520636750994925,-0.016118935837245718
3878,0.1459230663337282,-0.042234841896545694,0.05144747725392884
3879,0.1480411831467864,-0.16026583836003644,0.0007936507936507908
3880,0.16045513405725614,0.009637627739081833,-0.040613026819923376
3881,0.150485563878597,0.004829935431389543,0.07356902356902356
3882,0.14754015896124137,0.014774363626768261,0.010399999999999993
3883,0.15218772296008312,0.05420850446061354,-0.021651090342679147
3884,0.15472320372993928,0.17263510323655729,0.006539074960127594
3885,0.1312958161205717,0.0938141219765517,0.034094616639477965
3886,0.12472132360252317,0.07703380518127156,0.07464195450716088
3887,0.14680025916704564,-0.033500334980792135,0.04016393442622951
3888,0.14754015896124137,0.014774363626768261,0.010399999999999993
3889,0.1465113832482166,0.036199275311367685,0.029082047116165716
3890,0.1550848632977347,0.0832154282655515,0.010399999999999993
3891,0.12740109666716146,-0.26168777921910524,-0.010534591194968551
3892,0.14159567045545465,0.08507044963416788,0.12486865148861648
3893,0.14754015896124137,0.014774363626768261,0.010399999999999993
3894,0.15045845028833418,0.03144313266070048,-0.03794162826420891
3895,0.1470426757588623,-0.021168456420660897,0.034094616639477965
3896,0.14653834079406475,0.03439467673990304,0.028084415584415573
3897,0.14964595319156768,-0.015967785366331255,0.017216411906677387
3898,0.15782658614330616,0.3134527642155086,-0.003952569169960479
3899,0.15380819948109084,-0.010041859440405365,0.04732069249793899
3900,0.12843901605751484,-0.2720931414916874,0.007501995211492418
3901,0.15782658614330616,0.3134527642155086,-0.003952569169960479
3902,0.15402263818140688,0.11163679763393519,0.025101214574898778
3903,0.14589153174851288,0.15823400262856013,0.09871244635193133
3904,0.1465113832482166,0.036199275311367685,0.029082047116165716
3905,0.1477372593375856,-0.09037189244370569,0.050413223140495844
3906,0.16045513405725614,0.009637627739081833,-0.040613026819923376
3907,0.15782658614330616,0.3134527642155086,-0.003952569169960479
3908,0.1252267211470969,-0.2585953185599022,-0.03704842428900845
3909,0.14498956913096606,0.11252224312369719,0.07356902356902356
3910,0.15541968427006425,0.02521918473630147,-0.0030063291139240667
3911,0.12527538508573663,0.06608782647651457,0.07787162162162159
3912,0.1465113832482166,0.036199275311367685,0.029082047116165716
3913,0.14036655281165628,0.15806719948659553,0.13421516754850088
3914,0.15655645623426587,-0.05492281182135772,-0.02622187742435997
3915,0.1333335864853961,-0.08002691175729626,-0.027131782945736455
3916,0.12701023691941482,-0.2344863038848498,-0.008661417322834652
3917,0.15395711951873936,0.19345649039457813,0.050413223140495844
3918,0.15270719218816992,-0.04854526080094956,-0.006782334384858063
3919,0.1459230663337282,-0.042234841896545694,0.05144747725392884
3920,0.13298058593053141,-0.06932113871968465,0.08220338983050846
3921,0.12487131207279763,0.06136376304955449,0.08111769686706183
3922,0.1295703872337925,-0.2782698643970348,0.01623794212218649
3923,0.12589331911815924,-0.23493433255868493,-0.003952569169960479
3924,0.15908381341603442,0.11011175039062382,-0.032561728395061745
3925,0.13364941690577406,-0.15883618568154012,0.07787162162162159
3926,0.14856342303223244,0.012988443589897702,0.011369095276220959
3927,0.1371139109045923,0.08837344110604273,-0.007722616233254542
3928,0.14213441168450938,0.09978864903417095,0.10543572044866262
3929,0.1372110913364708,0.11436990526547697,0.16923076923076924
3930,0.14041183667278287,0.07811041539710628,0.11109185441941072
3931,0.12863858997072122,-0.2829496608588451,0.029082047116165716
3932,0.14857381456098634,0.014989587100475155,0.012339743589743574
3933,0.15776229587782756,0.025305862382136612,0.025101214574898778
3934,0.16055498292775064,0.3128566912842323,-0.02073265783320344
3935,0.14822592690766936,0.05408284079940284,0.025101214574898778
3936,0.12836934508363834,-0.24821431761286353,0.006539074960127594
3937,0.15541968427006425,0.02521918473630147,-0.0030063291139240667
3938,0.1602801945834775,-0.20545224470003687,-0.048554033485540354
3939,0.1385044064830677,-0.006064749283037685,-0.017968750000000006
3940,0.1460624530377534,-0.04733352610707203,0.06823134953897736
3941,0.12472132360252317,0.07703380518127156,0.07464195450716088
3942,0.14855699672676012,0.10542165140772086,-0.0742559523809524
3943,0.11972035600212032,0.071291473892928,0.12952548330404218
3944,0.12956030377948888,-0.27760404849513176,0.015261044176706817
3945,0.15776229587782756,0.025305862382136612,0.025101214574898778
3946,0.1459230663337282,-0.042234841896545694,0.05144747725392884
3947,0.1459230663337282,-0.042234841896545694,0.05144747725392884
3948,0.1425932052872266,0.021433550395660195,0.1190932868352223
3949,0.13114719010285927,-0.25025691320384624,0.05768911055694098
3950,0.12532679895363433,0.04616503711131881,0.09871244635193133
3951,0.1459230663337282,-0.042234841896545694,0.05144747725392884
3952,0.14680025916704564,-0.033500334980792135,0.04016393442622951
3953,0.13041027904301994,-0.1384127867587011,0.15816876122082585
3954,0.15769128139049263,0.027162441634863477,0.02609400324149108
3955,0.13202340857834574,-0.061253980652526574,-0.02985305491105955
3956,0.1476517803954372,0.003436401429159852,0.0231204527081649
3957,0.1274806471904408,-0.260708526107072,-0.0020585906571654877
3958,0.15737632631486034,-0.04320641640243067,-0.014263322884012553
3959,0.15011501248327708,0.12349625204992454,0.04016393442622951
3960,0.14041183667278287,0.07811041539710628,0.11109185441941072
3961,0.14498956913096606,0.11252224312369719,0.07356902356902356
3962,0.15782658614330616,0.3134527642155086,-0.003952569169960479
3963,0.15568099245131495,0.13951788898726758,0.012339743589743574
3964,0.13081461702082745,-0.19864400997803977,-0.003952569169960479
3965,0.14754015896124137,0.014774363626768261,0.010399999999999993
3966,0.147540621938683,0.016776322377776487,0.011369095276220959
3967,0.12639921731812995,0.1156598949455595,0.05144747725392884
3968,0.15541968427006425,0.02521918473630147,-0.0030063291139240667
3969,0.15418293588033563,0.26669572921207696,0.029082047116165716
3970,0.14600872731592837,-0.04395684825472301,0.045267489711934145
3971,0.15086955332204852,0.20342219284717633,0.053521126760563364
3972,0.1476295666806978,0.0014732920747461686,0.022132471728594505
3973,0.1465113832482166,0.036199275311367685,0.029082047116165716
3974,0.12500436180614555,0.046100462656972874,0.1076923076923077
3975,0.14014985401258076,0.04720792297908982,0.13893805309734514
3976,0.1373564518464651,0.07469244007650289,-0.0415007656967841
3977,0.1268346141811771,0.11335516816044389,0.06188490408673891
3978,0.14540397550226777,0.08709812041860776,0.08003384094754651
3979,0.12946479034698075,-0.28170852610707203,0.02708840227088402
3980,0.14552960533319315,-0.05331869559859742,0.04220032840722496
3981,0.14498956913096606,0.11252224312369719,0.07356902356902356
3982,0.13674735158915868,0.06998186535200268,0.028084415584415573
3983,0.15999403681296165,0.006893006459977813,0.008466453674121382
3984,0.12740109666716146,-0.26168777921910524,-0.010534591194968551
3985,0.15365868620794743,0.1872308678323219,0.011369095276220959
3986,0.16045513405725614,0.009637627739081833,-0.040613026819923376
3987,0.13579659115137158,0.08088545885533405,0.013311948676824364
3988,0.1372110913364708,0.11436990526547697,0.16923076923076924
3989,0.16045513405725614,0.009637627739081833,-0.040613026819923376
3990,0.14671249459450764,0.03837344110604274,0.052483443708609245
3991,0.12893263446366088,-0.23816547974945612,0.049380677126341865
3992,0.147540621938683,0.016776322377776487,0.011369095276220959
3993,0.12564027633505295,-0.25753840162574426,-0.010534591194968551
3994,0.13464696871776605,0.0414464554427435,0.018196457326892096
3995,0.1372110913364708,0.11436990526547697,0.16923076923076924
3996,0.12874565634380034,-0.273114776107072,0.0036595067621320587
3997,0.15599764378959174,0.20519623579768986,-0.03883346124328474
3998,0.14680025916704564,-0.033500334980792135,0.04016393442622951
3999,0.14514561254419786,-0.020176018367133952,0.0714285714285714
4000,0.16045513405725614,0.009637627739081833,-0.040613026819923376
4001,0.13206022497267997,0.032250464429205594,0.06505016722408025
4002,0.15541968427006425,0.02521918473630147,-0.0030063291139240667
4003,0.14754015896124137,0.014774363626768261,0.010399999999999993
4004,0.1264957315181409,-0.2496600679572923,-0.023483670295489895
4005,0.152229819505318,0.09541502601648011,0.006539074960127594
4006,0.15685527227629253,0.08017671979456731,-0.007722616233254542
4007,0.12517657712669844,-0.26740811458443825,-0.008661417322834652
4008,0.14647575959426884,0.16025053822041335,0.09205807002561911
4009,0.14887366907537367,0.09269858851743396,0.0007936507936507908
4010,0.1286501570698729,0.025831156432610525,0.06293823038397328
4011,0.14540397550226777,0.08709812041860776,0.08003384094754651
4012,0.14887366907537367,0.09269858851743396,0.0007936507936507908
4013,0.14599820916710884,-0.011195705594251482,0.059783513738551175
4014,0.14467649988718542,0.0674072295199376,0.05873544093178035
4015,0.13438231737172657,0.10277700443955173,0.05873544093178035
4016,0.14754015896124137,0.014774363626768261,0.010399999999999993
4017,0.13112253547728317,-0.159678823136775,0.050413223140495844
4018,0.15472320372993928,0.17263510323655729,0.006539074960127594
4019,0.14610935100985262,-0.0009708211890392393,0.052483443708609245
4020,0.15217128883945744,0.10579147389292798,0.0191780821917808
4021,0.152098093399326,-0.017859605243762677,0.025101214574898778
4022,0.15235556605097242,0.18367002278882705,0.06505016722408025
4023,0.1372110913364708,0.11436990526547697,0.16923076923076924
4024,0.1372110913364708,0.11436990526547697,0.16923076923076924
4025,0.1328634008775154,-0.012629578738650948,0.05144747725392884
4026,0.1419076415861995,0.14167422321907353,0.12486865148861648
4027,0.14391683405346573,0.05422043564156187,0.1190932868352223
4028,0.1465113832482166,0.036199275311367685,0.029082047116165716
4029,0.1480901599937233,-0.0011100705086164453,0.006539074960127594
4030,0.15021950452243044,0.1220585971805992,0.039148239148239145
4031,0.13098231613000919,-0.19758443851583113,0.021146085552865207
4032,0.13219907417143753,-0.2114255072391475,0.012339743589743574
4033,0.14743039472558417,-0.010214061162422572,0.018196457326892096
4034,0.15863687872903023,0.06105797135485691,-0.05030395136778115
4035,0.13316798645358408,-0.02192591741141986,-0.0415007656967841
4036,0.15840331616354014,0.17862981975758963,0.013311948676824364
4037,0.1547898909264378,-0.019733736191105633,-0.013333333333333336
4038,0.1372110913364708,0.11436990526547697,0.16923076923076924
4039,0.14740619510760133,0.01697568441924374,0.013311948676824364
4040,0.1474225061529671,-0.08279548262881115,-0.02073265783320344
4041,0.13810548394700323,0.13440258500403912,-0.02531055900621118
4042,0.15472320372993928,0.17263510323655729,0.006539074960127594
4043,0.1250861472663362,-0.2638834139994487,-0.027131782945736455
4044,0.14041183667278287,0.07811041539710628,0.11109185441941072
4045,0.15807394423530666,-0.08977304223610427,-0.003952569169960479
4046,0.14633695191113572,-0.06902736668678217,0.0231204527081649
4047,0.12565974912199918,0.07911701906426749,0.06929530201342282
4048,0.13218379132588784,0.0306332460448267,0.06399331662489555
4049,0.14997232826336157,0.20252714268273686,0.06188490408673891
4050,0.1452442351177014,0.09942724412791493,0.13893805309734514
4051,0.15758490998581937,0.08495814055959461,-0.03346183500385505
4052,0.13264702086444025,0.02695160461188223,0.053521126760563364
4053,0.1274035885269355,-0.23395971094119525,-0.03794162826420891
4054,0.14754015896124137,0.014774363626768261,0.010399999999999993
4055,0.14041183667278287,0.07811041539710628,0.11109185441941072
4056,0.1476295666806978,0.0014732920747461686,0.022132471728594505
4057,0.15541968427006425,0.02521918473630147,-0.0030063291139240667
4058,0.1308113395641789,-0.2018065653227583,0.002702702702702703
4059,0.1481182867510754,-0.040041859440405336,-0.00015860428231562196
4060,0.1496716061282911,0.0732060038074579,-0.01704456606724003
4061,0.14498956913096606,0.11252224312369719,0.07356902356902356
4062,0.1465113832482166,0.036199275311367685,0.029082047116165716
4063,0.1372110913364708,0.11436990526547697,0.16923076923076924
4064,0.14754015896124137,0.014774363626768261,0.010399999999999993
4065,0.1459230663337282,-0.042234841896545694,0.05144747725392884
4066,0.14754015896124137,0.014774363626768261,0.010399999999999993
4067,0.15424386577030072,0.19212090533105508,0.04629324546952224
4068,0.14348506208124281,0.07559916620062024,0.07356902356902356
4069,0.15999403681296165,0.006893006459977813,0.008466453674121382
4070,0.14873917575261086,0.0012746671702388856,-0.013333333333333336
4071,0.14909474740197887,-0.014941457833979654,-0.0030063291139240667
4072,0.1543213978655578,-0.14761761701616294,0.022132471728594505
4073,0.1465113832482166,0.036199275311367685,0.029082047116165716
4074,0.1459230663337282,-0.042234841896545694,0.05144747725392884
4075,0.13539953060981585,-0.08251497771997524,0.05768911055694098
4076,0.13840118043144578,0.10113209085950892,0.14608540925266905
4077,0.154774409882752,0.2715523434581454,0.0231204527081649
4078,0.12909244977042875,-0.21399007950513027,0.056644518272425226
4079,0.1459230663337282,-0.042234841896545694,0.05144747725392884
4080,0.15533639646944875,0.052797177314981236,0.010399999999999993
4081,0.15218772296008312,0.05420850446061354,-0.021651090342679147
4082,0.13806729021219064,0.021024267415195197,-0.004897314375987366
4083,0.15115221038293686,0.12830588311483004,0.09759862778730705
4084,0.15782658614330616,0.3134527642155086,-0.003952569169960479
4085,0.1547898909264378,-0.019733736191105633,-0.013333333333333336
4086,0.143832016532088,-0.00852925439838853,0.10882352941176471
4087,0.154419508594289,0.23532045940017432,0.0231204527081649
4088,0.14677473955327555,-0.1896277807654571,-0.08091715976331362
4089,0.16045513405725614,0.009637627739081833,-0.040613026819923376
4090,0.14754015896124137,0.014774363626768261,0.010399999999999993
4091,0.13763914496764415,0.1395877701892243,0.017216411906677387
4092,0.12409198997755502,0.05512579341955515,0.08765957446808509
4093,0.1459230663337282,-0.042234841896545694,0.05144747725392884
4094,0.14157575912420325,0.1475695487592381,0.12835820895522387
4095,0.13013371365174686,-0.09027016994268844,0.039148239148239145
4096,0.1480901599937233,-0.0011100705086164453,0.006539074960127594
4097,0.13079690137446295,-0.20587240570573423,0.04629324546952224
4098,0.15211824269054308,0.052220045321499375,-0.02622187742435997
4099,0.12886589607433765,-0.25173958200769314,0.07036104114189756
4100,0.13420225880079248,-0.10822367762222351,-0.04942965779467681
4101,0.13140139861713618,-0.0916895147002279,0.010399999999999993
4102,0.13103429464840569,-0.029146688651241648,0.03008130081300811
4103,0.15769128139049263,0.027162441634863477,0.02609400324149108
4104,0.14353031419400003,0.13218036278181688,0.11222896790980053
4105,0.1372110913364708,0.11436990526547697,0.16923076923076924
4106,0.1476517803954372,0.003436401429159852,0.0231204527081649
4107,0.14847218988272112,0.05826153377316745,0.08329092451229853
4108,0.14754015896124137,0.014774363626768261,0.010399999999999993
4109,0.1226650470928903,0.0866440750489973,0.09648671808054843
4110,0.1459230663337282,-0.042234841896545694,0.05144747725392884
4111,0.15769128139049263,0.027162441634863477,0.02609400324149108
4112,0.1514646475367227,-0.07009142573532479,0.01623794212218649
4113,0.16004489534864197,0.004829935431389543,0.007501995211492418
4114,0.14647575959426884,0.16025053822041335,0.09205807002561911
4115,0.13264702086444025,0.02695160461188223,0.053521126760563364
4116,0.14680025916704564,-0.033500334980792135,0.04016393442622951
4117,0.13986678660892723,-0.07141440846001318,0.08985507246376812
4118,0.14041183667278287,0.07811041539710628,0.11109185441941072
4119,0.1465113832482166,0.036199275311367685,0.029082047116165716
4120,0.147066152380588,0.0669507798866188,0.06505016722408025
4121,0.14671249459450764,0.03837344110604274,0.052483443708609245
4122,0.15097777041705718,0.25119525396165654,0.0381342062193126
4123,0.1226650470928903,0.0866440750489973,0.09648671808054843
4124,0.15782658614330616,0.3134527642155086,-0.003952569169960479
4125,0.16004489534864197,0.004829935431389543,0.007501995211492418
4126,0.15945914059350902,0.29535758959540737,-0.009598741148701823
4127,0.124715374141256,0.07216685383213772,0.07787162162162159
4128,0.1465113832482166,0.036199275311367685,0.029082047116165716
4129,0.1254279794005099,0.07579921383100852,0.0714285714285714
4130,0.15745706643186114,-0.041483612612262355,0.036111111111111094
4131,0.15111020269465966,0.04329147389292798,-0.02985305491105955
4132,0.1475290946016549,-0.017262159325065085,0.036111111111111094
4133,0.15735507240433202,0.05170898231043641,0.04424342105263157
4134,0.1465113832482166,0.036199275311367685,0.029082047116165716
4135,0.13615224792666017,0.03226206212822208,0.0191780821917808
4136,0.12651498361472352,0.04205077910384608,0.16306306306306306
4137,0.15218772296008312,0.05420850446061354,-0.021651090342679147
4138,0.15290658272814123,-0.005489013911950058,-0.005840568271507501
4139,0.1465113832482166,0.036199275311367685,0.029082047116165716
4140,0.16045513405725614,0.009637627739081833,-0.040613026819923376
4141,0.13103352649085098,-0.2615030466550172,0.039148239148239145
4142,0.12532679895363433,0.04616503711131881,0.09871244635193133
4143,0.1351438274231501,0.04866781797894948,0.02609400324149108
4144,0.13480214430799886,-0.1257994351979811,0.022132471728594505
4145,0.15138608222226643,0.18780974631817715,0.048349834983498347
4146,0.14498956913096606,0.11252224312369719,0.07356902356902356
4147,0.15617341431860365,0.10995814055959463,-0.011468970934799705
4148,0.15283154915600508,0.10499360155250248,-0.016118935837245718
4149,0.1274912364248972,0.027162441634863477,0.0909556313993174
4150,0.15769128139049263,0.027162441634863477,0.02609400324149108
4151,0.15769128139049263,0.027162441634863477,0.02609400324149108
4152,0.14754015896124137,0.014774363626768261,0.010399999999999993
4153,0.15148557938049265,0.05329147389292799,0.04732069249793899
4154,0.1395919050248137,0.09020836397335696,0.12719298245614036
4155,0.15999403681296165,0.006893006459977813,0.008466453674121382
4156,0.14653834079406475,0.03439467673990304,0.028084415584415573
4157,0.1288554599833379,0.047964371089189606,0.06929530201342282
4158,0.15006032391949153,0.12578305638451048,0.04424342105263157
4159,0.1465113832482166,0.036199275311367685,0.029082047116165716
4160,0.1465113832482166,0.036199275311367685,0.029082047116165716
4161,0.14719296357112416,0.003921395152770513,0.0017474185861794944
4162,0.1523179573481514,0.011910720754852666,-0.012401883830455263
4163,0.1372110913364708,0.11436990526547697,0.16923076923076924
4164,0.13068240377851248,-0.2340364613297441,-0.004897314375987366
4165,0.1365949343924585,-0.13595380912593996,-0.03704842428900845
4166,0.1459230663337282,-0.042234841896545694,0.05144747725392884
4167,0.16045513405725614,0.009637627739081833,-0.040613026819923376
4168,0.14041183667278287,0.07811041539710628,0.11109185441941072
4169,0.13112583315081278,-0.2024712379714788,0.10543572044866262
4170,0.14764534190245382,0.015818946420400493,0.11679721496953871
4171,0.14518273069954388,0.025831156432610525,0.06293823038397328
4172,0.14653834079406475,0.03439467673990304,0.028084415584415573
4173,0.13496128870118734,0.19202565110811787,0.06399331662489555
4174,0.128982799604518,-0.28221188181177004,0.045267489711934145
4175,0.14653834079406475,0.03439467673990304,0.028084415584415573
4176,0.13249035108955398,0.0253761644466739,0.05456053067993366
4177,0.1464698838108235,-0.062386759545557835,0.06505016722408025
4178,0.12806477554491866,0.016379292589811856,0.10431034482758622
4179,0.12740109666716146,-0.26168777921910524,-0.010534591194968551
4180,0.1523098055099085,-0.03630036284176591,-0.006782334384858063
4181,0.15255653940768873,0.020469897129442527,-0.010534591194968551
4182,0.13342258379373365,0.04329147389292798,0.041181296144380625
4183,0.15848662414417178,0.20268012018113757,-0.021651090342679147
4184,0.15059533241551631,0.20562913623059031,0.05560165975103731
4185,0.14754015896124137,0.014774363626768261,0.010399999999999993
4186,0.1286858259390942,0.11961546143186874,0.06929530201342282
4187,0.1444702440590422,-0.2378030534702561,-0.04679878048780489
4188,0.16045513405725614,0.009637627739081833,-0.040613026819923376
4189,0.1465113832482166,0.036199275311367685,0.029082047116165716
4190,0.15782658614330616,0.3134527642155086,-0.003952569169960479
4191,0.147629239932889,-0.0005041465450282279,0.021146085552865207
4192,0.14041183667278287,0.07811041539710628,0.11109185441941072
4193,0.1547898909264378,-0.019733736191105633,-0.013333333333333336
4194,0.15118484301970023,0.25509702944848356,0.03510204081632651
4195,0.1331316984081102,-0.13068971732964257,0.06716917922948074
4196,0.1459230663337282,-0.042234841896545694,0.05144747725392884
4197,0.15541968427006425,0.02521918473630147,-0.0030063291139240667
4198,0.16012009889428044,0.1586760892775434,-0.02894736842105264
4199,0.147540621938683,0.016776322377776487,0.011369095276220959
4200,0.13538216714935628,0.05416103911031933,0.0231204527081649
4201,0.12775976015026455,0.033156338757792836,0.04322103533278554
4202,0.14680025916704564,-0.033500334980792135,0.04016393442622951
4203,0.13048636494254495,-0.2292941958890035,0.06929530201342282
4204,0.15418293588033563,0.26669572921207696,0.029082047116165716
4205,0.1327043607537256,-0.0009708211890392393,0.052483443708609245
4206,0.14727080254448346,-0.10634356260342237,0.021146085552865207
4207,0.15782658614330616,0.3134527642155086,-0.003952569169960479
4208,0.14516281079279367,0.10658261313343431,0.06399331662489555
4209,0.1372110913364708,0.11436990526547697,0.16923076923076924
4210,0.13096639094133966,-0.21498667180243625,0.049380677126341865
4211,0.12411861008507384,0.03481689762174156,0.10543572044866262
4212,0.14754015896124137,0.014774363626768261,0.010399999999999993
4213,0.1491970602432508,0.10722590012243616,0.052483443708609245
4214,0.14847218988272112,0.05826153377316745,0.08329092451229853
4215,0.1372110913364708,0.11436990526547697,0.16923076923076924
4216,0.14041183667278287,0.07811041539710628,0.11109185441941072
4217,0.1372110913364708,0.11436990526547697,0.16923076923076924
4218,0.13196956955069883,-0.20292064731919324,0.011369095276220959
4219,0.12881642303946195,-0.24411010091022162,0.0017474185861794944
4220,0.1465113832482166,0.036199275311367685,0.029082047116165716
4221,0.14685063029575257,-0.041167985566531506,0.04322103533278554
4222,0.1309704330218837,-0.04698630388484981,0.03510204081632651
4223,0.1576085223948776,0.0830404278678234,-0.012401883830455263
4224,0.15011501248327708,0.12349625204992454,0.04016393442622951
4225,0.12130489563387462,0.07532490007677195,0.11109185441941072
4226,0.14479222698536703,0.16972825550212334,0.09871244635193133
4227,0.15541968427006425,0.02521918473630147,-0.0030063291139240667
4228,0.1292778241249363,-0.27114151579779366,0.0381342062193126
4229,0.14887366907537367,0.09269858851743396,0.0007936507936507908
4230,0.13362617536353355,-0.14242281182135774,0.06293823038397328
4231,0.1465113832482166,0.036199275311367685,0.029082047116165716
4232,0.14816992344279573,-0.07657153980570214,0.039148239148239145
4233,0.1465113832482166,0.036199275311367685,0.029082047116165716
4234,0.15463382148458807,0.16414455446164833,-0.03794162826420891
4235,0.12695130289301687,0.018901229990488932,0.171713508612874
4236,0.1497995209070141,0.07887199823749724,0.014285714285714263
4237,0.13154483386910606,0.024772955374409433,0.07249789739276702
4238,0.15414156829351905,0.16503060432771055,-0.02073265783320344
4239,0.1372110913364708,0.11436990526547697,0.16923076923076924
4240,0.147811412101125,-0.07445596638010954,0.04016393442622951
4241,0.1358813739533904,0.0674550426661622,0.01623794212218649
4242,0.12836369626398067,0.04022398923035131,0.07464195450716088
4243,0.12389170839834741,0.023184235287029842,0.12719298245614036
4244,0.15772829968833557,0.3143758112423256,-0.0030063291139240667
4245,0.14743473185593717,0.01876317200613553,0.012339743589743574
4246,0.14671684697580648,-0.029589882039275428,0.04220032840722496
4247,0.14455294800616258,0.026844105471875324,0.05144747725392884
4248,0.15059533241551631,0.20562913623059031,0.05560165975103731
4249,0.14728010779036455,-0.015427387317036412,0.028084415584415573
4250,0.13154783423977404,0.024772955374409433,0.07249789739276702
4251,0.1324848430638902,-0.10133662528062576,0.11565217391304344
4252,0.14754015896124137,0.014774363626768261,0.010399999999999993
4253,0.14969513192952572,0.07520636750994925,-0.016118935837245718
4254,0.11864504498218306,0.04582954495891778,0.1521000893655049
4255,0.14653834079406475,0.03439467673990304,0.028084415584415573
4256,0.1489984370764784,0.027787597923935703,0.005577689243027872
4257,0.1481301219179823,0.009709384340689187,0.015261044176706817
4258,0.15945914059350902,0.29535758959540737,-0.009598741148701823
4259,0.14540397550226777,0.08709812041860776,0.08003384094754651
4260,0.14183330249958745,0.03714896775042181,0.1679927667269439
4261,0.1372110913364708,0.11436990526547697,0.16923076923076924
4262,0.1515117059221467,0.03706740750288651,-0.010534591194968551
4263,0.14041183667278287,0.07811041539710628,0.11109185441941072
4264,0.14353031419400003,0.13218036278181688,0.11222896790980053
4265,0.1465934050252914,-0.047617617016162905,0.05560165975103731
4266,0.15615123507002926,0.2099581405595946,-0.030757341576506975
4267,0.12053864413110198,0.05624484176857569,0.14250221827861576
4268,0.12532679895363433,0.04616503711131881,0.09871244635193133
4269,0.14754015896124137,0.014774363626768261,0.010399999999999993
4270,0.12921911641056152,-0.2160305600053771,0.04220032840722496
4271,0.15703320807330853,0.04089912939532031,-0.03972392638036812
4272,0.14997232826336157,0.20252714268273686,0.06188490408673891
4273,0.12864464882796522,-0.2721847165832625,-0.07509293680297399
4274,0.12870138095238443,0.12692136713136215,0.028084415584415573
4275,0.13620177907956701,0.011216002194814778,0.012339743589743574
4276,0.1465113832482166,0.036199275311367685,0.029082047116165716
4277,0.1312608274833425,-0.13882773140508525,0.049380677126341865
4278,0.1574297995606103,-0.028638350668475532,0.03208469055374591
4279,0.15490424007269857,0.21111154309708025,0.036111111111111094
4280,0.1465113832482166,0.036199275311367685,0.029082047116165716
4281,0.12579978772880723,0.04040130048252333,0.09648671808054843
4282,0.12563604596103728,-0.24472695928679553,-0.032561728395061745
4283,0.14514561254419786,-0.020176018367133952,0.0714285714285714
4284,0.14348506208124281,0.07559916620062024,0.07356902356902356
4285,0.1465113832482166,0.036199275311367685,0.029082047116165716
4286,0.13172382963342613,0.027763523582369,0.07036104114189756
4287,0.12565974912199918,0.07911701906426749,0.06929530201342282
4288,0.147066152380588,0.0669507798866188,0.06505016722408025
4289,0.1547898909264378,-0.019733736191105633,-0.013333333333333336
4290,0.14754015896124137,0.014774363626768261,0.010399999999999993
4291,0.14647575959426884,0.16025053822041335,0.09205807002561911
4292,0.13677781099403957,0.06667677456107945,0.22199248120300752
4293,0.1498343251056008,0.12995814055959465,0.04732069249793899
4294,0.14041183667278287,0.07811041539710628,0.11109185441941072
4295,0.13330106066094236,0.0416079722094263,0.04424342105263157
4296,0.1525536415397964,-0.0461394204160151,-0.005840568271507501
4297,0.1462182357339552,0.010682778240754087,0.0231204527081649
4298,0.13356712413230495,-0.13735368739739462,0.05768911055694098
4299,0.14754015896124137,0.014774363626768261,0.010399999999999993
4300,0.14852246954335638,0.01697568441924374,0.013311948676824364
4301,0.14959158387122817,0.07095104836101307,-0.016118935837245718
4302,0.14599820916710884,-0.011195705594251482,0.059783513738551175
4303,0.13354547702289993,-0.10376734963648376,0.053521126760563364
4304,0.14803227851300557,0.14209386910250876,0.08329092451229853
4305,0.13011286661632243,-0.2658688314505835,0.009432454036770566
4306,0.15037192931865315,0.13434578699196953,0.060833333333333295
4307,0.16204687650501778,0.3387460193474734,-0.02985305491105955
4308,0.1465113832482166,0.036199275311367685,0.029082047116165716
4309,0.14157575912420325,0.1475695487592381,0.12835820895522387
4310,0.13041112110199046,-0.2276762680425559,0.05768911055694098
4311,0.1329074247420867,-0.10731093574562622,0.08111769686706183
4312,0.14754015896124137,0.014774363626768261,0.010399999999999993
4313,0.14041183667278287,0.07811041539710628,0.11109185441941072
4314,0.14866281149423582,0.04329147389292798,0.07895181741335588
4315,0.12740109666716146,-0.26168777921910524,-0.010534591194968551
4316,0.1530322748975769,0.04549411706473416,-0.023483670295489895
4317,0.1459230663337282,-0.042234841896545694,0.05144747725392884
4318,0.1266233115539062,-0.006870338404806664,0.056644518272425226
4319,0.15618851326184074,0.16212555461041678,-0.027131782945736455
4320,0.1329890516890853,-0.08574078417158815,-0.003952569169960479
4321,0.14830531881989958,0.050537850704522214,0.0231204527081649
4322,0.15134899617472913,-0.019399657605542964,0.075716694772344
4323,0.1481301219179823,0.009709384340689187,0.015261044176706817
4324,0.143832016532088,-0.00852925439838853,0.10882352941176471
4325,0.13385103140261292,-0.17014136192796753,0.08438030560271648
4326,0.1372110913364708,0.11436990526547697,0.16923076923076924
4327,0.13041087950378386,-0.23135641343101568,0.03108218063466231
4328,0.1503729238404841,-0.00688153648769485,0.036111111111111094
4329,0.1465113832482166,0.036199275311367685,0.029082047116165716
4330,0.13108043551624662,-0.18676987580032356,0.07464195450716088
4331,0.14487707252831183,0.04329147389292798,0.06399331662489555
4332,0.1372110913364708,0.11436990526547697,0.16923076923076924
4333,0.15773187686774381,-0.034294733003623734,-0.018891491022638568
4334,0.1559684329072905,0.01985397389292798,0.0036595067621320587
4335,0.1465113832482166,0.036199275311367685,0.029082047116165716
4336,0.14075665155485953,0.09268906425437373,0.177959927140255
4337,0.1332597255321862,-0.026086516537694004,-0.03972392638036812
4338,0.14680025916704564,-0.033500334980792135,0.04016393442622951
4339,0.12840978587014326,0.0866440750489973,0.09648671808054843
4340,0.1372110913364708,0.11436990526547697,0.16923076923076924
4341,0.12530816415650928,-0.251101049471558,-0.03525789068514243
4342,0.12458885559692559,0.05216721353789844,0.08765957446808509
4343,0.14754015896124137,0.014774363626768261,0.010399999999999993
4344,0.1532769462841012,0.06561290246435658,-0.02622187742435997
4345,0.15332087024069674,0.05886240814898336,0.036111111111111094
4346,0.14695336882745777,0.053426609028063066,0.04322103533278554
4347,0.1461015121506291,0.0005283159981911423,0.05144747725392884
4348,0.12730295400122488,-0.19517006456861047,0.007501995211492418
4349,0.1476920048112618,0.03964183885643163,0.021146085552865207
4350,0.1504067652050855,0.0150656674413151,-0.003952569169960479
4351,0.12442313990163918,0.07526821807897444,0.09426860564585116
4352,0.1500942859043767,-0.05066825765069616,0.045267489711934145
4353,0.15541968427006425,0.02521918473630147,-0.0030063291139240667
4354,0.15541968427006425,0.02521918473630147,-0.0030063291139240667
4355,0.1390942223813745,0.09912903734470457,0.1521000893655049
4356,0.14280665751137078,0.14329147389292796,0.11794425087108013
4357,0.1535517635804785,-0.013485082883628818,0.020161290322580627
4358,0.14690586171795694,-0.008432664038106497,0.06716917922948074
4359,0.15541968427006425,0.02521918473630147,-0.0030063291139240667
4360,0.12538867892272995,0.07444874392260159,0.08656462585034014
4361,0.14041183667278287,0.07811041539710628,0.11109185441941072
4362,0.1411288218811622,0.019975411716762148,0.14250221827861576
4363,0.1496716061282911,0.0732060038074579,-0.01704456606724003
4364,0.1372110913364708,0.11436990526547697,0.16923076923076924
4365,0.12982616282956888,-0.18398125337979931,0.06716917922948074
4366,0.13183504819478467,0.09767743880520863,0.03208469055374591
4367,0.15059533241551631,0.20562913623059031,0.05560165975103731
4368,0.14041183667278287,0.07811041539710628,0.11109185441941072
4369,0.12546128422309138,-0.3157393631114773,-0.023483670295489895
4370,0.1465113832482166,0.036199275311367685,0.029082047116165716
4371,0.14754015896124137,0.014774363626768261,0.010399999999999993
4372,0.15533639646944875,0.052797177314981236,0.010399999999999993
4373,0.14909474740197887,-0.014941457833979654,-0.0030063291139240667
4374,0.14754015896124137,0.014774363626768261,0.010399999999999993
4375,0.14589153174851288,0.15823400262856013,0.09871244635193133
4376,0.13408137613866097,-0.14349013530247434,0.09871244635193133
4377,0.15745706643186114,-0.041483612612262355,0.036111111111111094
4378,0.14157575912420325,0.1475695487592381,0.12835820895522387
4379,0.14573402618964487,-0.047312552952709586,0.045267489711934145
4380,0.12530816415650928,-0.251101049471558,-0.03525789068514243
4381,0.13585788501258234,0.07138136153337737,0.014285714285714263
4382,0.13053584474738128,-0.2193198020714637,0.08656462585034014
4383,0.1575861849928857,0.30823171293675267,-0.0011093502377179099
4384,0.1478891216128573,-0.15503254845344072,-0.06581709145427286
4385,0.14680025916704564,-0.033500334980792135,0.04016393442622951
4386,0.12977784227662248,0.13204887034263213,0.08765957446808509
4387,0.14754015896124137,0.014774363626768261,0.010399999999999993
4388,0.13164821170168206,0.0516526779063059,0.04629324546952224
4389,0.12655293738714865,-0.24470852610707203,-0.0020585906571654877
4390,0.12816672711837565,-0.06932113871968465,0.08220338983050846
4391,0.1333335864853961,-0.08002691175729626,-0.027131782945736455
4392,0.14754015896124137,0.014774363626768261,0.010399999999999993
4393,0.14763817579647542,-0.1540769471597036,-0.02256809338521401
4394,0.1372110913364708,0.11436990526547697,0.16923076923076924
4395,0.1535517635804785,-0.013485082883628818,0.020161290322580627
4396,0.14157575912420325,0.1475695487592381,0.12835820895522387
4397,0.14459674038182635,-0.23270852610707202,-0.0020585906571654877
4398,0.14514561254419786,-0.020176018367133952,0.0714285714285714
4399,0.1440944289611479,0.1421286831952535,-0.07173750932140194
4400,0.1372110913364708,0.11436990526547697,0.16923076923076924
4401,0.15360453240803162,0.019887218573779064,-0.016118935837245718
4402,0.14754015896124137,0.014774363626768261,0.010399999999999993
4403,0.1274035885269355,-0.23395971094119525,-0.03794162826420891
4404,0.1314736181819212,0.02181908125489118,0.07464195450716088
4405,0.12842749725912792,-0.224224449673951,0.06188490408673891
4406,0.1331046560338681,-0.13095095034949628,0.011369095276220959
4407,0.1456731055441732,0.10128520430045151,0.06716917922948074
4408,0.1356133538865849,0.015122459808420918,0.03108218063466231
4409,0.1465113832482166,0.036199275311367685,0.029082047116165716
4410,0.1506391289877311,0.1377931921059864,0.0381342062193126
4411,0.1319656855170393,-0.21004185944040535,0.04732069249793899
4412,0.1296448915022143,-0.2789307483292942,0.017216411906677387
4413,0.1372110913364708,0.11436990526547697,0.16923076923076924
4414,0.13249035108955398,0.0253761644466739,0.05456053067993366
4415,0.13170232347724392,-0.1722510481012069,0.0909556313993174
4416,0.1496716061282911,0.0732060038074579,-0.01704456606724003
4417,0.1544924522420092,0.2735073012310575,0.025101214574898778
4418,0.14711799437789239,0.022883310627621833,0.041181296144380625
4419,0.1311961687417214,-0.033769458006713604,0.02609400324149108
4420,0.14479222698536703,0.16972825550212334,0.09871244635193133
4421,0.15392398354581946,-0.0661759817283738,0.08765957446808509
4422,0.1475947608351295,-0.027155261502261052,0.0381342062193126
4423,0.1457040878161712,-0.0695134041558525,0.07679324894514766
4424,0.1308297186651457,-0.21509778785203845,0.045267489711934145
4425,0.13322776984881768,-0.15573765232066428,0.056644518272425226
4426,0.12606499026414078,0.02025624354062444,0.12255244755244754
4427,0.14754015896124137,0.014774363626768261,0.010399999999999993
4428,0.14877420989842313,-0.04097818902842032,0.014285714285714263
4429,0.12565974912199918,0.07911701906426749,0.06929530201342282
4430,0.12863858997072122,-0.2829496608588451,0.029082047116165716
4431,0.15518641288725993,-0.051946621345167254,-0.03883346124328474
4432,0.1390942223813745,0.09912903734470457,0.1521000893655049
4433,0.12752266512007449,0.12748391375547097,0.0381342062193126
4434,0.1465113832482166,0.036199275311367685,0.029082047116165716
4435,0.14601729544258446,-0.04593411533266123,0.04424342105263157
4436,0.13328087581688644,-0.13539705069723595,0.052483443708609245
4437,0.14157575912420325,0.1475695487592381,0.12835820895522387
4438,0.15684638227184522,-0.05139291148913183,0.048349834983498347
4439,0.14103800759073545,0.13841342511244015,-0.04327217125382263
4440,0.15430268742851252,0.2692701215797607,0.028084415584415573
4441,0.12966016953148468,-0.050647920046465955,0.07895181741335588
4442,0.1390942223813745,0.09912903734470457,0.1521000893655049
4443,0.14804737639126733,0.1393179639591532,0.049380677126341865
4444,0.14754015896124137,0.014774363626768261,0.010399999999999993
4445,0.14680025916704564,-0.033500334980792135,0.04016393442622951
4446,0.14041183667278287,0.07811041539710628,0.11109185441941072
4447,0.1372110913364708,0.11436990526547697,0.16923076923076924
4448,0.16052021442413011,0.15294059669994553,-0.02256809338521401
4449,0.13229399327837593,-0.0622131132630353,-0.03166023166023166
4450,0.14041183667278287,0.07811041539710628,0.11109185441941072
4451,0.15416239790300432,0.1697065682325506,0.012339743589743574
4452,0.1307356647825545,0.045009686951347216,0.0381342062193126
4453,0.14754015896124137,0.014774363626768261,0.010399999999999993
4454,0.15360453240803162,0.019887218573779064,-0.016118935837245718
4455,0.14827215952952044,0.13526471804008522,0.04629324546952224
4456,0.14041183667278287,0.07811041539710628,0.11109185441941072
4457,0.13210444436592955,-0.19517006456861047,0.007501995211492418
4458,0.1602801945834775,-0.20545224470003687,-0.048554033485540354
4459,0.1589991283731112,0.183291473892928,-0.02531055900621118
4460,0.1459392556989859,-0.044167271981659484,0.050413223140495844
4461,0.12532679895363433,0.04616503711131881,0.09871244635193133
4462,0.1515498936371022,-0.03246610186464777,0.011369095276220959
4463,0.12893917240989886,0.1363514108014453,0.06505016722408025
4464,0.14540397550226777,0.08709812041860776,0.08003384094754651
4465,0.13517819572902606,0.15420056480201894,0.022132471728594505
4466,0.14819474384297282,0.16829147389292798,0.04322103533278554
4467,0.16045513405725614,0.009637627739081833,-0.040613026819923376
4468,0.14041183667278287,0.07811041539710628,0.11109185441941072
4469,0.14680025916704564,-0.033500334980792135,0.04016393442622951
4470,0.14653834079406475,0.03439467673990304,0.028084415584415573
4471,0.1483320276294406,0.11373820928811695,0.0381342062193126
4472,0.16254437926347362,0.3470297916499373,-0.03525789068514243
4473,0.14647575959426884,0.16025053822041335,0.09205807002561911
4474,0.14887366907537367,0.09269858851743396,0.0007936507936507908
4475,0.14832907492150282,-0.011396026107072021,0.0036595067621320587
4476,0.12822239532576665,-0.012921543858551321,0.08765957446808509
4477,0.13420225880079248,-0.10822367762222351,-0.04942965779467681
4478,0.12563604596103728,-0.24472695928679553,-0.032561728395061745
4479,0.1212247378731835,0.07805083218169806,0.12835820895522387
4480,0.1355302280946682,0.06551369611515023,0.017216411906677387
4481,0.14573402618964487,-0.047312552952709586,0.045267489711934145
4482,0.1481301219179823,0.009709384340689187,0.015261044176706817
4483,0.14474039008283626,0.05452742894910778,0.1076923076923077
4484,0.15246385929353165,0.10084543072746033,0.025101214574898778
4485,0.1468062209443417,-0.031538458079861165,0.041181296144380625
4486,0.14647575959426884,0.16025053822041335,0.09205807002561911
4487,0.1515117059221467,0.03706740750288651,-0.010534591194968551
4488,0.1366551446183615,-0.02724144146757357,0.06716917922948074
4489,0.15541968427006425,0.02521918473630147,-0.0030063291139240667
4490,0.14695336882745777,0.053426609028063066,0.04322103533278554
4491,0.13876905724213456,0.18442050615099248,-0.003952569169960479
4492,0.1465113832482166,0.036199275311367685,0.029082047116165716
4493,0.11958493787243193,0.05504082115141362,0.13893805309734514
4494,0.1390942223813745,0.09912903734470457,0.1521000893655049
4495,0.16045513405725614,0.009637627739081833,-0.040613026819923376
4496,0.1476517803954372,0.003436401429159852,0.0231204527081649
4497,0.13288155471564808,-0.1738802432787892,0.04424342105263157
4498,0.14157575912420325,0.1475695487592381,0.12835820895522387
4499,0.14633450296432207,0.020710828731637654,0.05768911055694098
4500,0.12690418892240127,-0.22961689264093657,-0.0011093502377179099
4501,0.1465113832482166,0.036199275311367685,0.029082047116165716
4502,0.14754015896124137,0.014774363626768261,0.010399999999999993
4503,0.16514018435412522,-0.059723601483956446,-0.048554033485540354
4504,0.13696871569475805,0.20549883175245975,0.04629324546952224
4505,0.14754015896124137,0.014774363626768261,0.010399999999999993
4506,0.14754015896124137,0.014774363626768261,0.010399999999999993
4507,0.12563604596103728,-0.24472695928679553,-0.032561728395061745
4508,0.14517130224874727,-0.02192591741141986,0.07036104114189756
4509,0.15373649603017095,0.06601874662020069,-0.02985305491105955
4510,0.14041183667278287,0.07811041539710628,0.11109185441941072
4511,0.1470426757588623,-0.021168456420660897,0.034094616639477965
4512,0.15769128139049263,0.027162441634863477,0.02609400324149108
4513,0.1546494677276886,0.2725333511492457,0.024110032362459538
4514,0.14653834079406475,0.03439467673990304,0.028084415584415573
4515,0.15136442599800728,0.039159242487969315,-0.009598741148701823
4516,0.1333335864853961,-0.08002691175729626,-0.027131782945736455
4517,0.15772829968833557,0.3143758112423256,-0.0030063291139240667
4518,0.13452284032535447,-0.19744926684781278,0.07249789739276702
4519,0.12977432756919116,-0.061780989875187986,0.0231204527081649
4520,0.1372110913364708,0.11436990526547697,0.16923076923076924
4521,0.14157575912420325,0.1475695487592381,0.12835820895522387
4522,0.14540397550226777,0.08709812041860776,0.08003384094754651
4523,0.1544924522420092,0.2735073012310575,0.025101214574898778
4524,0.1472994567466918,-0.15031121970976563,0.04424342105263157
4525,0.14653834079406475,0.03439467673990304,0.028084415584415573
4526,0.13437899394708816,0.03439467673990304,0.028084415584415573
4527,0.15318922638424198,-0.035875192773738684,-0.011468970934799705
4528,0.11864504498218306,0.04582954495891778,0.1521000893655049
4529,0.1459230663337282,-0.042234841896545694,0.05144747725392884
4530,0.14041183667278287,0.07811041539710628,0.11109185441941072
4531,0.15541968427006425,0.02521918473630147,-0.0030063291139240667
4532,0.13245644162028017,0.03530425344564364,0.060833333333333295
4533,0.1465113832482166,0.036199275311367685,0.029082047116165716
4534,0.14907091393572916,0.0021522333865988674,0.06399331662489555
4535,0.12170134903447273,0.0861486167500708,0.10094582975064487
4536,0.131042587814088,-0.25740782680637275,0.0330888345558272
4537,0.1364361567277493,0.10407578761841818,0.002702702702702703
4538,0.16719311840883022,0.28109635194170846,-0.07842846553002225
4539,0.1602801945834775,-0.20545224470003687,-0.048554033485540354
4540,0.14608330091960986,0.0008078137622090087,0.053521126760563364
4541,0.1291939910249118,-0.27557645063537395,0.012339743589743574
4542,0.1531818797750128,0.10739403799549208,0.020161290322580627
4543,0.15141486357601566,-0.03246610186464777,0.011369095276220959
4544,0.15858692183260784,0.2011862107350333,-0.02256809338521401
4545,0.1535517635804785,-0.013485082883628818,0.020161290322580627
4546,0.15136409052406302,-0.17948080333479477,-0.045919145690312746
4547,0.1465113832482166,0.036199275311367685,0.029082047116165716
4548,0.1289946510755741,0.12858559153998683,0.08985507246376812
4549,0.1372110913364708,0.11436990526547697,0.16923076923076924
4550,0.14754015896124137,0.014774363626768261,0.010399999999999993
4551,0.14348506208124281,0.07559916620062024,0.07356902356902356
4552,0.13041323009756248,-0.2174928398325622,0.002702702702702703
4553,0.15558946207946056,0.12525868700768206,-0.007722616233254542
4554,0.1465113832482166,0.036199275311367685,0.029082047116165716
4555,0.15772829968833557,0.3143758112423256,-0.0030063291139240667
4556,0.14157575912420325,0.1475695487592381,0.12835820895522387
4557,0.15218772296008312,0.05420850446061354,-0.021651090342679147
4558,0.14498956913096606,0.11252224312369719,0.07356902356902356
4559,0.125311891903014,-0.25236070002011546,-0.02073265783320344
4560,0.12070327438914354,0.0815428400131466,0.1190932868352223
4561,0.13193117020146775,0.08964908978696773,0.049380677126341865
4562,0.13688752858178407,0.08495814055959461,0.19962997224791856
4563,0.14147947659810312,0.08175301235446641,0.10206540447504303
4564,0.1459230663337282,-0.042234841896545694,0.05144747725392884
4565,0.12169379186079213,0.09540414994926605,0.10656303972366149
4566,0.12331123475071952,0.06014540647719768,0.1076923076923077
4567,0.12516091543038552,-0.2658371568124662,-0.010534591194968551
4568,0.14657277399941132,-0.045705289861117326,0.056644518272425226
4569,0.14316198240964886,0.04185880913648099,0.09982817869415805
4570,0.1372110913364708,0.11436990526547697,0.16923076923076924
4571,0.1372110913364708,0.11436990526547697,0.16923076923076924
4572,0.13072348731027497,-0.2934432199846231,0.041181296144380625
4573,0.11943039358252515,0.06412480722626135,0.14012400354295834
4574,0.13155445695121382,-0.090296312366614,0.009432454036770566
4575,0.12604209377638387,0.08374454832658496,0.056644518272425226
4576,0.1410075830465259,0.11548398726191189,0.12835820895522387
4577,0.15769128139049263,0.027162441634863477,0.02609400324149108
4578,0.14041183667278287,0.07811041539710628,0.11109185441941072
4579,0.14041183667278287,0.07811041539710628,0.11109185441941072
4580,0.14509717065988822,0.02430413212077609,0.06399331662489555
4581,0.1291021247898288,-0.2187774916243134,0.03712183156173343
4582,0.12917011154406446,-0.27593929533784123,0.007501995211492418
4583,0.1535517635804785,-0.013485082883628818,0.020161290322580627
4584,0.155173851894095,0.16154873530371638,-0.010534591194968551
4585,0.1547898909264378,-0.019733736191105633,-0.013333333333333336
4586,0.14659534271281538,0.10458179647357313,0.05768911055694098
4587,0.13204663541109132,0.037080293768704364,0.07036104114189756
4588,0.1372110913364708,0.11436990526547697,0.16923076923076924
4589,0.147540621938683,0.016776322377776487,0.011369095276220959
4590,0.12567813774755765,-0.24374556314410906,-0.03346183500385505
4591,0.12541920595347258,0.05249392788065799,0.07464195450716088
4592,0.14540397550226777,0.08709812041860776,0.08003384094754651
4593,0.14041183667278287,0.07811041539710628,0.11109185441941072
4594,0.12302622318687831,-0.2378030534702561,-0.04679878048780489
4595,0.13240789598390493,-0.08454943519798114,0.10318690783807061
4596,0.15573834541667897,0.0898031017999047,0.005577689243027872
4597,0.13249035108955398,0.0253761644466739,0.05456053067993366
4598,0.1275671223840952,0.08099639192571484,0.052483443708609245
4599,0.1282085859209035,-0.16522870547926932,-0.027131782945736455
4600,0.13054966544514676,0.008035063636517736,0.059783513738551175
4601,0.1571791927269716,0.27688220748366155,0.006539074960127594
4602,0.1337064151464547,-0.10077632271724152,0.04220032840722496
4603,0.15113308220294142,0.0622308678323219,0.011369095276220959
4604,0.12740109666716146,-0.26168777921910524,-0.010534591194968551
4605,0.147540621938683,0.016776322377776487,0.011369095276220959
4606,0.14754015896124137,0.014774363626768261,0.010399999999999993
4607,0.14498956913096606,0.11252224312369719,0.07356902356902356
4608,0.14754015896124137,0.014774363626768261,0.010399999999999993
4609,0.1459230663337282,-0.042234841896545694,0.05144747725392884
4610,0.13116866253951692,-0.15670852610707203,0.05768911055694098
4611,0.1465113832482166,0.036199275311367685,0.029082047116165716
4612,0.13038780647594614,0.0078076029251860635,0.05768911055694098
4613,0.1515498936371022,-0.03246610186464777,0.011369095276220959
4614,0.12532679895363433,0.04616503711131881,0.09871244635193133
4615,0.1514964620992078,0.07554953840905698,-0.003952569169960479
4616,0.14653834079406475,0.03439467673990304,0.028084415584415573
4617,0.1489997543764016,-0.13721970821569823,0.060833333333333295
4618,0.12714503495110802,-0.27066201447916505,0.005577689243027872
4619,0.14754015896124137,0.014774363626768261,0.010399999999999993
4620,0.13371598540696517,0.18543194212035274,0.04629324546952224
4621,0.14227368635403864,0.05923350287843521,0.0953767123287671
4622,0.14041183667278287,0.07811041539710628,0.11109185441941072
4623,0.16323742303638392,-0.043665047846202454,-0.02073265783320344
4624,0.14041183667278287,0.07811041539710628,0.11109185441941072
4625,0.14348506208124281,0.07559916620062024,0.07356902356902356
4626,0.14680025916704564,-0.033500334980792135,0.04016393442622951
4627,0.1576085223948776,0.0830404278678234,-0.012401883830455263
4628,0.12740109666716146,-0.26168777921910524,-0.010534591194968551
4629,0.13238128181469025,-0.08170852610707202,0.10318690783807061
4630,0.14041183667278287,0.07811041539710628,0.11109185441941072
4631,0.16045513405725614,0.009637627739081833,-0.040613026819923376
4632,0.14754015896124137,0.014774363626768261,0.010399999999999993
4633,0.13088730339114701,0.01317099196521715,0.08111769686706183
4634,0.14348506208124281,0.07559916620062024,0.07356902356902356
4635,0.14735737118460188,-0.05045852610707202,0.03510204081632651
4636,0.1459230663337282,-0.042234841896545694,0.05144747725392884
4637,0.1315420022545421,-0.27521386418536387,0.028084415584415573
4638,0.14937248673922116,0.06211992577577319,-0.012401883830455263
4639,0.14844139823886787,0.2046333269280718,0.060833333333333295
4640,0.14726231383050248,-0.07050162955534789,0.03712183156173343
4641,0.12703455016305998,0.08934410547187532,0.05144747725392884
4642,0.16023315552176343,0.022630316868134603,-0.009598741148701823
4643,0.1307080469240903,0.017918339564569785,0.08438030560271648
4644,0.1253689481091375,0.04900575960721365,0.10094582975064487
4645,0.13706256299157493,0.09287825075243206,-0.009598741148701823
4646,0.13730888453285217,0.0872245282862334,-0.012401883830455263
4647,0.13399697478810318,0.02412771082672588,0.034094616639477965
4648,0.1459230663337282,-0.042234841896545694,0.05144747725392884
4649,0.15547224993342734,-0.006064749283037685,-0.017968750000000006
4650,0.15059533241551631,0.20562913623059031,0.05560165975103731
4651,0.13134896783952318,-0.08452807497925247,0.013311948676824364
4652,0.1514964620992078,0.07554953840905698,-0.003952569169960479
4653,0.15541968427006425,0.02521918473630147,-0.0030063291139240667
4654,0.12976031976238936,-0.24109514320744377,0.01623794212218649
4655,0.1459230663337282,-0.042234841896545694,0.05144747725392884
4656,0.12526251576525402,0.059611948670376,0.08656462585034014
4657,0.14647575959426884,0.16025053822041335,0.09205807002561911
4658,0.15102627976810146,0.03953207539668735,0.013311948676824364
4659,0.1250790546198163,-0.23555467995322588,-0.040613026819923376
4660,0.15472320372993928,0.17263510323655729,0.006539074960127594
4661,0.13387548775625904,0.05200227528665624,0.034094616639477965
4662,0.12817357784042957,-0.24331940476815989,-0.012401883830455263
4663,0.16045513405725614,0.009637627739081833,-0.040613026819923376
4664,0.15541968427006425,0.02521918473630147,-0.0030063291139240667
4665,0.12924437302426764,-0.224224449673951,0.06188490408673891
4666,0.16357087504307405,-0.008278032833529403,-0.027131782945736455
4667,0.13408739102881384,-0.14877201817056407,0.06293823038397328
4668,0.12610903443287155,0.12156623427631452,0.060833333333333295
4669,0.12748245141251233,0.1030582377413245,0.09316239316239316
4670,0.1314121468146889,-0.224708526107072,-0.0020585906571654877
4671,0.14754015896124137,0.014774363626768261,0.010399999999999993
4672,0.1372110913364708,0.11436990526547697,0.16923076923076924
4673,0.1550979367859417,-0.047617617016162905,-0.04942965779467681
4674,0.15086955332204852,0.20342219284717633,0.053521126760563364
4675,0.16364235972775126,-0.176708526107072,-0.06920777279521675
4676,0.15769128139049263,0.027162441634863477,0.02609400324149108
4677,0.13175977677169037,-0.10905227610707202,0.0036595067621320587
4678,0.14041183667278287,0.07811041539710628,0.11109185441941072
4679,0.13587954629257407,0.05659945868380245,0.010399999999999993
4680,0.1489984370764784,0.027787597923935703,0.005577689243027872
4681,0.1468062209443417,-0.031538458079861165,0.041181296144380625
4682,0.12979359197196105,-0.17716962120793656,0.09759862778730705
4683,0.13677781099403957,0.06667677456107945,0.22199248120300752
4684,0.1253689481091375,0.04900575960721365,0.10094582975064487
4685,0.13153852273660122,0.038676089277543346,0.07356902356902356
4686,0.15321385112573457,-0.18501041289952486,0.012339743589743574
4687,0.14514561254419786,-0.020176018367133952,0.0714285714285714
4688,0.14589153174851288,0.15823400262856013,0.09871244635193133
4689,0.15059533241551631,0.20562913623059031,0.05560165975103731
4690,0.14498956913096606,0.11252224312369719,0.07356902356902356
4691,0.14977506363018345,-0.011364396552416167,-0.004897314375987366
4692,0.1464698838108235,-0.062386759545557835,0.06505016722408025
4693,0.15081924018074577,0.11285669128423237,-0.02073265783320344
4694,0.12648410289988207,-0.22692129206451883,-0.016118935837245718
4695,0.15769128139049263,0.027162441634863477,0.02609400324149108
4696,0.1416788550949272,0.07219320799697426,0.09648671808054843
4697,0.14036655281165628,0.15806719948659553,0.13421516754850088
4698,0.15541968427006425,0.02521918473630147,-0.0030063291139240667
4699,0.15194435759659766,0.10054338228987458,0.009432454036770566
4700,0.12874565634380034,-0.273114776107072,0.0036595067621320587
4701,0.15141486357601566,-0.03246610186464777,0.011369095276220959
4702,0.1308026662364032,-0.20193145604337776,0.06188490408673891
4703,0.15769128139049263,0.027162441634863477,0.02609400324149108
4704,0.1527285567932644,-0.23101408166262757,0.03510204081632651
4705,0.14804737639126733,0.1393179639591532,0.049380677126341865
4706,0.12633730959476072,0.10538297716090184,0.053521126760563364
4707,0.1458083666027495,-0.1987899740708729,-0.02894736842105264
4708,0.14589153174851288,0.15823400262856013,0.09871244635193133
4709,0.14585994095283092,-0.09399666170029236,0.04220032840722496
4710,0.14754015896124137,0.014774363626768261,0.010399999999999993
4711,0.14719296357112416,0.003921395152770513,0.0017474185861794944
4712,0.14959493865436863,0.10883454505397672,0.014285714285714263
4713,0.15129555535481515,0.08383201443346855,0.006539074960127594
4714,0.14704272434732754,-0.01920852610707202,0.03510204081632651
4715,0.14599820916710884,-0.011195705594251482,0.059783513738551175
4716,0.12402833138615237,0.03343231896335053,0.10656303972366149
4717,0.15720196625183924,0.3079973562458691,0.002702702702702703
4718,0.14259527800442864,0.020130710950148678,0.12024432809773122
4719,0.16045513405725614,0.009637627739081833,-0.040613026819923376
4720,0.13302429540120964,0.11650019663436095,0.06929530201342282
4721,0.1372110913364708,0.11436990526547697,0.16923076923076924
4722,0.14041183667278287,0.07811041539710628,0.11109185441941072
4723,0.13287437801974353,-0.07277995467850057,0.08547153780798639
4724,0.14815308220111165,-0.03846953239638018,0.06610878661087866
4725,0.12374754737938853,0.04473239608312973,0.09759862778730705
4726,0.15744046407813686,0.08025645443767504,0.004617834394904458
4727,0.14533420564460042,0.05905078621384485,0.09982817869415805
4728,0.1342157201912337,-0.11360002170824507,0.0909556313993174
4729,0.154774409882752,0.2715523434581454,0.0231204527081649
4730,0.1535517635804785,-0.013485082883628818,0.020161290322580627
4731,0.12159747092559517,0.09231108173606528,0.10882352941176471
4732,0.14041183667278287,0.07811041539710628,0.11109185441941072
4733,0.15011501248327708,0.12349625204992454,0.04016393442622951
4734,0.1465113832482166,0.036199275311367685,0.029082047116165716
4735,0.1416788550949272,0.07219320799697426,0.09648671808054843
4736,0.13242742574023447,0.025492121142118906,0.056644518272425226
4737,0.1385270766756471,0.028366100758599633,-0.10282813633067442
4738,0.13340014263641345,-0.1453877713900909,0.06610878661087866
4739,0.14754015896124137,0.014774363626768261,0.010399999999999993
4740,0.154508662576948,0.14580193414397402,-0.012401883830455263
4741,0.14680025916704564,-0.033500334980792135,0.04016393442622951
4742,0.14754015896124137,0.014774363626768261,0.010399999999999993
4743,0.14754015896124137,0.014774363626768261,0.010399999999999993
4744,0.1386200417143472,0.09987346003611508,0.2009259259259259
4745,0.1372110913364708,0.11436990526547697,0.16923076923076924
4746,0.1405844920784604,0.0755043590469896,0.10882352941176471
4747,0.14754015896124137,0.014774363626768261,0.010399999999999993
4748,0.14909474740197887,-0.014941457833979654,-0.0030063291139240667
4749,0.12636692372601077,0.08250716016743775,0.053521126760563364
4750,0.14754015896124137,0.014774363626768261,0.010399999999999993
4751,0.1372110913364708,0.11436990526547697,0.16923076923076924
4752,0.1270896172746914,0.0417808998748011,0.08003384094754651
4753,0.15696595653372947,0.22668915729061134,0.006539074960127594
4754,0.12818469211952144,-0.2648717914131945,-0.006782334384858063
4755,0.14876691061886949,0.03787631143805431,0.024110032362459538
4756,0.14754015896124137,0.014774363626768261,0.010399999999999993
4757,0.14653834079406475,0.03439467673990304,0.028084415584415573
4758,0.13063614315575117,0.1396551102565643,0.022132471728594505
4759,0.14435178007996757,0.04483946150902707,0.0714285714285714
4760,0.14556458534094766,0.15211500330469263,0.08985507246376812
4761,0.13431973332865127,-0.09613160303014895,-0.040613026819923376
4762,0.14041183667278287,0.07811041539710628,0.11109185441941072
4763,0.14754015896124137,0.014774363626768261,0.010399999999999993
4764,0.1494704941867812,0.07686037848656757,0.03008130081300811
4765,0.15059533241551631,0.20562913623059031,0.05560165975103731
4766,0.1372110913364708,0.11436990526547697,0.16923076923076924
4767,0.12851771953551877,0.03864751104463077,0.0714285714285714
4768,0.14969513192952572,0.07520636750994925,-0.016118935837245718
4769,0.12753498660323795,-0.2609638452560082,-0.016118935837245718
4770,0.14041183667278287,0.07811041539710628,0.11109185441941072
4771,0.15999403681296165,0.006893006459977813,0.008466453674121382
4772,0.12740109666716146,-0.26168777921910524,-0.010534591194968551
4773,0.15157049921277077,-0.034655294167908524,0.010399999999999993
4774,0.14856705038437282,0.056804987406441465,0.08220338983050846
4775,0.1522698559556548,0.1866248072262613,0.04732069249793899
4776,0.14754015896124137,0.014774363626768261,0.010399999999999993
4777,0.14041183667278287,0.07811041539710628,0.11109185441941072
4778,0.14964595319156768,-0.015967785366331255,0.017216411906677387
4779,0.1535517635804785,-0.013485082883628818,0.020161290322580627
4780,0.1465113832482166,0.036199275311367685,0.029082047116165716
4781,0.13881276047342936,0.08514169415724515,-0.023483670295489895
4782,0.1372110913364708,0.11436990526547697,0.16923076923076924
4783,0.14674189000519328,-0.08809538742094064,0.021146085552865207
4784,0.1496716061282911,0.0732060038074579,-0.01704456606724003
4785,0.15541968427006425,0.02521918473630147,-0.0030063291139240667
4786,0.14719296357112416,0.003921395152770513,0.0017474185861794944
4787,0.1465113832482166,0.036199275311367685,0.029082047116165716
4788,0.12877163584582388,-0.20670852610707202,0.06823134953897736
4789,0.1372110913364708,0.11436990526547697,0.16923076923076924
4790,0.1478542227673223,0.06930303458656961,0.09648671808054843
4791,0.14047886519367297,0.03686473867441897,0.14608540925266905
4792,0.14041183667278287,0.07811041539710628,0.11109185441941072
4793,0.1372110913364708,0.11436990526547697,0.16923076923076924
4794,0.14187927846235557,0.1508183556133581,0.12602979842243645
4795,0.1335455780680411,-0.013446114759554317,0.029082047116165716
4796,0.14517130224874727,-0.02192591741141986,0.07036104114189756
4797,0.12604813944484497,0.08366414470038142,0.07036104114189756
4798,0.14229134114372705,0.06270894962108331,-0.04238714613618977
4799,0.12532679895363433,0.04616503711131881,0.09871244635193133
4800,0.12633550241245992,0.1128278977339876,0.049380677126341865
4801,0.13249035108955398,0.0253761644466739,0.05456053067993366
4802,0.1526462363277437,0.07341195582063886,-0.0030063291139240667
4803,0.14495273088501037,-0.09420852610707203,0.06823134953897736
4804,0.1372110913364708,0.11436990526547697,0.16923076923076924
4805,0.1272359840644777,-0.27138034077888673,0.006539074960127594
4806,0.12896043323016346,-0.2530721624707084,0.022132471728594505
4807,0.14957999608939188,0.07912765136733069,0.04016393442622951
4808,0.13628926089954904,-0.11757809132446334,-0.02073265783320344
4809,0.14006902061634194,0.06038549098694512,-0.01704456606724003
4810,0.1330107078058925,-0.2291223192105203,0.03712183156173343
4811,0.14227368635403864,0.05923350287843521,0.0953767123287671
4812,0.13937923432447905,-0.26316013901029783,-0.059834212509419754
4813,0.13364907056407496,0.05014078896142116,0.039148239148239145
4814,0.16487551800611217,0.0023078673355509394,-0.007722616233254542
4815,0.14653834079406475,0.03439467673990304,0.028084415584415573
4816,0.13242865484006808,-0.18451917699464598,0.08765957446808509
4817,0.13033081152715742,-0.2269350633239005,0.056644518272425226
4818,0.14421111605880563,0.03253878572088498,0.12602979842243645
4819,0.14823338922119728,0.05231674465105074,0.024110032362459538
4820,0.13002732190686273,-0.18982749716816527,0.05873544093178035
4821,0.13053389994944417,-0.27355834295688886,0.020161290322580627
4822,0.12742037666478476,0.08427508045030507,0.052483443708609245
4823,0.146555540186387,0.026807957409411498,0.020161290322580627
4824,0.1372110913364708,0.11436990526547697,0.16923076923076924
4825,0.12516251424283753,0.05808437330121197,0.08765957446808509
4826,0.1295703872337925,-0.2782698643970348,0.01623794212218649
4827,0.15485130111976927,0.033797803006852034,0.06399331662489555
4828,0.14867342777002196,-0.03224809445239574,0.025101214574898778
4829,0.12560424878744386,0.09075982832330776,0.06399331662489555
4830,0.14754015896124137,0.014774363626768261,0.010399999999999993
4831,0.1372110913364708,0.11436990526547697,0.16923076923076924
4832,0.1529918132287855,0.045236999184756765,0.004617834394904458
4833,0.14476528486490503,0.04171418682668193,0.06505016722408025
4834,0.14754015896124137,0.014774363626768261,0.010399999999999993
4835,0.15072747287788202,-0.09139487297054066,0.018196457326892096
4836,0.13511355703125477,-0.14206678155878544,0.06929530201342282
4837,0.14754015896124137,0.014774363626768261,0.010399999999999993
4838,0.13601429725855635,0.16924567236621046,0.009432454036770566
4839,0.15541968427006425,0.02521918473630147,-0.0030063291139240667
4840,0.15410376938014594,0.03882718817864228,-0.02622187742435997
4841,0.12530785642548553,0.06136376304955449,0.08111769686706183
4842,0.1372110913364708,0.11436990526547697,0.16923076923076924
4843,0.1465113832482166,0.036199275311367685,0.029082047116165716
4844,0.1497953505261382,0.08934410547187532,0.05144747725392884
4845,0.14041183667278287,0.07811041539710628,0.11109185441941072
4846,0.13510502607170563,-0.13996644465910824,-0.02894736842105264
4847,0.1460754064367802,0.0023078673355509394,0.052483443708609245
4848,0.1326933837058187,-0.11405118344972937,0.0330888345558272
4849,0.12806258917849697,-0.27039673903482864,0.010399999999999993
4850,0.1466109523547173,0.020112665945908104,0.049380677126341865
4851,0.14041183667278287,0.07811041539710628,0.11109185441941072
4852,0.1465113832482166,0.036199275311367685,0.029082047116165716
4853,0.14255823970208506,0.11115850990400833,0.11336805555555557
4854,0.15835803021816566,0.06053285320327284,-0.04503816793893131
4855,0.15273230181805558,-0.03601887093465822,0.03712183156173343
4856,0.12991562632031534,-0.0923017464460551,0.10543572044866262
4857,0.150934956751986,0.14329147389292796,0.03208469055374591
4858,0.1465113832482166,0.036199275311367685,0.029082047116165716
4859,0.14754015896124137,0.014774363626768261,0.010399999999999993
4860,0.15151960118715274,-0.025732095130641064,0.04424342105263157
4861,0.12753498660323795,-0.2609638452560082,-0.016118935837245718
4862,0.1275503986369646,-0.3084034413613093,-0.015191855912294439
4863,0.12551043241447185,0.0774529645761578,0.07036104114189756
4864,0.154774409882752,0.2715523434581454,0.0231204527081649
4865,0.12585911533207061,-0.25755598373419064,-0.015191855912294439
4866,0.14570672572794052,-0.2021630715616175,-0.02985305491105955
4867,0.1253059169822785,0.062465515190863075,0.0887563884156729
4868,0.1476295666806978,0.0014732920747461686,0.022132471728594505
4869,0.14754015896124137,0.014774363626768261,0.010399999999999993
4870,0.1339566885401056,-0.002163071561617491,0.05560165975103731
4871,0.1459230663337282,-0.042234841896545694,0.05144747725392884
4872,0.15011501248327708,0.12349625204992454,0.04016393442622951
4873,0.1331216218660275,-0.14041459639461196,0.060833333333333295
4874,0.14215728945124825,0.07205859718059926,0.11794425087108013
4875,0.1514964620992078,0.07554953840905698,-0.003952569169960479
4876,0.15776229587782756,0.025305862382136612,0.025101214574898778
4877,0.1496716061282911,0.0732060038074579,-0.01704456606724003
4878,0.1465113832482166,0.036199275311367685,0.029082047116165716
4879,0.14348506208124281,0.07559916620062024,0.07356902356902356
4880,0.1524645213730423,0.041330689579202495,0.002702702702702703
4881,0.14517130224874727,-0.02192591741141986,0.07036104114189756
4882,0.1372110913364708,0.11436990526547697,0.16923076923076924
4883,0.14444560295907594,0.09584402644548051,0.08220338983050846
4884,0.1484569171912785,-0.04862029081295438,0.0191780821917808
4885,0.13334192661873304,-0.11131378926496677,0.05144747725392884
4886,0.12864469680416848,0.059738842313980633,0.05144747725392884
4887,0.133244645004193,0.011822942424396521,0.0330888345558272
4888,0.1372110913364708,0.11436990526547697,0.16923076923076924
4889,0.14727976571231688,-0.01307216247070836,0.022132471728594505
4890,0.14476528486490503,0.04171418682668193,0.06505016722408025
4891,0.12770419741719058,-0.26179327186978385,-0.015191855912294439
4892,0.15264503352073228,-0.05604627445144289,0.049380677126341865
4893,0.12740109666716146,-0.26168777921910524,-0.010534591194968551
4894,0.13389454145489507,-0.07232414172268764,0.08220338983050846
4895,0.1465113832482166,0.036199275311367685,0.029082047116165716
4896,0.14041183667278287,0.07811041539710628,0.11109185441941072
4897,0.13140744606701885,0.02594131616422135,0.06505016722408025
4898,0.15059533241551631,0.20562913623059031,0.05560165975103731
4899,0.15414156829351905,0.16503060432771055,-0.02073265783320344
4900,0.13502403538038193,0.07875246680072945,0.029082047116165716
4901,0.13907015429031125,0.0408760149557299,0.17670609645131935
4902,0.12750099911013105,0.060319337670017736,0.0714285714285714
4903,0.15853632775481116,0.08985017834636932,-0.004897314375987366
4904,0.12417281336238425,0.03218036278181685,0.11222896790980053
4905,0.14754015896124137,0.014774363626768261,0.010399999999999993
4906,0.15541968427006425,0.02521918473630147,-0.0030063291139240667
4907,0.14119037815226618,0.13229670949502226,0.13775419982316534
4908,0.14517130224874727,-0.02192591741141986,0.07036104114189756
4909,0.14754015896124137,0.014774363626768261,0.010399999999999993
4910,0.1277665039540675,-0.2838690199342325,-0.008661417322834652
4911,0.12532679895363433,0.04616503711131881,0.09871244635193133
4912,0.1271417848806814,-0.2026762680425559,-0.003952569169960479
4913,0.12774291274756555,-0.26168777921910524,-0.010534591194968551
4914,0.15438332927134216,0.2744742695918527,0.02609400324149108
4915,0.15782658614330616,0.3134527642155086,-0.003952569169960479
4916,0.13926297050684663,0.0598009078551921,0.18934802571166204
4917,0.12744051973819592,-0.2608751927737387,-0.011468970934799705
4918,0.14339415004375852,0.12510965571110977,0.07895181741335588
4919,0.15275026391537394,0.18735927050309742,0.04220032840722496
4920,0.15266804488250088,0.13694226754372163,0.06293823038397328
4921,0.14824223403165745,-0.036645830182307104,0.06716917922948074
4922,0.13170089436103552,-0.21620219699314797,0.06399331662489555
4923,0.13215281313817134,0.0030985478479119144,0.05873544093178035
4924,0.15340808763561983,0.1034418498327776,0.013311948676824364
4925,0.12849982513110128,-0.19946214929547784,0.0231204527081649
4926,0.14817202324538278,-0.062443293132161626,0.02609400324149108
4927,0.12389449608280559,0.047639299979884475,0.0953767123287671
4928,0.15472320372993928,0.17263510323655729,0.006539074960127594
4929,0.16045513405725614,0.009637627739081833,-0.040613026819923376
4930,0.12848792335622888,-0.24916135629575126,0.012339743589743574
4931,0.1390942223813745,0.09912903734470457,0.1521000893655049
4932,0.1476295666806978,0.0014732920747461686,0.022132471728594505
4933,0.14572740507122747,-0.041783152972743653,0.08438030560271648
4934,0.15334875852538227,0.04756497816643224,-0.01704456606724003
4935,0.14157575912420325,0.1475695487592381,0.12835820895522387
4936,0.147540621938683,0.016776322377776487,0.011369095276220959
4937,0.15782658614330616,0.3134527642155086,-0.003952569169960479
4938,0.14743473185593717,0.01876317200613553,0.012339743589743574
4939,0.14487707252831183,0.04329147389292798,0.06399331662489555
4940,0.12874565634380034,-0.273114776107072,0.0036595067621320587
4941,0.1465113832482166,0.036199275311367685,0.029082047116165716
4942,0.14847218988272112,0.05826153377316745,0.08329092451229853
4943,0.147540621938683,0.016776322377776487,0.011369095276220959
4944,0.1490272851775831,0.021552343458145384,0.0007936507936507908
4945,0.13583495863239717,-0.13222475029586256,0.0887563884156729
4946,0.1459230663337282,-0.042234841896545694,0.05144747725392884
4947,0.1459230663337282,-0.042234841896545694,0.05144747725392884
4948,0.12798168049209926,-0.2639374417697226,-0.0030063291139240667
4949,0.14754015896124137,0.014774363626768261,0.010399999999999993
4950,0.1307482785098825,-0.0782224703301796,-0.0011093502377179099
